[debug] [2025-09-18T08:06:33.196Z] ----------------------------------------------------------------------
[debug] [2025-09-18T08:06:33.206Z] Command:       /nix/store/ws50yvm6vzlzf7jzz6n7xh4szddrack1-nodejs-20.19.1/bin/node /nix/store/wma3rvxxva78rqvnpja82nx5b3mclpxg-firebase-tools-14.15.2/lib/node_modules/firebase-tools/lib/bin/firebase.js emulators:start --project=demo-app --only=auth,firestore
[debug] [2025-09-18T08:06:33.211Z] CLI Version:   14.15.2
[debug] [2025-09-18T08:06:33.214Z] Platform:      linux
[debug] [2025-09-18T08:06:33.214Z] Node Version:  v20.19.1
[debug] [2025-09-18T08:06:33.215Z] Time:          Thu Sep 18 2025 08:06:33 GMT+0000 (Coordinated Universal Time)
[debug] [2025-09-18T08:06:33.216Z] ----------------------------------------------------------------------
[debug] 
[debug] [2025-09-18T08:06:33.225Z] >>> [apiv2][query] GET https://firebase-public.firebaseio.com/cli.json [none]
[debug] [2025-09-18T08:06:34.894Z] <<< [apiv2][status] GET https://firebase-public.firebaseio.com/cli.json 200
[debug] [2025-09-18T08:06:34.895Z] <<< [apiv2][body] GET https://firebase-public.firebaseio.com/cli.json {"cloudBuildErrorAfter":1594252800000,"cloudBuildWarnAfter":1590019200000,"defaultNode10After":1594252800000,"minVersion":"3.0.5","node8DeploysDisabledAfter":1613390400000,"node8RuntimeDisabledAfter":1615809600000,"node8WarnAfter":1600128000000}
[debug] [2025-09-18T08:06:35.492Z] openjdk version "21.0.7" 2025-04-15
OpenJDK Runtime Environment (build 21.0.7+6-nixos)
OpenJDK 64-Bit Server VM (build 21.0.7+6-nixos, mixed mode, sharing)

[debug] [2025-09-18T08:06:35.555Z] Parsed Java major version: 21
[info] i  emulators: Starting emulators: firestore {"metadata":{"emulator":{"name":"hub"},"message":"Starting emulators: firestore"}}
[info] i  emulators: Detected demo project ID "demo-app", emulated services will use a demo configuration and attempts to access non-emulated services for this project will fail. {"metadata":{"emulator":{"name":"hub"},"message":"Detected demo project ID \"demo-app\", emulated services will use a demo configuration and attempts to access non-emulated services for this project will fail."}}
[warn] ⚠  auth: Not starting the auth emulator, make sure you have run firebase init. {"metadata":{"emulator":{"name":"auth"},"message":"Not starting the auth emulator, make sure you have run firebase init."}}
[warn] ⚠  hub: Error when trying to check port 4400 on ::1: Error: listen EADDRNOTAVAIL: address not available ::1:4400 {"metadata":{"emulator":{"name":"hub"},"message":"Error when trying to check port 4400 on ::1: Error: listen EADDRNOTAVAIL: address not available ::1:4400"}}
[warn] ⚠  hub: Port 4400 is available on 127.0.0.1 but not ::1. This may cause issues with some clients. {"metadata":{"emulator":{"name":"hub"},"message":"Port 4400 is available on 127.0.0.1 but not ::1. This may cause issues with some clients."}}
[warn] ⚠  hub: If you encounter connectivity issues, consider switching to a different port or explicitly specifying "host": "<ip address>" instead of hostname in firebase.json {"metadata":{"emulator":{"name":"hub"},"message":"If you encounter connectivity issues, consider switching to a different port or explicitly specifying \"host\": \"<ip address>\" instead of hostname in firebase.json"}}
[warn] ⚠  ui: Error when trying to check port 4000 on ::1: Error: listen EADDRNOTAVAIL: address not available ::1:4000 {"metadata":{"emulator":{"name":"ui"},"message":"Error when trying to check port 4000 on ::1: Error: listen EADDRNOTAVAIL: address not available ::1:4000"}}
[warn] ⚠  ui: Port 4000 is available on 127.0.0.1 but not ::1. This may cause issues with some clients. {"metadata":{"emulator":{"name":"ui"},"message":"Port 4000 is available on 127.0.0.1 but not ::1. This may cause issues with some clients."}}
[warn] ⚠  ui: If you encounter connectivity issues, consider switching to a different port or explicitly specifying "host": "<ip address>" instead of hostname in firebase.json {"metadata":{"emulator":{"name":"ui"},"message":"If you encounter connectivity issues, consider switching to a different port or explicitly specifying \"host\": \"<ip address>\" instead of hostname in firebase.json"}}
[warn] ⚠  logging: Error when trying to check port 4500 on ::1: Error: listen EADDRNOTAVAIL: address not available ::1:4500 {"metadata":{"emulator":{"name":"logging"},"message":"Error when trying to check port 4500 on ::1: Error: listen EADDRNOTAVAIL: address not available ::1:4500"}}
[warn] ⚠  logging: Port 4500 is available on 127.0.0.1 but not ::1. This may cause issues with some clients. {"metadata":{"emulator":{"name":"logging"},"message":"Port 4500 is available on 127.0.0.1 but not ::1. This may cause issues with some clients."}}
[warn] ⚠  logging: If you encounter connectivity issues, consider switching to a different port or explicitly specifying "host": "<ip address>" instead of hostname in firebase.json {"metadata":{"emulator":{"name":"logging"},"message":"If you encounter connectivity issues, consider switching to a different port or explicitly specifying \"host\": \"<ip address>\" instead of hostname in firebase.json"}}
[warn] ⚠  firestore: Error when trying to check port 8080 on ::1: Error: listen EADDRNOTAVAIL: address not available ::1:8080 {"metadata":{"emulator":{"name":"firestore"},"message":"Error when trying to check port 8080 on ::1: Error: listen EADDRNOTAVAIL: address not available ::1:8080"}}
[warn] ⚠  firestore: Port 8080 is available on 127.0.0.1 but not ::1. This may cause issues with some clients. {"metadata":{"emulator":{"name":"firestore"},"message":"Port 8080 is available on 127.0.0.1 but not ::1. This may cause issues with some clients."}}
[warn] ⚠  firestore: If you encounter connectivity issues, consider switching to a different port or explicitly specifying "host": "<ip address>" instead of hostname in firebase.json {"metadata":{"emulator":{"name":"firestore"},"message":"If you encounter connectivity issues, consider switching to a different port or explicitly specifying \"host\": \"<ip address>\" instead of hostname in firebase.json"}}
[warn] ⚠  firestore.websocket: Error when trying to check port 9150 on ::1: Error: listen EADDRNOTAVAIL: address not available ::1:9150 {"metadata":{"emulator":{"name":"firestore"},"message":"Error when trying to check port 9150 on ::1: Error: listen EADDRNOTAVAIL: address not available ::1:9150"}}
[warn] ⚠  firestore: Port 9150 is available on 127.0.0.1 but not ::1. This may cause issues with some clients. {"metadata":{"emulator":{"name":"firestore"},"message":"Port 9150 is available on 127.0.0.1 but not ::1. This may cause issues with some clients."}}
[warn] ⚠  firestore: If you encounter connectivity issues, consider switching to a different port or explicitly specifying "host": "<ip address>" instead of hostname in firebase.json {"metadata":{"emulator":{"name":"firestore"},"message":"If you encounter connectivity issues, consider switching to a different port or explicitly specifying \"host\": \"<ip address>\" instead of hostname in firebase.json"}}
[debug] [2025-09-18T08:06:35.615Z] assigned listening specs for emulators {"user":{"hub":[{"address":"127.0.0.1","family":"IPv4","port":4400}],"ui":[{"address":"127.0.0.1","family":"IPv4","port":4000}],"logging":[{"address":"127.0.0.1","family":"IPv4","port":4500}],"firestore":[{"address":"127.0.0.1","family":"IPv4","port":8080}],"firestore.websocket":[{"address":"127.0.0.1","family":"IPv4","port":9150}]},"metadata":{"message":"assigned listening specs for emulators"}}
[debug] [2025-09-18T08:06:35.631Z] [hub] writing locator at /tmp/hub-demo-app.json
[debug] [2025-09-18T08:06:35.674Z] Ignoring unsupported arg: auto_download {"metadata":{"emulator":{"name":"firestore"},"message":"Ignoring unsupported arg: auto_download"}}
[debug] [2025-09-18T08:06:35.674Z] Ignoring unsupported arg: single_project_mode_error {"metadata":{"emulator":{"name":"firestore"},"message":"Ignoring unsupported arg: single_project_mode_error"}}
[debug] [2025-09-18T08:06:35.675Z] Starting Firestore Emulator with command {"binary":"java","args":["-Dgoogle.cloud_firestore.debug_log_level=FINE","-Duser.language=en","-jar","/nix/store/3laqb760jgfb1kqsqz3g7mjnk41l8iwg-emulators/cloud-firestore-emulator-v1.19.8.jar","--host","127.0.0.1","--port",8080,"--websocket_port",9150,"--project_id","demo-app","--rules","/home/user/studio/firestore.rules","--single_project_mode",true],"optionalArgs":["port","webchannel_port","host","rules","websocket_port","functions_emulator","seed_from_export","project_id","single_project_mode"],"joinArgs":false,"shell":false,"port":8080} {"metadata":{"emulator":{"name":"firestore"},"message":"Starting Firestore Emulator with command {\"binary\":\"java\",\"args\":[\"-Dgoogle.cloud_firestore.debug_log_level=FINE\",\"-Duser.language=en\",\"-jar\",\"/nix/store/3laqb760jgfb1kqsqz3g7mjnk41l8iwg-emulators/cloud-firestore-emulator-v1.19.8.jar\",\"--host\",\"127.0.0.1\",\"--port\",8080,\"--websocket_port\",9150,\"--project_id\",\"demo-app\",\"--rules\",\"/home/user/studio/firestore.rules\",\"--single_project_mode\",true],\"optionalArgs\":[\"port\",\"webchannel_port\",\"host\",\"rules\",\"websocket_port\",\"functions_emulator\",\"seed_from_export\",\"project_id\",\"single_project_mode\"],\"joinArgs\":false,\"shell\":false,\"port\":8080}"}}
[info] i  firestore: Firestore Emulator logging to firestore-debug.log {"metadata":{"emulator":{"name":"firestore"},"message":"Firestore Emulator logging to firestore-debug.log"}}
[debug] [2025-09-18T08:06:42.065Z] Sep 18, 2025 8:06:41 AM com.google.cloud.datastore.emulator.firestore.websocket.WebSocketServer start
INFO: Started WebSocket server on ws://127.0.0.1:9150
 {"metadata":{"emulator":{"name":"firestore"},"message":"Sep 18, 2025 8:06:41 AM com.google.cloud.datastore.emulator.firestore.websocket.WebSocketServer start\nINFO: Started WebSocket server on ws://127.0.0.1:9150\n"}}
[debug] [2025-09-18T08:06:42.226Z] API endpoint: http://127.0.0.1:8080
If you are using a library that supports the FIRESTORE_EMULATOR_HOST environment variable, run:

   export FIRESTORE_EMULATOR_HOST=127.0.0.1:8080

If you are running a Firestore in Datastore Mode project, run:

   export DATASTORE_EMULATOR_HOST=127.0.0.1:8080

Note: Support for Datastore Mode is in preview. If you encounter any bugs please file at https://github.com/firebase/firebase-tools/issues.
Dev App Server is now running.

 {"metadata":{"emulator":{"name":"firestore"},"message":"API endpoint: http://127.0.0.1:8080\nIf you are using a library that supports the FIRESTORE_EMULATOR_HOST environment variable, run:\n\n   export FIRESTORE_EMULATOR_HOST=127.0.0.1:8080\n\nIf you are running a Firestore in Datastore Mode project, run:\n\n   export DATASTORE_EMULATOR_HOST=127.0.0.1:8080\n\nNote: Support for Datastore Mode is in preview. If you encounter any bugs please file at https://github.com/firebase/firebase-tools/issues.\nDev App Server is now running.\n\n"}}
[info] ✔  firestore: Firestore Emulator UI websocket is running on 9150. {"metadata":{"emulator":{"name":"firestore"},"message":"Firestore Emulator UI websocket is running on 9150."}}
[debug] [2025-09-18T08:06:42.401Z] Could not find VSCode notification endpoint: FetchError: request to http://localhost:40001/vscode/notify failed, reason: connect ECONNREFUSED 127.0.0.1:40001. If you are not running the Firebase Data Connect VSCode extension, this is expected and not an issue.
[info] 
┌─────────────────────────────────────────────────────────────┐
│ ✔  All emulators ready! It is now safe to connect your app. │
│ i  View Emulator UI at http://127.0.0.1:4000/               │
└─────────────────────────────────────────────────────────────┘

┌───────────┬────────────────┬─────────────────────────────────┐
│ Emulator  │ Host:Port      │ View in Emulator UI             │
├───────────┼────────────────┼─────────────────────────────────┤
│ Firestore │ 127.0.0.1:8080 │ http://127.0.0.1:4000/firestore │
└───────────┴────────────────┴─────────────────────────────────┘
  Emulator Hub host: 127.0.0.1 port: 4400
  Other reserved ports: 4500, 9150

Issues? Report them at https://github.com/firebase/firebase-tools/issues and attach the *-debug.log files.
 
[debug] [2025-09-18T08:38:40.789Z] Sep 18, 2025 8:38:40 AM com.google.cloud.datastore.emulator.firestore.websocket.WebSocketChannelHandler initChannel
INFO: Connected to new websocket client
 {"metadata":{"emulator":{"name":"firestore"},"message":"Sep 18, 2025 8:38:40 AM com.google.cloud.datastore.emulator.firestore.websocket.WebSocketChannelHandler initChannel\nINFO: Connected to new websocket client\n"}}
[debug] [2025-09-18T08:38:40.882Z] Sep 18, 2025 8:38:40 AM io.gapi.emulators.netty.HttpVersionRoutingHandler channelRead
INFO: Detected non-HTTP/2 connection.
 {"metadata":{"emulator":{"name":"firestore"},"message":"Sep 18, 2025 8:38:40 AM io.gapi.emulators.netty.HttpVersionRoutingHandler channelRead\nINFO: Detected non-HTTP/2 connection.\n"}}
[debug] [2025-09-18T08:38:41.286Z] Sep 18, 2025 8:38:41 AM io.grpc.netty.NettyServerTransport notifyTerminated
INFO: Transport failed
io.netty.handler.codec.http2.Http2Exception: Unexpected HTTP/1.x request: GET / 
	at io.netty.handler.codec.http2.Http2Exception.connectionError(Http2Exception.java:107)
	at io.netty.handler.codec.http2.Http2ConnectionHandler$PrefaceDecoder.readClientPrefaceString(Http2ConnectionHandler.java:315)
	at io.netty.handler.codec.http2.Http2ConnectionHandler$PrefaceDecoder.decode(Http2ConnectionHandler.java:245)
	at io.netty.handler.codec.http2.Http2ConnectionHandler.decode(Http2ConnectionHandler.java:451)
	at io.netty.handler.codec.ByteToMessageDecoder.decodeRemovalReentryProtection(ByteToMessageDecoder.java:530)
	at io.netty.handler.codec.ByteToMessageDecoder.callDecode(ByteToMessageDecoder.java:469)
	at io.netty.handler.codec.ByteToMessageDecoder.channelRead(ByteToMessageDecoder.java:290)
	at io.netty.channel.AbstractChannelHandlerContext.invokeChannelRead(AbstractChannelHandlerContext.java:444)
	at io.netty.channel.AbstractChannelHandlerContext.invokeChannelRead(AbstractChannelHandlerContext.java:420)
	at io.netty.channel.AbstractChannelHandlerContext.fireChannelRead(AbstractChannelHandlerContext.java:412)
	at io.netty.channel.DefaultChannelPipeline$HeadContext.channelRead(DefaultChannelPipeline.java:1407)
	at io.netty.channel.AbstractChannelHandlerContext.invokeChannelRead(AbstractChannelHandlerContext.java:440)
	at io.netty.channel.AbstractChannelHandlerContext.invokeChannelRead(AbstractChannelHandlerContext.java:420)
	at io.netty.channel.DefaultChannelPipeline.fireChannelRead(DefaultChannelPipeline.java:918)
	at io.netty.channel.nio.AbstractNioByteChannel$NioByteUnsafe.read(AbstractNioByteChannel.java:166)
	at io.netty.channel.nio.NioEventLoop.processSelectedKey(NioEventLoop.java:788)
	at io.netty.channel.nio.NioEventLoop.processSelectedKeysOptimized(NioEventLoop.java:724)
	at io.netty.channel.nio.NioEventLoop.processSelectedKeys(NioEventLoop.java:650)
	at io.netty.channel.nio.NioEventLoop.run(NioEventLoop.java:562)
	at io.netty.util.concurrent.SingleThreadEventExecutor$4.run(SingleThreadEventExecutor.java:994)
	at io.netty.util.internal.ThreadExecutorMap$2.run(ThreadExecutorMap.java:74)
	at io.netty.util.concurrent.FastThreadLocalRunnable.run(FastThreadLocalRunnable.java:30)
	at java.base/java.lang.Thread.run(Thread.java:1583)

 {"metadata":{"emulator":{"name":"firestore"},"message":"Sep 18, 2025 8:38:41 AM io.grpc.netty.NettyServerTransport notifyTerminated\nINFO: Transport failed\nio.netty.handler.codec.http2.Http2Exception: Unexpected HTTP/1.x request: GET / \n\tat io.netty.handler.codec.http2.Http2Exception.connectionError(Http2Exception.java:107)\n\tat io.netty.handler.codec.http2.Http2ConnectionHandler$PrefaceDecoder.readClientPrefaceString(Http2ConnectionHandler.java:315)\n\tat io.netty.handler.codec.http2.Http2ConnectionHandler$PrefaceDecoder.decode(Http2ConnectionHandler.java:245)\n\tat io.netty.handler.codec.http2.Http2ConnectionHandler.decode(Http2ConnectionHandler.java:451)\n\tat io.netty.handler.codec.ByteToMessageDecoder.decodeRemovalReentryProtection(ByteToMessageDecoder.java:530)\n\tat io.netty.handler.codec.ByteToMessageDecoder.callDecode(ByteToMessageDecoder.java:469)\n\tat io.netty.handler.codec.ByteToMessageDecoder.channelRead(ByteToMessageDecoder.java:290)\n\tat io.netty.channel.AbstractChannelHandlerContext.invokeChannelRead(AbstractChannelHandlerContext.java:444)\n\tat io.netty.channel.AbstractChannelHandlerContext.invokeChannelRead(AbstractChannelHandlerContext.java:420)\n\tat io.netty.channel.AbstractChannelHandlerContext.fireChannelRead(AbstractChannelHandlerContext.java:412)\n\tat io.netty.channel.DefaultChannelPipeline$HeadContext.channelRead(DefaultChannelPipeline.java:1407)\n\tat io.netty.channel.AbstractChannelHandlerContext.invokeChannelRead(AbstractChannelHandlerContext.java:440)\n\tat io.netty.channel.AbstractChannelHandlerContext.invokeChannelRead(AbstractChannelHandlerContext.java:420)\n\tat io.netty.channel.DefaultChannelPipeline.fireChannelRead(DefaultChannelPipeline.java:918)\n\tat io.netty.channel.nio.AbstractNioByteChannel$NioByteUnsafe.read(AbstractNioByteChannel.java:166)\n\tat io.netty.channel.nio.NioEventLoop.processSelectedKey(NioEventLoop.java:788)\n\tat io.netty.channel.nio.NioEventLoop.processSelectedKeysOptimized(NioEventLoop.java:724)\n\tat io.netty.channel.nio.NioEventLoop.processSelectedKeys(NioEventLoop.java:650)\n\tat io.netty.channel.nio.NioEventLoop.run(NioEventLoop.java:562)\n\tat io.netty.util.concurrent.SingleThreadEventExecutor$4.run(SingleThreadEventExecutor.java:994)\n\tat io.netty.util.internal.ThreadExecutorMap$2.run(ThreadExecutorMap.java:74)\n\tat io.netty.util.concurrent.FastThreadLocalRunnable.run(FastThreadLocalRunnable.java:30)\n\tat java.base/java.lang.Thread.run(Thread.java:1583)\n\n"}}
[debug] [2025-09-18T08:38:41.510Z] Sep 18, 2025 8:38:41 AM io.grpc.netty.NettyServerTransport notifyTerminated
INFO: Transport failed
io.netty.handler.codec.http2.Http2Exception: HTTP/2 client preface string missing or corrupt. Hex dump for received bytes: 16030105a8010005a403034e7ad21556e50334baa03cb0e8
	at io.netty.handler.codec.http2.Http2Exception.connectionError(Http2Exception.java:107)
	at io.netty.handler.codec.http2.Http2ConnectionHandler$PrefaceDecoder.readClientPrefaceString(Http2ConnectionHandler.java:319)
	at io.netty.handler.codec.http2.Http2ConnectionHandler$PrefaceDecoder.decode(Http2ConnectionHandler.java:245)
	at io.netty.handler.codec.http2.Http2ConnectionHandler.decode(Http2ConnectionHandler.java:451)
	at io.netty.handler.codec.ByteToMessageDecoder.decodeRemovalReentryProtection(ByteToMessageDecoder.java:530)
	at io.netty.handler.codec.ByteToMessageDecoder.callDecode(ByteToMessageDecoder.java:469)
	at io.netty.handler.codec.ByteToMessageDecoder.channelRead(ByteToMessageDecoder.java:290)
	at io.netty.channel.AbstractChannelHandlerContext.invokeChannelRead(AbstractChannelHandlerContext.java:444)
	at io.netty.channel.AbstractChannelHandlerContext.invokeChannelRead(AbstractChannelHandlerContext.java:420)
	at io.netty.channel.AbstractChannelHandlerContext.fireChannelRead(AbstractChannelHandlerContext.java:412)
	at io.netty.channel.DefaultChannelPipeline$HeadContext.channelRead(DefaultChannelPipeline.java:1407)
	at io.netty.channel.AbstractChannelHandlerContext.invokeChannelRead(AbstractChannelHandlerContext.java:440)
	at io.netty.channel.AbstractChannelHandlerContext.invokeChannelRead(AbstractChannelHandlerContext.java:420)
	at io.netty.channel.DefaultChannelPipeline.fireChannelRead(DefaultChannelPipeline.java:918)
	at io.netty.channel.nio.AbstractNioByteChannel$NioByteUnsafe.read(AbstractNioByteChannel.java:166)
	at io.netty.channel.nio.NioEventLoop.processSelectedKey(NioEventLoop.java:788)
	at io.netty.channel.nio.NioEventLoop.processSelectedKeysOptimized(NioEventLoop.java:724)
	at io.netty.channel.nio.NioEventLoop.processSelectedKeys(NioEventLoop.java:650)
	at io.netty.channel.nio.NioEventLoop.run(NioEventLoop.java:562)
	at io.netty.util.concurrent.SingleThreadEventExecutor$4.run(SingleThreadEventExecutor.java:994)
	at io.netty.util.internal.ThreadExecutorMap$2.run(ThreadExecutorMap.java:74)
	at io.netty.util.concurrent.FastThreadLocalRunnable.run(FastThreadLocalRunnable.java:30)
	at java.base/java.lang.Thread.run(Thread.java:1583)

 {"metadata":{"emulator":{"name":"firestore"},"message":"Sep 18, 2025 8:38:41 AM io.grpc.netty.NettyServerTransport notifyTerminated\nINFO: Transport failed\nio.netty.handler.codec.http2.Http2Exception: HTTP/2 client preface string missing or corrupt. Hex dump for received bytes: 16030105a8010005a403034e7ad21556e50334baa03cb0e8\n\tat io.netty.handler.codec.http2.Http2Exception.connectionError(Http2Exception.java:107)\n\tat io.netty.handler.codec.http2.Http2ConnectionHandler$PrefaceDecoder.readClientPrefaceString(Http2ConnectionHandler.java:319)\n\tat io.netty.handler.codec.http2.Http2ConnectionHandler$PrefaceDecoder.decode(Http2ConnectionHandler.java:245)\n\tat io.netty.handler.codec.http2.Http2ConnectionHandler.decode(Http2ConnectionHandler.java:451)\n\tat io.netty.handler.codec.ByteToMessageDecoder.decodeRemovalReentryProtection(ByteToMessageDecoder.java:530)\n\tat io.netty.handler.codec.ByteToMessageDecoder.callDecode(ByteToMessageDecoder.java:469)\n\tat io.netty.handler.codec.ByteToMessageDecoder.channelRead(ByteToMessageDecoder.java:290)\n\tat io.netty.channel.AbstractChannelHandlerContext.invokeChannelRead(AbstractChannelHandlerContext.java:444)\n\tat io.netty.channel.AbstractChannelHandlerContext.invokeChannelRead(AbstractChannelHandlerContext.java:420)\n\tat io.netty.channel.AbstractChannelHandlerContext.fireChannelRead(AbstractChannelHandlerContext.java:412)\n\tat io.netty.channel.DefaultChannelPipeline$HeadContext.channelRead(DefaultChannelPipeline.java:1407)\n\tat io.netty.channel.AbstractChannelHandlerContext.invokeChannelRead(AbstractChannelHandlerContext.java:440)\n\tat io.netty.channel.AbstractChannelHandlerContext.invokeChannelRead(AbstractChannelHandlerContext.java:420)\n\tat io.netty.channel.DefaultChannelPipeline.fireChannelRead(DefaultChannelPipeline.java:918)\n\tat io.netty.channel.nio.AbstractNioByteChannel$NioByteUnsafe.read(AbstractNioByteChannel.java:166)\n\tat io.netty.channel.nio.NioEventLoop.processSelectedKey(NioEventLoop.java:788)\n\tat io.netty.channel.nio.NioEventLoop.processSelectedKeysOptimized(NioEventLoop.java:724)\n\tat io.netty.channel.nio.NioEventLoop.processSelectedKeys(NioEventLoop.java:650)\n\tat io.netty.channel.nio.NioEventLoop.run(NioEventLoop.java:562)\n\tat io.netty.util.concurrent.SingleThreadEventExecutor$4.run(SingleThreadEventExecutor.java:994)\n\tat io.netty.util.internal.ThreadExecutorMap$2.run(ThreadExecutorMap.java:74)\n\tat io.netty.util.concurrent.FastThreadLocalRunnable.run(FastThreadLocalRunnable.java:30)\n\tat java.base/java.lang.Thread.run(Thread.java:1583)\n\n"}}
[debug] [2025-09-18T08:38:42.987Z] Sep 18, 2025 8:38:42 AM com.google.cloud.datastore.emulator.firestore.websocket.WebSocketChannelHandler initChannel
INFO: Connected to new websocket client
 {"metadata":{"emulator":{"name":"firestore"},"message":"Sep 18, 2025 8:38:42 AM com.google.cloud.datastore.emulator.firestore.websocket.WebSocketChannelHandler initChannel\nINFO: Connected to new websocket client\n"}}
[debug] [2025-09-18T10:02:20.633Z] Sep 18, 2025 10:02:20 AM com.google.cloud.datastore.emulator.firestore.websocket.WebSocketChannelHandler channelClosed
INFO: Websocket client disconnected
 {"metadata":{"emulator":{"name":"firestore"},"message":"Sep 18, 2025 10:02:20 AM com.google.cloud.datastore.emulator.firestore.websocket.WebSocketChannelHandler channelClosed\nINFO: Websocket client disconnected\n"}}
[debug] [2025-09-18T10:24:38.206Z] Sep 18, 2025 10:24:38 AM com.google.cloud.datastore.emulator.firestore.websocket.WebSocketChannelHandler initChannel
INFO: Connected to new websocket client
 {"metadata":{"emulator":{"name":"firestore"},"message":"Sep 18, 2025 10:24:38 AM com.google.cloud.datastore.emulator.firestore.websocket.WebSocketChannelHandler initChannel\nINFO: Connected to new websocket client\n"}}
[debug] [2025-09-18T10:24:38.305Z] Sep 18, 2025 10:24:38 AM io.gapi.emulators.netty.HttpVersionRoutingHandler channelRead
INFO: Detected non-HTTP/2 connection.
 {"metadata":{"emulator":{"name":"firestore"},"message":"Sep 18, 2025 10:24:38 AM io.gapi.emulators.netty.HttpVersionRoutingHandler channelRead\nINFO: Detected non-HTTP/2 connection.\n"}}
[debug] [2025-09-18T10:24:38.419Z] Sep 18, 2025 10:24:38 AM io.grpc.netty.NettyServerTransport notifyTerminated
INFO: Transport failed
io.netty.handler.codec.http2.Http2Exception: Unexpected HTTP/1.x request: GET / 
	at io.netty.handler.codec.http2.Http2Exception.connectionError(Http2Exception.java:107)
	at io.netty.handler.codec.http2.Http2ConnectionHandler$PrefaceDecoder.readClientPrefaceString(Http2ConnectionHandler.java:315)
	at io.netty.handler.codec.http2.Http2ConnectionHandler$PrefaceDecoder.decode(Http2ConnectionHandler.java:245)
	at io.netty.handler.codec.http2.Http2ConnectionHandler.decode(Http2ConnectionHandler.java:451)
	at io.netty.handler.codec.ByteToMessageDecoder.decodeRemovalReentryProtection(ByteToMessageDecoder.java:530)
	at io.netty.handler.codec.ByteToMessageDecoder.callDecode(ByteToMessageDecoder.java:469)
	at io.netty.handler.codec.ByteToMessageDecoder.channelRead(ByteToMessageDecoder.java:290)
	at io.netty.channel.AbstractChannelHandlerContext.invokeChannelRead(AbstractChannelHandlerContext.java:444)
	at io.netty.channel.AbstractChannelHandlerContext.invokeChannelRead(AbstractChannelHandlerContext.java:420)
	at io.netty.channel.AbstractChannelHandlerContext.fireChannelRead(AbstractChannelHandlerContext.java:412)
	at io.netty.channel.DefaultChannelPipeline$HeadContext.channelRead(DefaultChannelPipeline.java:1407)
	at io.netty.channel.AbstractChannelHandlerContext.invokeChannelRead(AbstractChannelHandlerContext.java:440)
	at io.netty.channel.AbstractChannelHandlerContext.invokeChannelRead(AbstractChannelHandlerContext.java:420)
	at io.netty.channel.DefaultChannelPipeline.fireChannelRead(DefaultChannelPipeline.java:918)
	at io.netty.channel.nio.AbstractNioByteChannel$NioByteUnsafe.read(AbstractNioByteChannel.java:166)
	at io.netty.channel.nio.NioEventLoop.processSelectedKey(NioEventLoop.java:788)
	at io.netty.channel.nio.NioEventLoop.processSelectedKeysOptimized(NioEventLoop.java:724)
	at io.netty.channel.nio.NioEventLoop.processSelectedKeys(NioEventLoop.java:650)
	at io.netty.channel.nio.NioEventLoop.run(NioEventLoop.java:562)
	at io.netty.util.concurrent.SingleThreadEventExecutor$4.run(SingleThreadEventExecutor.java:994)
	at io.netty.util.internal.ThreadExecutorMap$2.run(ThreadExecutorMap.java:74)
	at io.netty.util.concurrent.FastThreadLocalRunnable.run(FastThreadLocalRunnable.java:30)
	at java.base/java.lang.Thread.run(Thread.java:1583)

 {"metadata":{"emulator":{"name":"firestore"},"message":"Sep 18, 2025 10:24:38 AM io.grpc.netty.NettyServerTransport notifyTerminated\nINFO: Transport failed\nio.netty.handler.codec.http2.Http2Exception: Unexpected HTTP/1.x request: GET / \n\tat io.netty.handler.codec.http2.Http2Exception.connectionError(Http2Exception.java:107)\n\tat io.netty.handler.codec.http2.Http2ConnectionHandler$PrefaceDecoder.readClientPrefaceString(Http2ConnectionHandler.java:315)\n\tat io.netty.handler.codec.http2.Http2ConnectionHandler$PrefaceDecoder.decode(Http2ConnectionHandler.java:245)\n\tat io.netty.handler.codec.http2.Http2ConnectionHandler.decode(Http2ConnectionHandler.java:451)\n\tat io.netty.handler.codec.ByteToMessageDecoder.decodeRemovalReentryProtection(ByteToMessageDecoder.java:530)\n\tat io.netty.handler.codec.ByteToMessageDecoder.callDecode(ByteToMessageDecoder.java:469)\n\tat io.netty.handler.codec.ByteToMessageDecoder.channelRead(ByteToMessageDecoder.java:290)\n\tat io.netty.channel.AbstractChannelHandlerContext.invokeChannelRead(AbstractChannelHandlerContext.java:444)\n\tat io.netty.channel.AbstractChannelHandlerContext.invokeChannelRead(AbstractChannelHandlerContext.java:420)\n\tat io.netty.channel.AbstractChannelHandlerContext.fireChannelRead(AbstractChannelHandlerContext.java:412)\n\tat io.netty.channel.DefaultChannelPipeline$HeadContext.channelRead(DefaultChannelPipeline.java:1407)\n\tat io.netty.channel.AbstractChannelHandlerContext.invokeChannelRead(AbstractChannelHandlerContext.java:440)\n\tat io.netty.channel.AbstractChannelHandlerContext.invokeChannelRead(AbstractChannelHandlerContext.java:420)\n\tat io.netty.channel.DefaultChannelPipeline.fireChannelRead(DefaultChannelPipeline.java:918)\n\tat io.netty.channel.nio.AbstractNioByteChannel$NioByteUnsafe.read(AbstractNioByteChannel.java:166)\n\tat io.netty.channel.nio.NioEventLoop.processSelectedKey(NioEventLoop.java:788)\n\tat io.netty.channel.nio.NioEventLoop.processSelectedKeysOptimized(NioEventLoop.java:724)\n\tat io.netty.channel.nio.NioEventLoop.processSelectedKeys(NioEventLoop.java:650)\n\tat io.netty.channel.nio.NioEventLoop.run(NioEventLoop.java:562)\n\tat io.netty.util.concurrent.SingleThreadEventExecutor$4.run(SingleThreadEventExecutor.java:994)\n\tat io.netty.util.internal.ThreadExecutorMap$2.run(ThreadExecutorMap.java:74)\n\tat io.netty.util.concurrent.FastThreadLocalRunnable.run(FastThreadLocalRunnable.java:30)\n\tat java.base/java.lang.Thread.run(Thread.java:1583)\n\n"}}
[debug] [2025-09-18T10:24:38.517Z] Sep 18, 2025 10:24:38 AM io.grpc.netty.NettyServerTransport notifyTerminated
INFO: Transport failed
io.netty.handler.codec.http2.Http2Exception: HTTP/2 client preface string missing or corrupt. Hex dump for received bytes: 16030105a8010005a4030349d9ce9a0bccabea79830b7687
	at io.netty.handler.codec.http2.Http2Exception.connectionError(Http2Exception.java:107)
	at io.netty.handler.codec.http2.Http2ConnectionHandler$PrefaceDecoder.readClientPrefaceString(Http2ConnectionHandler.java:319)
	at io.netty.handler.codec.http2.Http2ConnectionHandler$PrefaceDecoder.decode(Http2ConnectionHandler.java:245)
	at io.netty.handler.codec.http2.Http2ConnectionHandler.decode(Http2ConnectionHandler.java:451)
	at io.netty.handler.codec.ByteToMessageDecoder.decodeRemovalReentryProtection(ByteToMessageDecoder.java:530)
	at io.netty.handler.codec.ByteToMessageDecoder.callDecode(ByteToMessageDecoder.java:469)
	at io.netty.handler.codec.ByteToMessageDecoder.channelRead(ByteToMessageDecoder.java:290)
	at io.netty.channel.AbstractChannelHandlerContext.invokeChannelRead(AbstractChannelHandlerContext.java:444)
	at io.netty.channel.AbstractChannelHandlerContext.invokeChannelRead(AbstractChannelHandlerContext.java:420)
	at io.netty.channel.AbstractChannelHandlerContext.fireChannelRead(AbstractChannelHandlerContext.java:412)
	at io.netty.channel.DefaultChannelPipeline$HeadContext.channelRead(DefaultChannelPipeline.java:1407)
	at io.netty.channel.AbstractChannelHandlerContext.invokeChannelRead(AbstractChannelHandlerContext.java:440)
	at io.netty.channel.AbstractChannelHandlerContext.invokeChannelRead(AbstractChannelHandlerContext.java:420)
	at io.netty.channel.DefaultChannelPipeline.fireChannelRead(DefaultChannelPipeline.java:918)
	at io.netty.channel.nio.AbstractNioByteChannel$NioByteUnsafe.read(AbstractNioByteChannel.java:166)
	at io.netty.channel.nio.NioEventLoop.processSelectedKey(NioEventLoop.java:788)
	at io.netty.channel.nio.NioEventLoop.processSelectedKeysOptimized(NioEventLoop.java:724)
	at io.netty.channel.nio.NioEventLoop.processSelectedKeys(NioEventLoop.java:650)
	at io.netty.channel.nio.NioEventLoop.run(NioEventLoop.java:562)
	at io.netty.util.concurrent.SingleThreadEventExecutor$4.run(SingleThreadEventExecutor.java:994)
	at io.netty.util.internal.ThreadExecutorMap$2.run(ThreadExecutorMap.java:74)
	at io.netty.util.concurrent.FastThreadLocalRunnable.run(FastThreadLocalRunnable.java:30)
	at java.base/java.lang.Thread.run(Thread.java:1583)

 {"metadata":{"emulator":{"name":"firestore"},"message":"Sep 18, 2025 10:24:38 AM io.grpc.netty.NettyServerTransport notifyTerminated\nINFO: Transport failed\nio.netty.handler.codec.http2.Http2Exception: HTTP/2 client preface string missing or corrupt. Hex dump for received bytes: 16030105a8010005a4030349d9ce9a0bccabea79830b7687\n\tat io.netty.handler.codec.http2.Http2Exception.connectionError(Http2Exception.java:107)\n\tat io.netty.handler.codec.http2.Http2ConnectionHandler$PrefaceDecoder.readClientPrefaceString(Http2ConnectionHandler.java:319)\n\tat io.netty.handler.codec.http2.Http2ConnectionHandler$PrefaceDecoder.decode(Http2ConnectionHandler.java:245)\n\tat io.netty.handler.codec.http2.Http2ConnectionHandler.decode(Http2ConnectionHandler.java:451)\n\tat io.netty.handler.codec.ByteToMessageDecoder.decodeRemovalReentryProtection(ByteToMessageDecoder.java:530)\n\tat io.netty.handler.codec.ByteToMessageDecoder.callDecode(ByteToMessageDecoder.java:469)\n\tat io.netty.handler.codec.ByteToMessageDecoder.channelRead(ByteToMessageDecoder.java:290)\n\tat io.netty.channel.AbstractChannelHandlerContext.invokeChannelRead(AbstractChannelHandlerContext.java:444)\n\tat io.netty.channel.AbstractChannelHandlerContext.invokeChannelRead(AbstractChannelHandlerContext.java:420)\n\tat io.netty.channel.AbstractChannelHandlerContext.fireChannelRead(AbstractChannelHandlerContext.java:412)\n\tat io.netty.channel.DefaultChannelPipeline$HeadContext.channelRead(DefaultChannelPipeline.java:1407)\n\tat io.netty.channel.AbstractChannelHandlerContext.invokeChannelRead(AbstractChannelHandlerContext.java:440)\n\tat io.netty.channel.AbstractChannelHandlerContext.invokeChannelRead(AbstractChannelHandlerContext.java:420)\n\tat io.netty.channel.DefaultChannelPipeline.fireChannelRead(DefaultChannelPipeline.java:918)\n\tat io.netty.channel.nio.AbstractNioByteChannel$NioByteUnsafe.read(AbstractNioByteChannel.java:166)\n\tat io.netty.channel.nio.NioEventLoop.processSelectedKey(NioEventLoop.java:788)\n\tat io.netty.channel.nio.NioEventLoop.processSelectedKeysOptimized(NioEventLoop.java:724)\n\tat io.netty.channel.nio.NioEventLoop.processSelectedKeys(NioEventLoop.java:650)\n\tat io.netty.channel.nio.NioEventLoop.run(NioEventLoop.java:562)\n\tat io.netty.util.concurrent.SingleThreadEventExecutor$4.run(SingleThreadEventExecutor.java:994)\n\tat io.netty.util.internal.ThreadExecutorMap$2.run(ThreadExecutorMap.java:74)\n\tat io.netty.util.concurrent.FastThreadLocalRunnable.run(FastThreadLocalRunnable.java:30)\n\tat java.base/java.lang.Thread.run(Thread.java:1583)\n\n"}}
[debug] [2025-09-18T10:24:41.793Z] Sep 18, 2025 10:24:41 AM com.google.cloud.datastore.emulator.firestore.websocket.WebSocketChannelHandler initChannel
INFO: Connected to new websocket client
 {"metadata":{"emulator":{"name":"firestore"},"message":"Sep 18, 2025 10:24:41 AM com.google.cloud.datastore.emulator.firestore.websocket.WebSocketChannelHandler initChannel\nINFO: Connected to new websocket client\n"}}
[debug] [2025-09-18T11:00:11.169Z] Sep 18, 2025 11:00:11 AM com.google.cloud.datastore.emulator.firestore.websocket.WebSocketChannelHandler channelClosed
INFO: Websocket client disconnected
 {"metadata":{"emulator":{"name":"firestore"},"message":"Sep 18, 2025 11:00:11 AM com.google.cloud.datastore.emulator.firestore.websocket.WebSocketChannelHandler channelClosed\nINFO: Websocket client disconnected\n"}}
[debug] [2025-09-18T14:14:00.653Z] ----------------------------------------------------------------------
[debug] [2025-09-18T14:14:00.661Z] Command:       /nix/store/ws50yvm6vzlzf7jzz6n7xh4szddrack1-nodejs-20.19.1/bin/node /nix/store/wma3rvxxva78rqvnpja82nx5b3mclpxg-firebase-tools-14.15.2/lib/node_modules/firebase-tools/lib/bin/firebase.js emulators:start --project=demo-app --only=auth,firestore
[debug] [2025-09-18T14:14:00.663Z] CLI Version:   14.15.2
[debug] [2025-09-18T14:14:00.664Z] Platform:      linux
[debug] [2025-09-18T14:14:00.664Z] Node Version:  v20.19.1
[debug] [2025-09-18T14:14:00.664Z] Time:          Thu Sep 18 2025 14:14:00 GMT+0000 (Coordinated Universal Time)
[debug] [2025-09-18T14:14:00.664Z] ----------------------------------------------------------------------
[debug] 
[debug] [2025-09-18T14:14:02.081Z] openjdk version "21.0.7" 2025-04-15

[debug] [2025-09-18T14:14:02.085Z] OpenJDK Runtime Environment (build 21.0.7+6-nixos)
OpenJDK 64-Bit Server VM (build 21.0.7+6-nixos, mixed mode, sharing)

[debug] [2025-09-18T14:14:02.126Z] Parsed Java major version: 21
[info] i  emulators: Starting emulators: firestore {"metadata":{"emulator":{"name":"hub"},"message":"Starting emulators: firestore"}}
[info] i  emulators: Detected demo project ID "demo-app", emulated services will use a demo configuration and attempts to access non-emulated services for this project will fail. {"metadata":{"emulator":{"name":"hub"},"message":"Detected demo project ID \"demo-app\", emulated services will use a demo configuration and attempts to access non-emulated services for this project will fail."}}
[warn] ⚠  auth: Not starting the auth emulator, make sure you have run firebase init. {"metadata":{"emulator":{"name":"auth"},"message":"Not starting the auth emulator, make sure you have run firebase init."}}
[warn] ⚠  hub: Error when trying to check port 4400 on ::1: Error: listen EADDRNOTAVAIL: address not available ::1:4400 {"metadata":{"emulator":{"name":"hub"},"message":"Error when trying to check port 4400 on ::1: Error: listen EADDRNOTAVAIL: address not available ::1:4400"}}
[warn] ⚠  hub: Port 4400 is available on 127.0.0.1 but not ::1. This may cause issues with some clients. {"metadata":{"emulator":{"name":"hub"},"message":"Port 4400 is available on 127.0.0.1 but not ::1. This may cause issues with some clients."}}
[warn] ⚠  hub: If you encounter connectivity issues, consider switching to a different port or explicitly specifying "host": "<ip address>" instead of hostname in firebase.json {"metadata":{"emulator":{"name":"hub"},"message":"If you encounter connectivity issues, consider switching to a different port or explicitly specifying \"host\": \"<ip address>\" instead of hostname in firebase.json"}}
[warn] ⚠  ui: Error when trying to check port 4000 on ::1: Error: listen EADDRNOTAVAIL: address not available ::1:4000 {"metadata":{"emulator":{"name":"ui"},"message":"Error when trying to check port 4000 on ::1: Error: listen EADDRNOTAVAIL: address not available ::1:4000"}}
[warn] ⚠  ui: Port 4000 is available on 127.0.0.1 but not ::1. This may cause issues with some clients. {"metadata":{"emulator":{"name":"ui"},"message":"Port 4000 is available on 127.0.0.1 but not ::1. This may cause issues with some clients."}}
[warn] ⚠  ui: If you encounter connectivity issues, consider switching to a different port or explicitly specifying "host": "<ip address>" instead of hostname in firebase.json {"metadata":{"emulator":{"name":"ui"},"message":"If you encounter connectivity issues, consider switching to a different port or explicitly specifying \"host\": \"<ip address>\" instead of hostname in firebase.json"}}
[warn] ⚠  logging: Error when trying to check port 4500 on ::1: Error: listen EADDRNOTAVAIL: address not available ::1:4500 {"metadata":{"emulator":{"name":"logging"},"message":"Error when trying to check port 4500 on ::1: Error: listen EADDRNOTAVAIL: address not available ::1:4500"}}
[warn] ⚠  logging: Port 4500 is available on 127.0.0.1 but not ::1. This may cause issues with some clients. {"metadata":{"emulator":{"name":"logging"},"message":"Port 4500 is available on 127.0.0.1 but not ::1. This may cause issues with some clients."}}
[warn] ⚠  logging: If you encounter connectivity issues, consider switching to a different port or explicitly specifying "host": "<ip address>" instead of hostname in firebase.json {"metadata":{"emulator":{"name":"logging"},"message":"If you encounter connectivity issues, consider switching to a different port or explicitly specifying \"host\": \"<ip address>\" instead of hostname in firebase.json"}}
[warn] ⚠  firestore: Error when trying to check port 8080 on ::1: Error: listen EADDRNOTAVAIL: address not available ::1:8080 {"metadata":{"emulator":{"name":"firestore"},"message":"Error when trying to check port 8080 on ::1: Error: listen EADDRNOTAVAIL: address not available ::1:8080"}}
[warn] ⚠  firestore: Port 8080 is available on 127.0.0.1 but not ::1. This may cause issues with some clients. {"metadata":{"emulator":{"name":"firestore"},"message":"Port 8080 is available on 127.0.0.1 but not ::1. This may cause issues with some clients."}}
[warn] ⚠  firestore: If you encounter connectivity issues, consider switching to a different port or explicitly specifying "host": "<ip address>" instead of hostname in firebase.json {"metadata":{"emulator":{"name":"firestore"},"message":"If you encounter connectivity issues, consider switching to a different port or explicitly specifying \"host\": \"<ip address>\" instead of hostname in firebase.json"}}
[warn] ⚠  firestore.websocket: Error when trying to check port 9150 on ::1: Error: listen EADDRNOTAVAIL: address not available ::1:9150 {"metadata":{"emulator":{"name":"firestore"},"message":"Error when trying to check port 9150 on ::1: Error: listen EADDRNOTAVAIL: address not available ::1:9150"}}
[warn] ⚠  firestore: Port 9150 is available on 127.0.0.1 but not ::1. This may cause issues with some clients. {"metadata":{"emulator":{"name":"firestore"},"message":"Port 9150 is available on 127.0.0.1 but not ::1. This may cause issues with some clients."}}
[warn] ⚠  firestore: If you encounter connectivity issues, consider switching to a different port or explicitly specifying "host": "<ip address>" instead of hostname in firebase.json {"metadata":{"emulator":{"name":"firestore"},"message":"If you encounter connectivity issues, consider switching to a different port or explicitly specifying \"host\": \"<ip address>\" instead of hostname in firebase.json"}}
[debug] [2025-09-18T14:14:02.154Z] assigned listening specs for emulators {"user":{"hub":[{"address":"127.0.0.1","family":"IPv4","port":4400}],"ui":[{"address":"127.0.0.1","family":"IPv4","port":4000}],"logging":[{"address":"127.0.0.1","family":"IPv4","port":4500}],"firestore":[{"address":"127.0.0.1","family":"IPv4","port":8080}],"firestore.websocket":[{"address":"127.0.0.1","family":"IPv4","port":9150}]},"metadata":{"message":"assigned listening specs for emulators"}}
[debug] [2025-09-18T14:14:02.159Z] [hub] writing locator at /tmp/hub-demo-app.json
[debug] [2025-09-18T14:14:02.180Z] Ignoring unsupported arg: auto_download {"metadata":{"emulator":{"name":"firestore"},"message":"Ignoring unsupported arg: auto_download"}}
[debug] [2025-09-18T14:14:02.180Z] Ignoring unsupported arg: single_project_mode_error {"metadata":{"emulator":{"name":"firestore"},"message":"Ignoring unsupported arg: single_project_mode_error"}}
[debug] [2025-09-18T14:14:02.181Z] Starting Firestore Emulator with command {"binary":"java","args":["-Dgoogle.cloud_firestore.debug_log_level=FINE","-Duser.language=en","-jar","/nix/store/3laqb760jgfb1kqsqz3g7mjnk41l8iwg-emulators/cloud-firestore-emulator-v1.19.8.jar","--host","127.0.0.1","--port",8080,"--websocket_port",9150,"--project_id","demo-app","--rules","/home/user/studio/firestore.rules","--single_project_mode",true],"optionalArgs":["port","webchannel_port","host","rules","websocket_port","functions_emulator","seed_from_export","project_id","single_project_mode"],"joinArgs":false,"shell":false,"port":8080} {"metadata":{"emulator":{"name":"firestore"},"message":"Starting Firestore Emulator with command {\"binary\":\"java\",\"args\":[\"-Dgoogle.cloud_firestore.debug_log_level=FINE\",\"-Duser.language=en\",\"-jar\",\"/nix/store/3laqb760jgfb1kqsqz3g7mjnk41l8iwg-emulators/cloud-firestore-emulator-v1.19.8.jar\",\"--host\",\"127.0.0.1\",\"--port\",8080,\"--websocket_port\",9150,\"--project_id\",\"demo-app\",\"--rules\",\"/home/user/studio/firestore.rules\",\"--single_project_mode\",true],\"optionalArgs\":[\"port\",\"webchannel_port\",\"host\",\"rules\",\"websocket_port\",\"functions_emulator\",\"seed_from_export\",\"project_id\",\"single_project_mode\"],\"joinArgs\":false,\"shell\":false,\"port\":8080}"}}
[info] i  firestore: Firestore Emulator logging to firestore-debug.log {"metadata":{"emulator":{"name":"firestore"},"message":"Firestore Emulator logging to firestore-debug.log"}}
[debug] [2025-09-18T14:14:07.008Z] Sep 18, 2025 2:14:06 PM com.google.cloud.datastore.emulator.firestore.websocket.WebSocketServer start
INFO: Started WebSocket server on ws://127.0.0.1:9150
 {"metadata":{"emulator":{"name":"firestore"},"message":"Sep 18, 2025 2:14:06 PM com.google.cloud.datastore.emulator.firestore.websocket.WebSocketServer start\nINFO: Started WebSocket server on ws://127.0.0.1:9150\n"}}
[debug] [2025-09-18T14:14:07.174Z] API endpoint: http:// {"metadata":{"emulator":{"name":"firestore"},"message":"API endpoint: http://"}}
[debug] [2025-09-18T14:14:07.178Z] 127.0.0.1:8080
If you are using a library that supports the FIRESTORE_EMULATOR_HOST environment variable, run:

   export FIRESTORE_EMULATOR_HOST=127.0.0.1:8080

If you are running a Firestore in Datastore Mode project, run:

   export DATASTORE_EMULATOR_HOST=127.0.0.1:8080

Note: Support for Datastore Mode is in preview. If you encounter any bugs please file at https://github.com/firebase/firebase-tools/issues.
Dev App Server is now running.

 {"metadata":{"emulator":{"name":"firestore"},"message":"127.0.0.1:8080\nIf you are using a library that supports the FIRESTORE_EMULATOR_HOST environment variable, run:\n\n   export FIRESTORE_EMULATOR_HOST=127.0.0.1:8080\n\nIf you are running a Firestore in Datastore Mode project, run:\n\n   export DATASTORE_EMULATOR_HOST=127.0.0.1:8080\n\nNote: Support for Datastore Mode is in preview. If you encounter any bugs please file at https://github.com/firebase/firebase-tools/issues.\nDev App Server is now running.\n\n"}}
[info] ✔  firestore: Firestore Emulator UI websocket is running on 9150. {"metadata":{"emulator":{"name":"firestore"},"message":"Firestore Emulator UI websocket is running on 9150."}}
[debug] [2025-09-18T14:14:07.413Z] Could not find VSCode notification endpoint: FetchError: request to http://localhost:40001/vscode/notify failed, reason: connect ECONNREFUSED 127.0.0.1:40001. If you are not running the Firebase Data Connect VSCode extension, this is expected and not an issue.
[info] 
┌─────────────────────────────────────────────────────────────┐
│ ✔  All emulators ready! It is now safe to connect your app. │
│ i  View Emulator UI at http://127.0.0.1:4000/               │
└─────────────────────────────────────────────────────────────┘

┌───────────┬────────────────┬─────────────────────────────────┐
│ Emulator  │ Host:Port      │ View in Emulator UI             │
├───────────┼────────────────┼─────────────────────────────────┤
│ Firestore │ 127.0.0.1:8080 │ http://127.0.0.1:4000/firestore │
└───────────┴────────────────┴─────────────────────────────────┘
  Emulator Hub host: 127.0.0.1 port: 4400
  Other reserved ports: 4500, 9150

Issues? Report them at https://github.com/firebase/firebase-tools/issues and attach the *-debug.log files.
 
[debug] [2025-09-18T14:20:53.898Z] Sep 18, 2025 2:20:53 PM io.gapi.emulators.netty.HttpVersionRoutingHandler channelRead
INFO: Detected non-HTTP/2 connection.
 {"metadata":{"emulator":{"name":"firestore"},"message":"Sep 18, 2025 2:20:53 PM io.gapi.emulators.netty.HttpVersionRoutingHandler channelRead\nINFO: Detected non-HTTP/2 connection.\n"}}
[debug] [2025-09-18T14:20:53.998Z] Sep 18, 2025 2:20:53 PM com.google.cloud.datastore.emulator.firestore.websocket.WebSocketChannelHandler initChannel
INFO: Connected to new websocket client
 {"metadata":{"emulator":{"name":"firestore"},"message":"Sep 18, 2025 2:20:53 PM com.google.cloud.datastore.emulator.firestore.websocket.WebSocketChannelHandler initChannel\nINFO: Connected to new websocket client\n"}}
[debug] [2025-09-18T14:20:54.936Z] Sep 18, 2025 2:20:54 PM io.grpc.netty.NettyServerTransport notifyTerminated
INFO: Transport failed
io.netty.handler.codec.http2.Http2Exception: Unexpected HTTP/1.x request: GET / 
	at io.netty.handler.codec.http2.Http2Exception.connectionError(Http2Exception.java:107)
	at io.netty.handler.codec.http2.Http2ConnectionHandler$PrefaceDecoder.readClientPrefaceString(Http2ConnectionHandler.java:315)
	at io.netty.handler.codec.http2.Http2ConnectionHandler$PrefaceDecoder.decode(Http2ConnectionHandler.java:245)
	at io.netty.handler.codec.http2.Http2ConnectionHandler.decode(Http2ConnectionHandler.java:451)
	at io.netty.handler.codec.ByteToMessageDecoder.decodeRemovalReentryProtection(ByteToMessageDecoder.java:530)
	at io.netty.handler.codec.ByteToMessageDecoder.callDecode(ByteToMessageDecoder.java:469)
	at io.netty.handler.codec.ByteToMessageDecoder.channelRead(ByteToMessageDecoder.java:290)
	at io.netty.channel.AbstractChannelHandlerContext.invokeChannelRead(AbstractChannelHandlerContext.java:444)
	at io.netty.channel.AbstractChannelHandlerContext.invokeChannelRead(AbstractChannelHandlerContext.java:420)
	at io.netty.channel.AbstractChannelHandlerContext.fireChannelRead(AbstractChannelHandlerContext.java:412)
	at io.netty.channel.DefaultChannelPipeline$HeadContext.channelRead(DefaultChannelPipeline.java:1407)
	at io.netty.channel.AbstractChannelHandlerContext.invokeChannelRead(AbstractChannelHandlerContext.java:440)
	at io.netty.channel.AbstractChannelHandlerContext.invokeChannelRead(AbstractChannelHandlerContext.java:420)
	at io.netty.channel.DefaultChannelPipeline.fireChannelRead(DefaultChannelPipeline.java:918)
	at io.netty.channel.nio.AbstractNioByteChannel$NioByteUnsafe.read(AbstractNioByteChannel.java:166)
	at io.netty.channel.nio.NioEventLoop.processSelectedKey(NioEventLoop.java:788)
	at io.netty.channel.nio.NioEventLoop.processSelectedKeysOptimized(NioEventLoop.java:724)
	at io.netty.channel.nio.NioEventLoop.processSelectedKeys(NioEventLoop.java:650)
	at io.netty.channel.nio.NioEventLoop.run(NioEventLoop.java:562)
	at io.netty.util.concurrent.SingleThreadEventExecutor$4.run(SingleThreadEventExecutor.java:994)
	at io.netty.util.internal.ThreadExecutorMap$2.run(ThreadExecutorMap.java:74)
	at io.netty.util.concurrent.FastThreadLocalRunnable.run(FastThreadLocalRunnable.java:30)
	at java.base/java.lang.Thread.run(Thread.java:1583)

 {"metadata":{"emulator":{"name":"firestore"},"message":"Sep 18, 2025 2:20:54 PM io.grpc.netty.NettyServerTransport notifyTerminated\nINFO: Transport failed\nio.netty.handler.codec.http2.Http2Exception: Unexpected HTTP/1.x request: GET / \n\tat io.netty.handler.codec.http2.Http2Exception.connectionError(Http2Exception.java:107)\n\tat io.netty.handler.codec.http2.Http2ConnectionHandler$PrefaceDecoder.readClientPrefaceString(Http2ConnectionHandler.java:315)\n\tat io.netty.handler.codec.http2.Http2ConnectionHandler$PrefaceDecoder.decode(Http2ConnectionHandler.java:245)\n\tat io.netty.handler.codec.http2.Http2ConnectionHandler.decode(Http2ConnectionHandler.java:451)\n\tat io.netty.handler.codec.ByteToMessageDecoder.decodeRemovalReentryProtection(ByteToMessageDecoder.java:530)\n\tat io.netty.handler.codec.ByteToMessageDecoder.callDecode(ByteToMessageDecoder.java:469)\n\tat io.netty.handler.codec.ByteToMessageDecoder.channelRead(ByteToMessageDecoder.java:290)\n\tat io.netty.channel.AbstractChannelHandlerContext.invokeChannelRead(AbstractChannelHandlerContext.java:444)\n\tat io.netty.channel.AbstractChannelHandlerContext.invokeChannelRead(AbstractChannelHandlerContext.java:420)\n\tat io.netty.channel.AbstractChannelHandlerContext.fireChannelRead(AbstractChannelHandlerContext.java:412)\n\tat io.netty.channel.DefaultChannelPipeline$HeadContext.channelRead(DefaultChannelPipeline.java:1407)\n\tat io.netty.channel.AbstractChannelHandlerContext.invokeChannelRead(AbstractChannelHandlerContext.java:440)\n\tat io.netty.channel.AbstractChannelHandlerContext.invokeChannelRead(AbstractChannelHandlerContext.java:420)\n\tat io.netty.channel.DefaultChannelPipeline.fireChannelRead(DefaultChannelPipeline.java:918)\n\tat io.netty.channel.nio.AbstractNioByteChannel$NioByteUnsafe.read(AbstractNioByteChannel.java:166)\n\tat io.netty.channel.nio.NioEventLoop.processSelectedKey(NioEventLoop.java:788)\n\tat io.netty.channel.nio.NioEventLoop.processSelectedKeysOptimized(NioEventLoop.java:724)\n\tat io.netty.channel.nio.NioEventLoop.processSelectedKeys(NioEventLoop.java:650)\n\tat io.netty.channel.nio.NioEventLoop.run(NioEventLoop.java:562)\n\tat io.netty.util.concurrent.SingleThreadEventExecutor$4.run(SingleThreadEventExecutor.java:994)\n\tat io.netty.util.internal.ThreadExecutorMap$2.run(ThreadExecutorMap.java:74)\n\tat io.netty.util.concurrent.FastThreadLocalRunnable.run(FastThreadLocalRunnable.java:30)\n\tat java.base/java.lang.Thread.run(Thread.java:1583)\n\n"}}
[debug] [2025-09-18T14:20:55.149Z] Sep 18, 2025 2:20:55 PM io.grpc.netty.NettyServerTransport notifyTerminated
INFO: Transport failed
io.netty.handler.codec.http2.Http2Exception: HTTP/2 client preface string missing or corrupt. Hex dump for received bytes: 16030105a8010005a40303cce3460b4e22cbed46c93b5dd5
	at io.netty.handler.codec.http2.Http2Exception.connectionError(Http2Exception.java:107)
	at io.netty.handler.codec.http2.Http2ConnectionHandler$PrefaceDecoder.readClientPrefaceString(Http2ConnectionHandler.java:319)
	at io.netty.handler.codec.http2.Http2ConnectionHandler$PrefaceDecoder.decode(Http2ConnectionHandler.java:245)
	at io.netty.handler.codec.http2.Http2ConnectionHandler.decode(Http2ConnectionHandler.java:451)
	at io.netty.handler.codec.ByteToMessageDecoder.decodeRemovalReentryProtection(ByteToMessageDecoder.java:530)
	at io.netty.handler.codec.ByteToMessageDecoder.callDecode(ByteToMessageDecoder.java:469)
	at io.netty.handler.codec.ByteToMessageDecoder.channelRead(ByteToMessageDecoder.java:290)
	at io.netty.channel.AbstractChannelHandlerContext.invokeChannelRead(AbstractChannelHandlerContext.java:444)
	at io.netty.channel.AbstractChannelHandlerContext.invokeChannelRead(AbstractChannelHandlerContext.java:420)
	at io.netty.channel.AbstractChannelHandlerContext.fireChannelRead(AbstractChannelHandlerContext.java:412)
	at io.netty.channel.DefaultChannelPipeline$HeadContext.channelRead(DefaultChannelPipeline.java:1407)
	at io.netty.channel.AbstractChannelHandlerContext.invokeChannelRead(AbstractChannelHandlerContext.java:440)
	at io.netty.channel.AbstractChannelHandlerContext.invokeChannelRead(AbstractChannelHandlerContext.java:420)
	at io.netty.channel.DefaultChannelPipeline.fireChannelRead(DefaultChannelPipeline.java:918)
	at io.netty.channel.nio.AbstractNioByteChannel$NioByteUnsafe.read(AbstractNioByteChannel.java:166)
	at io.netty.channel.nio.NioEventLoop.processSelectedKey(NioEventLoop.java:788)
	at io.netty.channel.nio.NioEventLoop.processSelectedKeysOptimized(NioEventLoop.java:724)
	at io.netty.channel.nio.NioEventLoop.processSelectedKeys(NioEventLoop.java:650)
	at io.netty.channel.nio.NioEventLoop.run(NioEventLoop.java:562)
	at io.netty.util.concurrent.SingleThreadEventExecutor$4.run(SingleThreadEventExecutor.java:994)
	at io.netty.util.internal.ThreadExecutorMap$2.run(ThreadExecutorMap.java:74)
	at io.netty.util.concurrent.FastThreadLocalRunnable.run(FastThreadLocalRunnable.java:30)
	at java.base/java.lang.Thread.run(Thread.java:1583)

 {"metadata":{"emulator":{"name":"firestore"},"message":"Sep 18, 2025 2:20:55 PM io.grpc.netty.NettyServerTransport notifyTerminated\nINFO: Transport failed\nio.netty.handler.codec.http2.Http2Exception: HTTP/2 client preface string missing or corrupt. Hex dump for received bytes: 16030105a8010005a40303cce3460b4e22cbed46c93b5dd5\n\tat io.netty.handler.codec.http2.Http2Exception.connectionError(Http2Exception.java:107)\n\tat io.netty.handler.codec.http2.Http2ConnectionHandler$PrefaceDecoder.readClientPrefaceString(Http2ConnectionHandler.java:319)\n\tat io.netty.handler.codec.http2.Http2ConnectionHandler$PrefaceDecoder.decode(Http2ConnectionHandler.java:245)\n\tat io.netty.handler.codec.http2.Http2ConnectionHandler.decode(Http2ConnectionHandler.java:451)\n\tat io.netty.handler.codec.ByteToMessageDecoder.decodeRemovalReentryProtection(ByteToMessageDecoder.java:530)\n\tat io.netty.handler.codec.ByteToMessageDecoder.callDecode(ByteToMessageDecoder.java:469)\n\tat io.netty.handler.codec.ByteToMessageDecoder.channelRead(ByteToMessageDecoder.java:290)\n\tat io.netty.channel.AbstractChannelHandlerContext.invokeChannelRead(AbstractChannelHandlerContext.java:444)\n\tat io.netty.channel.AbstractChannelHandlerContext.invokeChannelRead(AbstractChannelHandlerContext.java:420)\n\tat io.netty.channel.AbstractChannelHandlerContext.fireChannelRead(AbstractChannelHandlerContext.java:412)\n\tat io.netty.channel.DefaultChannelPipeline$HeadContext.channelRead(DefaultChannelPipeline.java:1407)\n\tat io.netty.channel.AbstractChannelHandlerContext.invokeChannelRead(AbstractChannelHandlerContext.java:440)\n\tat io.netty.channel.AbstractChannelHandlerContext.invokeChannelRead(AbstractChannelHandlerContext.java:420)\n\tat io.netty.channel.DefaultChannelPipeline.fireChannelRead(DefaultChannelPipeline.java:918)\n\tat io.netty.channel.nio.AbstractNioByteChannel$NioByteUnsafe.read(AbstractNioByteChannel.java:166)\n\tat io.netty.channel.nio.NioEventLoop.processSelectedKey(NioEventLoop.java:788)\n\tat io.netty.channel.nio.NioEventLoop.processSelectedKeysOptimized(NioEventLoop.java:724)\n\tat io.netty.channel.nio.NioEventLoop.processSelectedKeys(NioEventLoop.java:650)\n\tat io.netty.channel.nio.NioEventLoop.run(NioEventLoop.java:562)\n\tat io.netty.util.concurrent.SingleThreadEventExecutor$4.run(SingleThreadEventExecutor.java:994)\n\tat io.netty.util.internal.ThreadExecutorMap$2.run(ThreadExecutorMap.java:74)\n\tat io.netty.util.concurrent.FastThreadLocalRunnable.run(FastThreadLocalRunnable.java:30)\n\tat java.base/java.lang.Thread.run(Thread.java:1583)\n\n"}}
[debug] [2025-09-18T14:21:01.623Z] Sep 18, 2025 2:21:01 PM com.google.cloud.datastore.emulator.firestore.websocket.WebSocketChannelHandler initChannel
INFO: Connected to new websocket client
 {"metadata":{"emulator":{"name":"firestore"},"message":"Sep 18, 2025 2:21:01 PM com.google.cloud.datastore.emulator.firestore.websocket.WebSocketChannelHandler initChannel\nINFO: Connected to new websocket client\n"}}
[debug] [2025-09-18T15:03:30.548Z] Sep 18, 2025 3:03:30 PM io.gapi.emulators.netty.HttpVersionRoutingHandler channelRead
INFO: Detected non-HTTP/2 connection.
 {"metadata":{"emulator":{"name":"firestore"},"message":"Sep 18, 2025 3:03:30 PM io.gapi.emulators.netty.HttpVersionRoutingHandler channelRead\nINFO: Detected non-HTTP/2 connection.\n"}}
[debug] [2025-09-18T15:03:30.723Z] Sep 18, 2025 3:03:30 PM io.grpc.netty.NettyServerTransport notifyTerminated
INFO: Transport failed
io.netty.handler.codec.http2.Http2Exception: Unexpected HTTP/1.x request: GET / 
	at io.netty.handler.codec.http2.Http2Exception.connectionError(Http2Exception.java:107)
	at io.netty.handler.codec.http2.Http2ConnectionHandler$PrefaceDecoder.readClientPrefaceString(Http2ConnectionHandler.java:315)
	at io.netty.handler.codec.http2.Http2ConnectionHandler$PrefaceDecoder.decode(Http2ConnectionHandler.java:245)
	at io.netty.handler.codec.http2.Http2ConnectionHandler.decode(Http2ConnectionHandler.java:451)
	at io.netty.handler.codec.ByteToMessageDecoder.decodeRemovalReentryProtection(ByteToMessageDecoder.java:530)
	at io.netty.handler.codec.ByteToMessageDecoder.callDecode(ByteToMessageDecoder.java:469)
	at io.netty.handler.codec.ByteToMessageDecoder.channelRead(ByteToMessageDecoder.java:290)
	at io.netty.channel.AbstractChannelHandlerContext.invokeChannelRead(AbstractChannelHandlerContext.java:444)
	at io.netty.channel.AbstractChannelHandlerContext.invokeChannelRead(AbstractChannelHandlerContext.java:420)
	at io.netty.channel.AbstractChannelHandlerContext.fireChannelRead(AbstractChannelHandlerContext.java:412)
	at io.netty.channel.DefaultChannelPipeline$HeadContext.channelRead(DefaultChannelPipeline.java:1407)
	at io.netty.channel.AbstractChannelHandlerContext.invokeChannelRead(AbstractChannelHandlerContext.java:440)
	at io.netty.channel.AbstractChannelHandlerContext.invokeChannelRead(AbstractChannelHandlerContext.java:420)
	at io.netty.channel.DefaultChannelPipeline.fireChannelRead(DefaultChannelPipeline.java:918)
	at io.netty.channel.nio.AbstractNioByteChannel$NioByteUnsafe.read(AbstractNioByteChannel.java:166)
	at io.netty.channel.nio.NioEventLoop.processSelectedKey(NioEventLoop.java:788)
	at io.netty.channel.nio.NioEventLoop.processSelectedKeysOptimized(NioEventLoop.java:724)
	at io.netty.channel.nio.NioEventLoop.processSelectedKeys(NioEventLoop.java:650)
	at io.netty.channel.nio.NioEventLoop.run(NioEventLoop.java:562)
	at io.netty.util.concurrent.SingleThreadEventExecutor$4.run(SingleThreadEventExecutor.java:994)
	at io.netty.util.internal.ThreadExecutorMap$2.run(ThreadExecutorMap.java:74)
	at io.netty.util.concurrent.FastThreadLocalRunnable.run(FastThreadLocalRunnable.java:30)
	at java.base/java.lang.Thread.run(Thread.java:1583)

 {"metadata":{"emulator":{"name":"firestore"},"message":"Sep 18, 2025 3:03:30 PM io.grpc.netty.NettyServerTransport notifyTerminated\nINFO: Transport failed\nio.netty.handler.codec.http2.Http2Exception: Unexpected HTTP/1.x request: GET / \n\tat io.netty.handler.codec.http2.Http2Exception.connectionError(Http2Exception.java:107)\n\tat io.netty.handler.codec.http2.Http2ConnectionHandler$PrefaceDecoder.readClientPrefaceString(Http2ConnectionHandler.java:315)\n\tat io.netty.handler.codec.http2.Http2ConnectionHandler$PrefaceDecoder.decode(Http2ConnectionHandler.java:245)\n\tat io.netty.handler.codec.http2.Http2ConnectionHandler.decode(Http2ConnectionHandler.java:451)\n\tat io.netty.handler.codec.ByteToMessageDecoder.decodeRemovalReentryProtection(ByteToMessageDecoder.java:530)\n\tat io.netty.handler.codec.ByteToMessageDecoder.callDecode(ByteToMessageDecoder.java:469)\n\tat io.netty.handler.codec.ByteToMessageDecoder.channelRead(ByteToMessageDecoder.java:290)\n\tat io.netty.channel.AbstractChannelHandlerContext.invokeChannelRead(AbstractChannelHandlerContext.java:444)\n\tat io.netty.channel.AbstractChannelHandlerContext.invokeChannelRead(AbstractChannelHandlerContext.java:420)\n\tat io.netty.channel.AbstractChannelHandlerContext.fireChannelRead(AbstractChannelHandlerContext.java:412)\n\tat io.netty.channel.DefaultChannelPipeline$HeadContext.channelRead(DefaultChannelPipeline.java:1407)\n\tat io.netty.channel.AbstractChannelHandlerContext.invokeChannelRead(AbstractChannelHandlerContext.java:440)\n\tat io.netty.channel.AbstractChannelHandlerContext.invokeChannelRead(AbstractChannelHandlerContext.java:420)\n\tat io.netty.channel.DefaultChannelPipeline.fireChannelRead(DefaultChannelPipeline.java:918)\n\tat io.netty.channel.nio.AbstractNioByteChannel$NioByteUnsafe.read(AbstractNioByteChannel.java:166)\n\tat io.netty.channel.nio.NioEventLoop.processSelectedKey(NioEventLoop.java:788)\n\tat io.netty.channel.nio.NioEventLoop.processSelectedKeysOptimized(NioEventLoop.java:724)\n\tat io.netty.channel.nio.NioEventLoop.processSelectedKeys(NioEventLoop.java:650)\n\tat io.netty.channel.nio.NioEventLoop.run(NioEventLoop.java:562)\n\tat io.netty.util.concurrent.SingleThreadEventExecutor$4.run(SingleThreadEventExecutor.java:994)\n\tat io.netty.util.internal.ThreadExecutorMap$2.run(ThreadExecutorMap.java:74)\n\tat io.netty.util.concurrent.FastThreadLocalRunnable.run(FastThreadLocalRunnable.java:30)\n\tat java.base/java.lang.Thread.run(Thread.java:1583)\n\n"}}
[debug] [2025-09-18T15:03:30.746Z] Sep 18, 2025 3:03:30 PM io.grpc.netty.NettyServerTransport notifyTerminated
INFO: Transport failed
io.netty.handler.codec.http2.Http2Exception: HTTP/2 client preface string missing or corrupt. Hex dump for received bytes: 16030105a8010005a4030333055eae76d146e1ef214d86fc
	at io.netty.handler.codec.http2.Http2Exception.connectionError(Http2Exception.java:107)
	at io.netty.handler.codec.http2.Http2ConnectionHandler$PrefaceDecoder.readClientPrefaceString(Http2ConnectionHandler.java:319)
	at io.netty.handler.codec.http2.Http2ConnectionHandler$PrefaceDecoder.decode(Http2ConnectionHandler.java:245)
	at io.netty.handler.codec.http2.Http2ConnectionHandler.decode(Http2ConnectionHandler.java:451)
	at io.netty.handler.codec.ByteToMessageDecoder.decodeRemovalReentryProtection(ByteToMessageDecoder.java:530)
	at io.netty.handler.codec.ByteToMessageDecoder.callDecode(ByteToMessageDecoder.java:469)
	at io.netty.handler.codec.ByteToMessageDecoder.channelRead(ByteToMessageDecoder.java:290)
	at io.netty.channel.AbstractChannelHandlerContext.invokeChannelRead(AbstractChannelHandlerContext.java:444)
	at io.netty.channel.AbstractChannelHandlerContext.invokeChannelRead(AbstractChannelHandlerContext.java:420)
	at io.netty.channel.AbstractChannelHandlerContext.fireChannelRead(AbstractChannelHandlerContext.java:412)
	at io.netty.channel.DefaultChannelPipeline$HeadContext.channelRead(DefaultChannelPipeline.java:1407)
	at io.netty.channel.AbstractChannelHandlerContext.invokeChannelRead(AbstractChannelHandlerContext.java:440)
	at io.netty.channel.AbstractChannelHandlerContext.invokeChannelRead(AbstractChannelHandlerContext.java:420)
	at io.netty.channel.DefaultChannelPipeline.fireChannelRead(DefaultChannelPipeline.java:918)
	at io.netty.channel.nio.AbstractNioByteChannel$NioByteUnsafe.read(AbstractNioByteChannel.java:166)
	at io.netty.channel.nio.NioEventLoop.processSelectedKey(NioEventLoop.java:788)
	at io.netty.channel.nio.NioEventLoop.processSelectedKeysOptimized(NioEventLoop.java:724)
	at io.netty.channel.nio.NioEventLoop.processSelectedKeys(NioEventLoop.java:650)
	at io.netty.channel.nio.NioEventLoop.run(NioEventLoop.java:562)
	at io.netty.util.concurrent.SingleThreadEventExecutor$4.run(SingleThreadEventExecutor.java:994)
	at io.netty.util.internal.ThreadExecutorMap$2.run(ThreadExecutorMap.java:74)
	at io.netty.util.concurrent.FastThreadLocalRunnable.run(FastThreadLocalRunnable.java:30)
	at java.base/java.lang.Thread.run(Thread.java:1583)

 {"metadata":{"emulator":{"name":"firestore"},"message":"Sep 18, 2025 3:03:30 PM io.grpc.netty.NettyServerTransport notifyTerminated\nINFO: Transport failed\nio.netty.handler.codec.http2.Http2Exception: HTTP/2 client preface string missing or corrupt. Hex dump for received bytes: 16030105a8010005a4030333055eae76d146e1ef214d86fc\n\tat io.netty.handler.codec.http2.Http2Exception.connectionError(Http2Exception.java:107)\n\tat io.netty.handler.codec.http2.Http2ConnectionHandler$PrefaceDecoder.readClientPrefaceString(Http2ConnectionHandler.java:319)\n\tat io.netty.handler.codec.http2.Http2ConnectionHandler$PrefaceDecoder.decode(Http2ConnectionHandler.java:245)\n\tat io.netty.handler.codec.http2.Http2ConnectionHandler.decode(Http2ConnectionHandler.java:451)\n\tat io.netty.handler.codec.ByteToMessageDecoder.decodeRemovalReentryProtection(ByteToMessageDecoder.java:530)\n\tat io.netty.handler.codec.ByteToMessageDecoder.callDecode(ByteToMessageDecoder.java:469)\n\tat io.netty.handler.codec.ByteToMessageDecoder.channelRead(ByteToMessageDecoder.java:290)\n\tat io.netty.channel.AbstractChannelHandlerContext.invokeChannelRead(AbstractChannelHandlerContext.java:444)\n\tat io.netty.channel.AbstractChannelHandlerContext.invokeChannelRead(AbstractChannelHandlerContext.java:420)\n\tat io.netty.channel.AbstractChannelHandlerContext.fireChannelRead(AbstractChannelHandlerContext.java:412)\n\tat io.netty.channel.DefaultChannelPipeline$HeadContext.channelRead(DefaultChannelPipeline.java:1407)\n\tat io.netty.channel.AbstractChannelHandlerContext.invokeChannelRead(AbstractChannelHandlerContext.java:440)\n\tat io.netty.channel.AbstractChannelHandlerContext.invokeChannelRead(AbstractChannelHandlerContext.java:420)\n\tat io.netty.channel.DefaultChannelPipeline.fireChannelRead(DefaultChannelPipeline.java:918)\n\tat io.netty.channel.nio.AbstractNioByteChannel$NioByteUnsafe.read(AbstractNioByteChannel.java:166)\n\tat io.netty.channel.nio.NioEventLoop.processSelectedKey(NioEventLoop.java:788)\n\tat io.netty.channel.nio.NioEventLoop.processSelectedKeysOptimized(NioEventLoop.java:724)\n\tat io.netty.channel.nio.NioEventLoop.processSelectedKeys(NioEventLoop.java:650)\n\tat io.netty.channel.nio.NioEventLoop.run(NioEventLoop.java:562)\n\tat io.netty.util.concurrent.SingleThreadEventExecutor$4.run(SingleThreadEventExecutor.java:994)\n\tat io.netty.util.internal.ThreadExecutorMap$2.run(ThreadExecutorMap.java:74)\n\tat io.netty.util.concurrent.FastThreadLocalRunnable.run(FastThreadLocalRunnable.java:30)\n\tat java.base/java.lang.Thread.run(Thread.java:1583)\n\n"}}
[debug] [2025-09-18T15:03:40.402Z] Sep 18, 2025 3:03:40 PM com.google.cloud.datastore.emulator.firestore.websocket.WebSocketChannelHandler initChannel
INFO: Connected to new websocket client
 {"metadata":{"emulator":{"name":"firestore"},"message":"Sep 18, 2025 3:03:40 PM com.google.cloud.datastore.emulator.firestore.websocket.WebSocketChannelHandler initChannel\nINFO: Connected to new websocket client\n"}}
[debug] [2025-09-18T15:03:50.771Z] Sep 18, 2025 3:03:50 PM com.google.cloud.datastore.emulator.firestore.websocket.WebSocketChannelHandler initChannel
INFO: Connected to new websocket client
 {"metadata":{"emulator":{"name":"firestore"},"message":"Sep 18, 2025 3:03:50 PM com.google.cloud.datastore.emulator.firestore.websocket.WebSocketChannelHandler initChannel\nINFO: Connected to new websocket client\n"}}
[debug] [2025-09-18T16:53:50.184Z] Sep 18, 2025 4:53:50 PM com.google.cloud.datastore.emulator.firestore.websocket.WebSocketChannelHandler channelClosed
INFO: Websocket client disconnected
 {"metadata":{"emulator":{"name":"firestore"},"message":"Sep 18, 2025 4:53:50 PM com.google.cloud.datastore.emulator.firestore.websocket.WebSocketChannelHandler channelClosed\nINFO: Websocket client disconnected\n"}}
[debug] [2025-09-18T16:53:52.068Z] Sep 18, 2025 4:53:52 PM com.google.cloud.datastore.emulator.firestore.websocket.WebSocketChannelHandler channelClosed
INFO: Websocket client disconnected
 {"metadata":{"emulator":{"name":"firestore"},"message":"Sep 18, 2025 4:53:52 PM com.google.cloud.datastore.emulator.firestore.websocket.WebSocketChannelHandler channelClosed\nINFO: Websocket client disconnected\n"}}
[debug] [2025-09-18T17:23:52.709Z] Sep 18, 2025 5:23:52 PM com.google.cloud.datastore.emulator.firestore.websocket.WebSocketChannelHandler initChannel
INFO: Connected to new websocket client
 {"metadata":{"emulator":{"name":"firestore"},"message":"Sep 18, 2025 5:23:52 PM com.google.cloud.datastore.emulator.firestore.websocket.WebSocketChannelHandler initChannel\nINFO: Connected to new websocket client\n"}}
[debug] [2025-09-18T17:23:53.213Z] Sep 18, 2025 5:23:53 PM com.google.cloud.datastore.emulator.firestore.websocket.WebSocketChannelHandler initChannel
INFO: Connected to new websocket client
 {"metadata":{"emulator":{"name":"firestore"},"message":"Sep 18, 2025 5:23:53 PM com.google.cloud.datastore.emulator.firestore.websocket.WebSocketChannelHandler initChannel\nINFO: Connected to new websocket client\n"}}
[debug] [2025-09-18T18:41:38.143Z] Sep 18, 2025 6:41:38 PM com.google.cloud.datastore.emulator.firestore.websocket.WebSocketChannelHandler channelClosed
INFO: Websocket client disconnected
 {"metadata":{"emulator":{"name":"firestore"},"message":"Sep 18, 2025 6:41:38 PM com.google.cloud.datastore.emulator.firestore.websocket.WebSocketChannelHandler channelClosed\nINFO: Websocket client disconnected\n"}}
[debug] [2025-09-18T18:41:41.075Z] Sep 18, 2025 6:41:41 PM com.google.cloud.datastore.emulator.firestore.websocket.WebSocketChannelHandler channelClosed
INFO: Websocket client disconnected
 {"metadata":{"emulator":{"name":"firestore"},"message":"Sep 18, 2025 6:41:41 PM com.google.cloud.datastore.emulator.firestore.websocket.WebSocketChannelHandler channelClosed\nINFO: Websocket client disconnected\n"}}
[debug] [2025-09-18T18:44:21.142Z] Sep 18, 2025 6:44:21 PM com.google.cloud.datastore.emulator.firestore.websocket.WebSocketChannelHandler initChannel
INFO: Connected to new websocket client
 {"metadata":{"emulator":{"name":"firestore"},"message":"Sep 18, 2025 6:44:21 PM com.google.cloud.datastore.emulator.firestore.websocket.WebSocketChannelHandler initChannel\nINFO: Connected to new websocket client\n"}}
[debug] [2025-09-18T18:44:21.279Z] Sep 18, 2025 6:44:21 PM io.gapi.emulators.netty.HttpVersionRoutingHandler channelRead
INFO: Detected non-HTTP/2 connection.
 {"metadata":{"emulator":{"name":"firestore"},"message":"Sep 18, 2025 6:44:21 PM io.gapi.emulators.netty.HttpVersionRoutingHandler channelRead\nINFO: Detected non-HTTP/2 connection.\n"}}
[debug] [2025-09-18T18:44:21.448Z] Sep 18, 2025 6:44:21 PM io.grpc.netty.NettyServerTransport notifyTerminated
INFO: Transport failed
io.netty.handler.codec.http2.Http2Exception: Unexpected HTTP/1.x request: GET / 
	at io.netty.handler.codec.http2.Http2Exception.connectionError(Http2Exception.java:107)
	at io.netty.handler.codec.http2.Http2ConnectionHandler$PrefaceDecoder.readClientPrefaceString(Http2ConnectionHandler.java:315)
	at io.netty.handler.codec.http2.Http2ConnectionHandler$PrefaceDecoder.decode(Http2ConnectionHandler.java:245)
	at io.netty.handler.codec.http2.Http2ConnectionHandler.decode(Http2ConnectionHandler.java:451)
	at io.netty.handler.codec.ByteToMessageDecoder.decodeRemovalReentryProtection(ByteToMessageDecoder.java:530)
	at io.netty.handler.codec.ByteToMessageDecoder.callDecode(ByteToMessageDecoder.java:469)
	at io.netty.handler.codec.ByteToMessageDecoder.channelRead(ByteToMessageDecoder.java:290)
	at io.netty.channel.AbstractChannelHandlerContext.invokeChannelRead(AbstractChannelHandlerContext.java:444)
	at io.netty.channel.AbstractChannelHandlerContext.invokeChannelRead(AbstractChannelHandlerContext.java:420)
	at io.netty.channel.AbstractChannelHandlerContext.fireChannelRead(AbstractChannelHandlerContext.java:412)
	at io.netty.channel.DefaultChannelPipeline$HeadContext.channelRead(DefaultChannelPipeline.java:1407)
	at io.netty.channel.AbstractChannelHandlerContext.invokeChannelRead(AbstractChannelHandlerContext.java:440)
	at io.netty.channel.AbstractChannelHandlerContext.invokeChannelRead(AbstractChannelHandlerContext.java:420)
	at io.netty.channel.DefaultChannelPipeline.fireChannelRead(DefaultChannelPipeline.java:918)
	at io.netty.channel.nio.AbstractNioByteChannel$NioByteUnsafe.read(AbstractNioByteChannel.java:166)
	at io.netty.channel.nio.NioEventLoop.processSelectedKey(NioEventLoop.java:788)
	at io.netty.channel.nio.NioEventLoop.processSelectedKeysOptimized(NioEventLoop.java:724)
	at io.netty.channel.nio.NioEventLoop.processSelectedKeys(NioEventLoop.java:650)
	at io.netty.channel.nio.NioEventLoop.run(NioEventLoop.java:562)
	at io.netty.util.concurrent.SingleThreadEventExecutor$4.run(SingleThreadEventExecutor.java:994)
	at io.netty.util.internal.ThreadExecutorMap$2.run(ThreadExecutorMap.java:74)
	at io.netty.util.concurrent.FastThreadLocalRunnable.run(FastThreadLocalRunnable.java:30)
	at java.base/java.lang.Thread.run(Thread.java:1583)

 {"metadata":{"emulator":{"name":"firestore"},"message":"Sep 18, 2025 6:44:21 PM io.grpc.netty.NettyServerTransport notifyTerminated\nINFO: Transport failed\nio.netty.handler.codec.http2.Http2Exception: Unexpected HTTP/1.x request: GET / \n\tat io.netty.handler.codec.http2.Http2Exception.connectionError(Http2Exception.java:107)\n\tat io.netty.handler.codec.http2.Http2ConnectionHandler$PrefaceDecoder.readClientPrefaceString(Http2ConnectionHandler.java:315)\n\tat io.netty.handler.codec.http2.Http2ConnectionHandler$PrefaceDecoder.decode(Http2ConnectionHandler.java:245)\n\tat io.netty.handler.codec.http2.Http2ConnectionHandler.decode(Http2ConnectionHandler.java:451)\n\tat io.netty.handler.codec.ByteToMessageDecoder.decodeRemovalReentryProtection(ByteToMessageDecoder.java:530)\n\tat io.netty.handler.codec.ByteToMessageDecoder.callDecode(ByteToMessageDecoder.java:469)\n\tat io.netty.handler.codec.ByteToMessageDecoder.channelRead(ByteToMessageDecoder.java:290)\n\tat io.netty.channel.AbstractChannelHandlerContext.invokeChannelRead(AbstractChannelHandlerContext.java:444)\n\tat io.netty.channel.AbstractChannelHandlerContext.invokeChannelRead(AbstractChannelHandlerContext.java:420)\n\tat io.netty.channel.AbstractChannelHandlerContext.fireChannelRead(AbstractChannelHandlerContext.java:412)\n\tat io.netty.channel.DefaultChannelPipeline$HeadContext.channelRead(DefaultChannelPipeline.java:1407)\n\tat io.netty.channel.AbstractChannelHandlerContext.invokeChannelRead(AbstractChannelHandlerContext.java:440)\n\tat io.netty.channel.AbstractChannelHandlerContext.invokeChannelRead(AbstractChannelHandlerContext.java:420)\n\tat io.netty.channel.DefaultChannelPipeline.fireChannelRead(DefaultChannelPipeline.java:918)\n\tat io.netty.channel.nio.AbstractNioByteChannel$NioByteUnsafe.read(AbstractNioByteChannel.java:166)\n\tat io.netty.channel.nio.NioEventLoop.processSelectedKey(NioEventLoop.java:788)\n\tat io.netty.channel.nio.NioEventLoop.processSelectedKeysOptimized(NioEventLoop.java:724)\n\tat io.netty.channel.nio.NioEventLoop.processSelectedKeys(NioEventLoop.java:650)\n\tat io.netty.channel.nio.NioEventLoop.run(NioEventLoop.java:562)\n\tat io.netty.util.concurrent.SingleThreadEventExecutor$4.run(SingleThreadEventExecutor.java:994)\n\tat io.netty.util.internal.ThreadExecutorMap$2.run(ThreadExecutorMap.java:74)\n\tat io.netty.util.concurrent.FastThreadLocalRunnable.run(FastThreadLocalRunnable.java:30)\n\tat java.base/java.lang.Thread.run(Thread.java:1583)\n\n"}}
[debug] [2025-09-18T18:44:21.503Z] Sep 18, 2025 6:44:21 PM io.grpc.netty.NettyServerTransport notifyTerminated
INFO: Transport failed
io.netty.handler.codec.http2.Http2Exception: HTTP/2 client preface string missing or corrupt. Hex dump for received bytes: 16030105a8010005a40303f25f8e9b9939d559ce9b798fe4
	at io.netty.handler.codec.http2.Http2Exception.connectionError(Http2Exception.java:107)
	at io.netty.handler.codec.http2.Http2ConnectionHandler$PrefaceDecoder.readClientPrefaceString(Http2ConnectionHandler.java:319)
	at io.netty.handler.codec.http2.Http2ConnectionHandler$PrefaceDecoder.decode(Http2ConnectionHandler.java:245)
	at io.netty.handler.codec.http2.Http2ConnectionHandler.decode(Http2ConnectionHandler.java:451)
	at io.netty.handler.codec.ByteToMessageDecoder.decodeRemovalReentryProtection(ByteToMessageDecoder.java:530)
	at io.netty.handler.codec.ByteToMessageDecoder.callDecode(ByteToMessageDecoder.java:469)
	at io.netty.handler.codec.ByteToMessageDecoder.channelRead(ByteToMessageDecoder.java:290)
	at io.netty.channel.AbstractChannelHandlerContext.invokeChannelRead(AbstractChannelHandlerContext.java:444)
	at io.netty.channel.AbstractChannelHandlerContext.invokeChannelRead(AbstractChannelHandlerContext.java:420)
	at io.netty.channel.AbstractChannelHandlerContext.fireChannelRead(AbstractChannelHandlerContext.java:412)
	at io.netty.channel.DefaultChannelPipeline$HeadContext.channelRead(DefaultChannelPipeline.java:1407)
	at io.netty.channel.AbstractChannelHandlerContext.invokeChannelRead(AbstractChannelHandlerContext.java:440)
	at io.netty.channel.AbstractChannelHandlerContext.invokeChannelRead(AbstractChannelHandlerContext.java:420)
	at io.netty.channel.DefaultChannelPipeline.fireChannelRead(DefaultChannelPipeline.java:918)
	at io.netty.channel.nio.AbstractNioByteChannel$NioByteUnsafe.read(AbstractNioByteChannel.java:166)
	at io.netty.channel.nio.NioEventLoop.processSelectedKey(NioEventLoop.java:788)
	at io.netty.channel.nio.NioEventLoop.processSelectedKeysOptimized(NioEventLoop.java:724)
	at io.netty.channel.nio.NioEventLoop.processSelectedKeys(NioEventLoop.java:650)
	at io.netty.channel.nio.NioEventLoop.run(NioEventLoop.java:562)
	at io.netty.util.concurrent.SingleThreadEventExecutor$4.run(SingleThreadEventExecutor.java:994)
	at io.netty.util.internal.ThreadExecutorMap$2.run(ThreadExecutorMap.java:74)
	at io.netty.util.concurrent.FastThreadLocalRunnable.run(FastThreadLocalRunnable.java:30)
	at java.base/java.lang.Thread.run(Thread.java:1583)

 {"metadata":{"emulator":{"name":"firestore"},"message":"Sep 18, 2025 6:44:21 PM io.grpc.netty.NettyServerTransport notifyTerminated\nINFO: Transport failed\nio.netty.handler.codec.http2.Http2Exception: HTTP/2 client preface string missing or corrupt. Hex dump for received bytes: 16030105a8010005a40303f25f8e9b9939d559ce9b798fe4\n\tat io.netty.handler.codec.http2.Http2Exception.connectionError(Http2Exception.java:107)\n\tat io.netty.handler.codec.http2.Http2ConnectionHandler$PrefaceDecoder.readClientPrefaceString(Http2ConnectionHandler.java:319)\n\tat io.netty.handler.codec.http2.Http2ConnectionHandler$PrefaceDecoder.decode(Http2ConnectionHandler.java:245)\n\tat io.netty.handler.codec.http2.Http2ConnectionHandler.decode(Http2ConnectionHandler.java:451)\n\tat io.netty.handler.codec.ByteToMessageDecoder.decodeRemovalReentryProtection(ByteToMessageDecoder.java:530)\n\tat io.netty.handler.codec.ByteToMessageDecoder.callDecode(ByteToMessageDecoder.java:469)\n\tat io.netty.handler.codec.ByteToMessageDecoder.channelRead(ByteToMessageDecoder.java:290)\n\tat io.netty.channel.AbstractChannelHandlerContext.invokeChannelRead(AbstractChannelHandlerContext.java:444)\n\tat io.netty.channel.AbstractChannelHandlerContext.invokeChannelRead(AbstractChannelHandlerContext.java:420)\n\tat io.netty.channel.AbstractChannelHandlerContext.fireChannelRead(AbstractChannelHandlerContext.java:412)\n\tat io.netty.channel.DefaultChannelPipeline$HeadContext.channelRead(DefaultChannelPipeline.java:1407)\n\tat io.netty.channel.AbstractChannelHandlerContext.invokeChannelRead(AbstractChannelHandlerContext.java:440)\n\tat io.netty.channel.AbstractChannelHandlerContext.invokeChannelRead(AbstractChannelHandlerContext.java:420)\n\tat io.netty.channel.DefaultChannelPipeline.fireChannelRead(DefaultChannelPipeline.java:918)\n\tat io.netty.channel.nio.AbstractNioByteChannel$NioByteUnsafe.read(AbstractNioByteChannel.java:166)\n\tat io.netty.channel.nio.NioEventLoop.processSelectedKey(NioEventLoop.java:788)\n\tat io.netty.channel.nio.NioEventLoop.processSelectedKeysOptimized(NioEventLoop.java:724)\n\tat io.netty.channel.nio.NioEventLoop.processSelectedKeys(NioEventLoop.java:650)\n\tat io.netty.channel.nio.NioEventLoop.run(NioEventLoop.java:562)\n\tat io.netty.util.concurrent.SingleThreadEventExecutor$4.run(SingleThreadEventExecutor.java:994)\n\tat io.netty.util.internal.ThreadExecutorMap$2.run(ThreadExecutorMap.java:74)\n\tat io.netty.util.concurrent.FastThreadLocalRunnable.run(FastThreadLocalRunnable.java:30)\n\tat java.base/java.lang.Thread.run(Thread.java:1583)\n\n"}}
[debug] [2025-09-18T18:44:23.387Z] Sep 18, 2025 6:44:23 PM com.google.cloud.datastore.emulator.firestore.websocket.WebSocketChannelHandler initChannel
INFO: Connected to new websocket client
 {"metadata":{"emulator":{"name":"firestore"},"message":"Sep 18, 2025 6:44:23 PM com.google.cloud.datastore.emulator.firestore.websocket.WebSocketChannelHandler initChannel\nINFO: Connected to new websocket client\n"}}
[debug] [2025-09-18T19:49:50.230Z] Sep 18, 2025 7:49:50 PM com.google.cloud.datastore.emulator.firestore.websocket.WebSocketChannelHandler channelClosed
INFO: Websocket client disconnected
 {"metadata":{"emulator":{"name":"firestore"},"message":"Sep 18, 2025 7:49:50 PM com.google.cloud.datastore.emulator.firestore.websocket.WebSocketChannelHandler channelClosed\nINFO: Websocket client disconnected\n"}}
[debug] [2025-09-18T20:04:55.635Z] Sep 18, 2025 8:04:55 PM io.gapi.emulators.netty.HttpVersionRoutingHandler channelRead
INFO: Detected non-HTTP/2 connection.
 {"metadata":{"emulator":{"name":"firestore"},"message":"Sep 18, 2025 8:04:55 PM io.gapi.emulators.netty.HttpVersionRoutingHandler channelRead\nINFO: Detected non-HTTP/2 connection.\n"}}
[debug] [2025-09-18T20:04:55.733Z] Sep 18, 2025 8:04:55 PM io.grpc.netty.NettyServerTransport notifyTerminated
INFO: Transport failed
io.netty.handler.codec.http2.Http2Exception: Unexpected HTTP/1.x request: GET / 
	at io.netty.handler.codec.http2.Http2Exception.connectionError(Http2Exception.java:107)
	at io.netty.handler.codec.http2.Http2ConnectionHandler$PrefaceDecoder.readClientPrefaceString(Http2ConnectionHandler.java:315)
	at io.netty.handler.codec.http2.Http2ConnectionHandler$PrefaceDecoder.decode(Http2ConnectionHandler.java:245)
	at io.netty.handler.codec.http2.Http2ConnectionHandler.decode(Http2ConnectionHandler.java:451)
	at io.netty.handler.codec.ByteToMessageDecoder.decodeRemovalReentryProtection(ByteToMessageDecoder.java:530)
	at io.netty.handler.codec.ByteToMessageDecoder.callDecode(ByteToMessageDecoder.java:469)
	at io.netty.handler.codec.ByteToMessageDecoder.channelRead(ByteToMessageDecoder.java:290)
	at io.netty.channel.AbstractChannelHandlerContext.invokeChannelRead(AbstractChannelHandlerContext.java:444)
	at io.netty.channel.AbstractChannelHandlerContext.invokeChannelRead(AbstractChannelHandlerContext.java:420)
	at io.netty.channel.AbstractChannelHandlerContext.fireChannelRead(AbstractChannelHandlerContext.java:412)
	at io.netty.channel.DefaultChannelPipeline$HeadContext.channelRead(DefaultChannelPipeline.java:1407)
	at io.netty.channel.AbstractChannelHandlerContext.invokeChannelRead(AbstractChannelHandlerContext.java:440)
	at io.netty.channel.AbstractChannelHandlerContext.invokeChannelRead(AbstractChannelHandlerContext.java:420)
	at io.netty.channel.DefaultChannelPipeline.fireChannelRead(DefaultChannelPipeline.java:918)
	at io.netty.channel.nio.AbstractNioByteChannel$NioByteUnsafe.read(AbstractNioByteChannel.java:166)
	at io.netty.channel.nio.NioEventLoop.processSelectedKey(NioEventLoop.java:788)
	at io.netty.channel.nio.NioEventLoop.processSelectedKeysOptimized(NioEventLoop.java:724)
	at io.netty.channel.nio.NioEventLoop.processSelectedKeys(NioEventLoop.java:650)
	at io.netty.channel.nio.NioEventLoop.run(NioEventLoop.java:562)
	at io.netty.util.concurrent.SingleThreadEventExecutor$4.run(SingleThreadEventExecutor.java:994)
	at io.netty.util.internal.ThreadExecutorMap$2.run(ThreadExecutorMap.java:74)
	at io.netty.util.concurrent.FastThreadLocalRunnable.run(FastThreadLocalRunnable.java:30)
	at java.base/java.lang.Thread.run(Thread.java:1583)

 {"metadata":{"emulator":{"name":"firestore"},"message":"Sep 18, 2025 8:04:55 PM io.grpc.netty.NettyServerTransport notifyTerminated\nINFO: Transport failed\nio.netty.handler.codec.http2.Http2Exception: Unexpected HTTP/1.x request: GET / \n\tat io.netty.handler.codec.http2.Http2Exception.connectionError(Http2Exception.java:107)\n\tat io.netty.handler.codec.http2.Http2ConnectionHandler$PrefaceDecoder.readClientPrefaceString(Http2ConnectionHandler.java:315)\n\tat io.netty.handler.codec.http2.Http2ConnectionHandler$PrefaceDecoder.decode(Http2ConnectionHandler.java:245)\n\tat io.netty.handler.codec.http2.Http2ConnectionHandler.decode(Http2ConnectionHandler.java:451)\n\tat io.netty.handler.codec.ByteToMessageDecoder.decodeRemovalReentryProtection(ByteToMessageDecoder.java:530)\n\tat io.netty.handler.codec.ByteToMessageDecoder.callDecode(ByteToMessageDecoder.java:469)\n\tat io.netty.handler.codec.ByteToMessageDecoder.channelRead(ByteToMessageDecoder.java:290)\n\tat io.netty.channel.AbstractChannelHandlerContext.invokeChannelRead(AbstractChannelHandlerContext.java:444)\n\tat io.netty.channel.AbstractChannelHandlerContext.invokeChannelRead(AbstractChannelHandlerContext.java:420)\n\tat io.netty.channel.AbstractChannelHandlerContext.fireChannelRead(AbstractChannelHandlerContext.java:412)\n\tat io.netty.channel.DefaultChannelPipeline$HeadContext.channelRead(DefaultChannelPipeline.java:1407)\n\tat io.netty.channel.AbstractChannelHandlerContext.invokeChannelRead(AbstractChannelHandlerContext.java:440)\n\tat io.netty.channel.AbstractChannelHandlerContext.invokeChannelRead(AbstractChannelHandlerContext.java:420)\n\tat io.netty.channel.DefaultChannelPipeline.fireChannelRead(DefaultChannelPipeline.java:918)\n\tat io.netty.channel.nio.AbstractNioByteChannel$NioByteUnsafe.read(AbstractNioByteChannel.java:166)\n\tat io.netty.channel.nio.NioEventLoop.processSelectedKey(NioEventLoop.java:788)\n\tat io.netty.channel.nio.NioEventLoop.processSelectedKeysOptimized(NioEventLoop.java:724)\n\tat io.netty.channel.nio.NioEventLoop.processSelectedKeys(NioEventLoop.java:650)\n\tat io.netty.channel.nio.NioEventLoop.run(NioEventLoop.java:562)\n\tat io.netty.util.concurrent.SingleThreadEventExecutor$4.run(SingleThreadEventExecutor.java:994)\n\tat io.netty.util.internal.ThreadExecutorMap$2.run(ThreadExecutorMap.java:74)\n\tat io.netty.util.concurrent.FastThreadLocalRunnable.run(FastThreadLocalRunnable.java:30)\n\tat java.base/java.lang.Thread.run(Thread.java:1583)\n\n"}}
[debug] [2025-09-18T20:04:55.837Z] Sep 18, 2025 8:04:55 PM io.grpc.netty.NettyServerTransport notifyTerminated
INFO: Transport failed
io.netty.handler.codec.http2.Http2Exception: HTTP/2 client preface string missing or corrupt. Hex dump for received bytes: 16030105a8010005a40303730ec6412aba587e1136936c31
	at io.netty.handler.codec.http2.Http2Exception.connectionError(Http2Exception.java:107)
	at io.netty.handler.codec.http2.Http2ConnectionHandler$PrefaceDecoder.readClientPrefaceString(Http2ConnectionHandler.java:319)
	at io.netty.handler.codec.http2.Http2ConnectionHandler$PrefaceDecoder.decode(Http2ConnectionHandler.java:245)
	at io.netty.handler.codec.http2.Http2ConnectionHandler.decode(Http2ConnectionHandler.java:451)
	at io.netty.handler.codec.ByteToMessageDecoder.decodeRemovalReentryProtection(ByteToMessageDecoder.java:530)
	at io.netty.handler.codec.ByteToMessageDecoder.callDecode(ByteToMessageDecoder.java:469)
	at io.netty.handler.codec.ByteToMessageDecoder.channelRead(ByteToMessageDecoder.java:290)
	at io.netty.channel.AbstractChannelHandlerContext.invokeChannelRead(AbstractChannelHandlerContext.java:444)
	at io.netty.channel.AbstractChannelHandlerContext.invokeChannelRead(AbstractChannelHandlerContext.java:420)
	at io.netty.channel.AbstractChannelHandlerContext.fireChannelRead(AbstractChannelHandlerContext.java:412)
	at io.netty.channel.DefaultChannelPipeline$HeadContext.channelRead(DefaultChannelPipeline.java:1407)
	at io.netty.channel.AbstractChannelHandlerContext.invokeChannelRead(AbstractChannelHandlerContext.java:440)
	at io.netty.channel.AbstractChannelHandlerContext.invokeChannelRead(AbstractChannelHandlerContext.java:420)
	at io.netty.channel.DefaultChannelPipeline.fireChannelRead(DefaultChannelPipeline.java:918)
	at io.netty.channel.nio.AbstractNioByteChannel$NioByteUnsafe.read(AbstractNioByteChannel.java:166)
	at io.netty.channel.nio.NioEventLoop.processSelectedKey(NioEventLoop.java:788)
	at io.netty.channel.nio.NioEventLoop.processSelectedKeysOptimized(NioEventLoop.java:724)
	at io.netty.channel.nio.NioEventLoop.processSelectedKeys(NioEventLoop.java:650)
	at io.netty.channel.nio.NioEventLoop.run(NioEventLoop.java:562)
	at io.netty.util.concurrent.SingleThreadEventExecutor$4.run(SingleThreadEventExecutor.java:994)
	at io.netty.util.internal.ThreadExecutorMap$2.run(ThreadExecutorMap.java:74)
	at io.netty.util.concurrent.FastThreadLocalRunnable.run(FastThreadLocalRunnable.java:30)
	at java.base/java.lang.Thread.run(Thread.java:1583)

 {"metadata":{"emulator":{"name":"firestore"},"message":"Sep 18, 2025 8:04:55 PM io.grpc.netty.NettyServerTransport notifyTerminated\nINFO: Transport failed\nio.netty.handler.codec.http2.Http2Exception: HTTP/2 client preface string missing or corrupt. Hex dump for received bytes: 16030105a8010005a40303730ec6412aba587e1136936c31\n\tat io.netty.handler.codec.http2.Http2Exception.connectionError(Http2Exception.java:107)\n\tat io.netty.handler.codec.http2.Http2ConnectionHandler$PrefaceDecoder.readClientPrefaceString(Http2ConnectionHandler.java:319)\n\tat io.netty.handler.codec.http2.Http2ConnectionHandler$PrefaceDecoder.decode(Http2ConnectionHandler.java:245)\n\tat io.netty.handler.codec.http2.Http2ConnectionHandler.decode(Http2ConnectionHandler.java:451)\n\tat io.netty.handler.codec.ByteToMessageDecoder.decodeRemovalReentryProtection(ByteToMessageDecoder.java:530)\n\tat io.netty.handler.codec.ByteToMessageDecoder.callDecode(ByteToMessageDecoder.java:469)\n\tat io.netty.handler.codec.ByteToMessageDecoder.channelRead(ByteToMessageDecoder.java:290)\n\tat io.netty.channel.AbstractChannelHandlerContext.invokeChannelRead(AbstractChannelHandlerContext.java:444)\n\tat io.netty.channel.AbstractChannelHandlerContext.invokeChannelRead(AbstractChannelHandlerContext.java:420)\n\tat io.netty.channel.AbstractChannelHandlerContext.fireChannelRead(AbstractChannelHandlerContext.java:412)\n\tat io.netty.channel.DefaultChannelPipeline$HeadContext.channelRead(DefaultChannelPipeline.java:1407)\n\tat io.netty.channel.AbstractChannelHandlerContext.invokeChannelRead(AbstractChannelHandlerContext.java:440)\n\tat io.netty.channel.AbstractChannelHandlerContext.invokeChannelRead(AbstractChannelHandlerContext.java:420)\n\tat io.netty.channel.DefaultChannelPipeline.fireChannelRead(DefaultChannelPipeline.java:918)\n\tat io.netty.channel.nio.AbstractNioByteChannel$NioByteUnsafe.read(AbstractNioByteChannel.java:166)\n\tat io.netty.channel.nio.NioEventLoop.processSelectedKey(NioEventLoop.java:788)\n\tat io.netty.channel.nio.NioEventLoop.processSelectedKeysOptimized(NioEventLoop.java:724)\n\tat io.netty.channel.nio.NioEventLoop.processSelectedKeys(NioEventLoop.java:650)\n\tat io.netty.channel.nio.NioEventLoop.run(NioEventLoop.java:562)\n\tat io.netty.util.concurrent.SingleThreadEventExecutor$4.run(SingleThreadEventExecutor.java:994)\n\tat io.netty.util.internal.ThreadExecutorMap$2.run(ThreadExecutorMap.java:74)\n\tat io.netty.util.concurrent.FastThreadLocalRunnable.run(FastThreadLocalRunnable.java:30)\n\tat java.base/java.lang.Thread.run(Thread.java:1583)\n\n"}}
[debug] [2025-09-18T20:04:55.998Z] Sep 18, 2025 8:04:55 PM com.google.cloud.datastore.emulator.firestore.websocket.WebSocketChannelHandler initChannel
INFO: Connected to new websocket client
 {"metadata":{"emulator":{"name":"firestore"},"message":"Sep 18, 2025 8:04:55 PM com.google.cloud.datastore.emulator.firestore.websocket.WebSocketChannelHandler initChannel\nINFO: Connected to new websocket client\n"}}
[debug] [2025-09-18T20:04:58.420Z] Sep 18, 2025 8:04:58 PM com.google.cloud.datastore.emulator.firestore.websocket.WebSocketChannelHandler initChannel
INFO: Connected to new websocket client
 {"metadata":{"emulator":{"name":"firestore"},"message":"Sep 18, 2025 8:04:58 PM com.google.cloud.datastore.emulator.firestore.websocket.WebSocketChannelHandler initChannel\nINFO: Connected to new websocket client\n"}}
[debug] [2025-09-18T20:27:01.009Z] Sep 18, 2025 8:27:01 PM com.google.cloud.datastore.emulator.firestore.websocket.WebSocketChannelHandler channelClosed
INFO: Websocket client disconnected
 {"metadata":{"emulator":{"name":"firestore"},"message":"Sep 18, 2025 8:27:01 PM com.google.cloud.datastore.emulator.firestore.websocket.WebSocketChannelHandler channelClosed\nINFO: Websocket client disconnected\n"}}
[debug] [2025-09-18T20:48:37.757Z] Sep 18, 2025 8:48:37 PM com.google.cloud.datastore.emulator.firestore.websocket.WebSocketChannelHandler initChannel
INFO: Connected to new websocket client
 {"metadata":{"emulator":{"name":"firestore"},"message":"Sep 18, 2025 8:48:37 PM com.google.cloud.datastore.emulator.firestore.websocket.WebSocketChannelHandler initChannel\nINFO: Connected to new websocket client\n"}}
[debug] [2025-09-18T20:48:37.827Z] Sep 18, 2025 8:48:37 PM io.grpc.netty.NettyServerTransport notifyTerminated
INFO: Transport failed
io.netty.handler.codec.http2.Http2Exception: Unexpected HTTP/1.x request: GET / 
	at io.netty.handler.codec.http2.Http2Exception.connectionError(Http2Exception.java:107)
	at io.netty.handler.codec.http2.Http2ConnectionHandler$PrefaceDecoder.readClientPrefaceString(Http2ConnectionHandler.java:315)
	at io.netty.handler.codec.http2.Http2ConnectionHandler$PrefaceDecoder.decode(Http2ConnectionHandler.java:245)
	at io.netty.handler.codec.http2.Http2ConnectionHandler.decode(Http2ConnectionHandler.java:451)
	at io.netty.handler.codec.ByteToMessageDecoder.decodeRemovalReentryProtection(ByteToMessageDecoder.java:530)
	at io.netty.handler.codec.ByteToMessageDecoder.callDecode(ByteToMessageDecoder.java:469)
	at io.netty.handler.codec.ByteToMessageDecoder.channelRead(ByteToMessageDecoder.java:290)
	at io.netty.channel.AbstractChannelHandlerContext.invokeChannelRead(AbstractChannelHandlerContext.java:444)
	at io.netty.channel.AbstractChannelHandlerContext.invokeChannelRead(AbstractChannelHandlerContext.java:420)
	at io.netty.channel.AbstractChannelHandlerContext.fireChannelRead(AbstractChannelHandlerContext.java:412)
	at io.netty.channel.DefaultChannelPipeline$HeadContext.channelRead(DefaultChannelPipeline.java:1407)
	at io.netty.channel.AbstractChannelHandlerContext.invokeChannelRead(AbstractChannelHandlerContext.java:440)
	at io.netty.channel.AbstractChannelHandlerContext.invokeChannelRead(AbstractChannelHandlerContext.java:420)
	at io.netty.channel.DefaultChannelPipeline.fireChannelRead(DefaultChannelPipeline.java:918)
	at io.netty.channel.nio.AbstractNioByteChannel$NioByteUnsafe.read(AbstractNioByteChannel.java:166)
	at io.netty.channel.nio.NioEventLoop.processSelectedKey(NioEventLoop.java:788)
	at io.netty.channel.nio.NioEventLoop.processSelectedKeysOptimized(NioEventLoop.java:724)
	at io.netty.channel.nio.NioEventLoop.processSelectedKeys(NioEventLoop.java:650)
	at io.netty.channel.nio.NioEventLoop.run(NioEventLoop.java:562)
	at io.netty.util.concurrent.SingleThreadEventExecutor$4.run(SingleThreadEventExecutor.java:994)
	at io.netty.util.internal.ThreadExecutorMap$2.run(ThreadExecutorMap.java:74)
	at io.netty.util.concurrent.FastThreadLocalRunnable.run(FastThreadLocalRunnable.java:30)
	at java.base/java.lang.Thread.run(Thread.java:1583)

 {"metadata":{"emulator":{"name":"firestore"},"message":"Sep 18, 2025 8:48:37 PM io.grpc.netty.NettyServerTransport notifyTerminated\nINFO: Transport failed\nio.netty.handler.codec.http2.Http2Exception: Unexpected HTTP/1.x request: GET / \n\tat io.netty.handler.codec.http2.Http2Exception.connectionError(Http2Exception.java:107)\n\tat io.netty.handler.codec.http2.Http2ConnectionHandler$PrefaceDecoder.readClientPrefaceString(Http2ConnectionHandler.java:315)\n\tat io.netty.handler.codec.http2.Http2ConnectionHandler$PrefaceDecoder.decode(Http2ConnectionHandler.java:245)\n\tat io.netty.handler.codec.http2.Http2ConnectionHandler.decode(Http2ConnectionHandler.java:451)\n\tat io.netty.handler.codec.ByteToMessageDecoder.decodeRemovalReentryProtection(ByteToMessageDecoder.java:530)\n\tat io.netty.handler.codec.ByteToMessageDecoder.callDecode(ByteToMessageDecoder.java:469)\n\tat io.netty.handler.codec.ByteToMessageDecoder.channelRead(ByteToMessageDecoder.java:290)\n\tat io.netty.channel.AbstractChannelHandlerContext.invokeChannelRead(AbstractChannelHandlerContext.java:444)\n\tat io.netty.channel.AbstractChannelHandlerContext.invokeChannelRead(AbstractChannelHandlerContext.java:420)\n\tat io.netty.channel.AbstractChannelHandlerContext.fireChannelRead(AbstractChannelHandlerContext.java:412)\n\tat io.netty.channel.DefaultChannelPipeline$HeadContext.channelRead(DefaultChannelPipeline.java:1407)\n\tat io.netty.channel.AbstractChannelHandlerContext.invokeChannelRead(AbstractChannelHandlerContext.java:440)\n\tat io.netty.channel.AbstractChannelHandlerContext.invokeChannelRead(AbstractChannelHandlerContext.java:420)\n\tat io.netty.channel.DefaultChannelPipeline.fireChannelRead(DefaultChannelPipeline.java:918)\n\tat io.netty.channel.nio.AbstractNioByteChannel$NioByteUnsafe.read(AbstractNioByteChannel.java:166)\n\tat io.netty.channel.nio.NioEventLoop.processSelectedKey(NioEventLoop.java:788)\n\tat io.netty.channel.nio.NioEventLoop.processSelectedKeysOptimized(NioEventLoop.java:724)\n\tat io.netty.channel.nio.NioEventLoop.processSelectedKeys(NioEventLoop.java:650)\n\tat io.netty.channel.nio.NioEventLoop.run(NioEventLoop.java:562)\n\tat io.netty.util.concurrent.SingleThreadEventExecutor$4.run(SingleThreadEventExecutor.java:994)\n\tat io.netty.util.internal.ThreadExecutorMap$2.run(ThreadExecutorMap.java:74)\n\tat io.netty.util.concurrent.FastThreadLocalRunnable.run(FastThreadLocalRunnable.java:30)\n\tat java.base/java.lang.Thread.run(Thread.java:1583)\n\n"}}
[debug] [2025-09-18T20:48:37.864Z] Sep 18, 2025 8:48:37 PM io.gapi.emulators.netty.HttpVersionRoutingHandler channelRead
INFO: Detected non-HTTP/2 connection.
 {"metadata":{"emulator":{"name":"firestore"},"message":"Sep 18, 2025 8:48:37 PM io.gapi.emulators.netty.HttpVersionRoutingHandler channelRead\nINFO: Detected non-HTTP/2 connection.\n"}}
[debug] [2025-09-18T20:48:37.945Z] Sep 18, 2025 8:48:37 PM io.grpc.netty.NettyServerTransport notifyTerminated
INFO: Transport failed
io.netty.handler.codec.http2.Http2Exception: HTTP/2 client preface string missing or corrupt. Hex dump for received bytes: 16030105a8010005a40303695d90882ec3588c81c3f51549
	at io.netty.handler.codec.http2.Http2Exception.connectionError(Http2Exception.java:107)
	at io.netty.handler.codec.http2.Http2ConnectionHandler$PrefaceDecoder.readClientPrefaceString(Http2ConnectionHandler.java:319)
	at io.netty.handler.codec.http2.Http2ConnectionHandler$PrefaceDecoder.decode(Http2ConnectionHandler.java:245)
	at io.netty.handler.codec.http2.Http2ConnectionHandler.decode(Http2ConnectionHandler.java:451)
	at io.netty.handler.codec.ByteToMessageDecoder.decodeRemovalReentryProtection(ByteToMessageDecoder.java:530)
	at io.netty.handler.codec.ByteToMessageDecoder.callDecode(ByteToMessageDecoder.java:469)
	at io.netty.handler.codec.ByteToMessageDecoder.channelRead(ByteToMessageDecoder.java:290)
	at io.netty.channel.AbstractChannelHandlerContext.invokeChannelRead(AbstractChannelHandlerContext.java:444)
	at io.netty.channel.AbstractChannelHandlerContext.invokeChannelRead(AbstractChannelHandlerContext.java:420)
	at io.netty.channel.AbstractChannelHandlerContext.fireChannelRead(AbstractChannelHandlerContext.java:412)
	at io.netty.channel.DefaultChannelPipeline$HeadContext.channelRead(DefaultChannelPipeline.java:1407)
	at io.netty.channel.AbstractChannelHandlerContext.invokeChannelRead(AbstractChannelHandlerContext.java:440)
	at io.netty.channel.AbstractChannelHandlerContext.invokeChannelRead(AbstractChannelHandlerContext.java:420)
	at io.netty.channel.DefaultChannelPipeline.fireChannelRead(DefaultChannelPipeline.java:918)
	at io.netty.channel.nio.AbstractNioByteChannel$NioByteUnsafe.read(AbstractNioByteChannel.java:166)
	at io.netty.channel.nio.NioEventLoop.processSelectedKey(NioEventLoop.java:788)
	at io.netty.channel.nio.NioEventLoop.processSelectedKeysOptimized(NioEventLoop.java:724)
	at io.netty.channel.nio.NioEventLoop.processSelectedKeys(NioEventLoop.java:650)
	at io.netty.channel.nio.NioEventLoop.run(NioEventLoop.java:562)
	at io.netty.util.concurrent.SingleThreadEventExecutor$4.run(SingleThreadEventExecutor.java:994)
	at io.netty.util.internal.ThreadExecutorMap$2.run(ThreadExecutorMap.java:74)
	at io.netty.util.concurrent.FastThreadLocalRunnable.run(FastThreadLocalRunnable.java:30)
	at java.base/java.lang.Thread.run(Thread.java:1583)

 {"metadata":{"emulator":{"name":"firestore"},"message":"Sep 18, 2025 8:48:37 PM io.grpc.netty.NettyServerTransport notifyTerminated\nINFO: Transport failed\nio.netty.handler.codec.http2.Http2Exception: HTTP/2 client preface string missing or corrupt. Hex dump for received bytes: 16030105a8010005a40303695d90882ec3588c81c3f51549\n\tat io.netty.handler.codec.http2.Http2Exception.connectionError(Http2Exception.java:107)\n\tat io.netty.handler.codec.http2.Http2ConnectionHandler$PrefaceDecoder.readClientPrefaceString(Http2ConnectionHandler.java:319)\n\tat io.netty.handler.codec.http2.Http2ConnectionHandler$PrefaceDecoder.decode(Http2ConnectionHandler.java:245)\n\tat io.netty.handler.codec.http2.Http2ConnectionHandler.decode(Http2ConnectionHandler.java:451)\n\tat io.netty.handler.codec.ByteToMessageDecoder.decodeRemovalReentryProtection(ByteToMessageDecoder.java:530)\n\tat io.netty.handler.codec.ByteToMessageDecoder.callDecode(ByteToMessageDecoder.java:469)\n\tat io.netty.handler.codec.ByteToMessageDecoder.channelRead(ByteToMessageDecoder.java:290)\n\tat io.netty.channel.AbstractChannelHandlerContext.invokeChannelRead(AbstractChannelHandlerContext.java:444)\n\tat io.netty.channel.AbstractChannelHandlerContext.invokeChannelRead(AbstractChannelHandlerContext.java:420)\n\tat io.netty.channel.AbstractChannelHandlerContext.fireChannelRead(AbstractChannelHandlerContext.java:412)\n\tat io.netty.channel.DefaultChannelPipeline$HeadContext.channelRead(DefaultChannelPipeline.java:1407)\n\tat io.netty.channel.AbstractChannelHandlerContext.invokeChannelRead(AbstractChannelHandlerContext.java:440)\n\tat io.netty.channel.AbstractChannelHandlerContext.invokeChannelRead(AbstractChannelHandlerContext.java:420)\n\tat io.netty.channel.DefaultChannelPipeline.fireChannelRead(DefaultChannelPipeline.java:918)\n\tat io.netty.channel.nio.AbstractNioByteChannel$NioByteUnsafe.read(AbstractNioByteChannel.java:166)\n\tat io.netty.channel.nio.NioEventLoop.processSelectedKey(NioEventLoop.java:788)\n\tat io.netty.channel.nio.NioEventLoop.processSelectedKeysOptimized(NioEventLoop.java:724)\n\tat io.netty.channel.nio.NioEventLoop.processSelectedKeys(NioEventLoop.java:650)\n\tat io.netty.channel.nio.NioEventLoop.run(NioEventLoop.java:562)\n\tat io.netty.util.concurrent.SingleThreadEventExecutor$4.run(SingleThreadEventExecutor.java:994)\n\tat io.netty.util.internal.ThreadExecutorMap$2.run(ThreadExecutorMap.java:74)\n\tat io.netty.util.concurrent.FastThreadLocalRunnable.run(FastThreadLocalRunnable.java:30)\n\tat java.base/java.lang.Thread.run(Thread.java:1583)\n\n"}}
[debug] [2025-09-18T20:48:41.163Z] Sep 18, 2025 8:48:41 PM com.google.cloud.datastore.emulator.firestore.websocket.WebSocketChannelHandler initChannel
INFO: Connected to new websocket client
 {"metadata":{"emulator":{"name":"firestore"},"message":"Sep 18, 2025 8:48:41 PM com.google.cloud.datastore.emulator.firestore.websocket.WebSocketChannelHandler initChannel\nINFO: Connected to new websocket client\n"}}
[debug] [2025-09-19T10:11:18.055Z] Sep 19, 2025 10:11:18 AM com.google.cloud.datastore.emulator.firestore.websocket.WebSocketChannelHandler initChannel
INFO: Connected to new websocket client
 {"metadata":{"emulator":{"name":"firestore"},"message":"Sep 19, 2025 10:11:18 AM com.google.cloud.datastore.emulator.firestore.websocket.WebSocketChannelHandler initChannel\nINFO: Connected to new websocket client\n"}}
[debug] [2025-09-19T10:13:27.525Z] Sep 19, 2025 10:13:27 AM com.google.cloud.datastore.emulator.firestore.websocket.WebSocketChannelHandler channelClosed
INFO: Websocket client disconnected
 {"metadata":{"emulator":{"name":"firestore"},"message":"Sep 19, 2025 10:13:27 AM com.google.cloud.datastore.emulator.firestore.websocket.WebSocketChannelHandler channelClosed\nINFO: Websocket client disconnected\n"}}
[debug] [2025-09-19T12:31:59.191Z] Sep 19, 2025 12:31:59 PM io.gapi.emulators.netty.HttpVersionRoutingHandler channelRead
INFO: Detected non-HTTP/2 connection.
 {"metadata":{"emulator":{"name":"firestore"},"message":"Sep 19, 2025 12:31:59 PM io.gapi.emulators.netty.HttpVersionRoutingHandler channelRead\nINFO: Detected non-HTTP/2 connection.\n"}}
[debug] [2025-09-19T12:31:59.252Z] Sep 19, 2025 12:31:59 PM io.grpc.netty.NettyServerTransport notifyTerminated
INFO: Transport failed
io.netty.handler.codec.http2.Http2Exception: Unexpected HTTP/1.x request: GET / 
	at io.netty.handler.codec.http2.Http2Exception.connectionError(Http2Exception.java:107)
	at io.netty.handler.codec.http2.Http2ConnectionHandler$PrefaceDecoder.readClientPrefaceString(Http2ConnectionHandler.java:315)
	at io.netty.handler.codec.http2.Http2ConnectionHandler$PrefaceDecoder.decode(Http2ConnectionHandler.java:245)
	at io.netty.handler.codec.http2.Http2ConnectionHandler.decode(Http2ConnectionHandler.java:451)
	at io.netty.handler.codec.ByteToMessageDecoder.decodeRemovalReentryProtection(ByteToMessageDecoder.java:530)
	at io.netty.handler.codec.ByteToMessageDecoder.callDecode(ByteToMessageDecoder.java:469)
	at io.netty.handler.codec.ByteToMessageDecoder.channelRead(ByteToMessageDecoder.java:290)
	at io.netty.channel.AbstractChannelHandlerContext.invokeChannelRead(AbstractChannelHandlerContext.java:444)
	at io.netty.channel.AbstractChannelHandlerContext.invokeChannelRead(AbstractChannelHandlerContext.java:420)
	at io.netty.channel.AbstractChannelHandlerContext.fireChannelRead(AbstractChannelHandlerContext.java:412)
	at io.netty.channel.DefaultChannelPipeline$HeadContext.channelRead(DefaultChannelPipeline.java:1407)
	at io.netty.channel.AbstractChannelHandlerContext.invokeChannelRead(AbstractChannelHandlerContext.java:440)
	at io.netty.channel.AbstractChannelHandlerContext.invokeChannelRead(AbstractChannelHandlerContext.java:420)
	at io.netty.channel.DefaultChannelPipeline.fireChannelRead(DefaultChannelPipeline.java:918)
	at io.netty.channel.nio.AbstractNioByteChannel$NioByteUnsafe.read(AbstractNioByteChannel.java:166)
	at io.netty.channel.nio.NioEventLoop.processSelectedKey(NioEventLoop.java:788)
	at io.netty.channel.nio.NioEventLoop.processSelectedKeysOptimized(NioEventLoop.java:724)
	at io.netty.channel.nio.NioEventLoop.processSelectedKeys(NioEventLoop.java:650)
	at io.netty.channel.nio.NioEventLoop.run(NioEventLoop.java:562)
	at io.netty.util.concurrent.SingleThreadEventExecutor$4.run(SingleThreadEventExecutor.java:994)
	at io.netty.util.internal.ThreadExecutorMap$2.run(ThreadExecutorMap.java:74)
	at io.netty.util.concurrent.FastThreadLocalRunnable.run(FastThreadLocalRunnable.java:30)
	at java.base/java.lang.Thread.run(Thread.java:1583)

 {"metadata":{"emulator":{"name":"firestore"},"message":"Sep 19, 2025 12:31:59 PM io.grpc.netty.NettyServerTransport notifyTerminated\nINFO: Transport failed\nio.netty.handler.codec.http2.Http2Exception: Unexpected HTTP/1.x request: GET / \n\tat io.netty.handler.codec.http2.Http2Exception.connectionError(Http2Exception.java:107)\n\tat io.netty.handler.codec.http2.Http2ConnectionHandler$PrefaceDecoder.readClientPrefaceString(Http2ConnectionHandler.java:315)\n\tat io.netty.handler.codec.http2.Http2ConnectionHandler$PrefaceDecoder.decode(Http2ConnectionHandler.java:245)\n\tat io.netty.handler.codec.http2.Http2ConnectionHandler.decode(Http2ConnectionHandler.java:451)\n\tat io.netty.handler.codec.ByteToMessageDecoder.decodeRemovalReentryProtection(ByteToMessageDecoder.java:530)\n\tat io.netty.handler.codec.ByteToMessageDecoder.callDecode(ByteToMessageDecoder.java:469)\n\tat io.netty.handler.codec.ByteToMessageDecoder.channelRead(ByteToMessageDecoder.java:290)\n\tat io.netty.channel.AbstractChannelHandlerContext.invokeChannelRead(AbstractChannelHandlerContext.java:444)\n\tat io.netty.channel.AbstractChannelHandlerContext.invokeChannelRead(AbstractChannelHandlerContext.java:420)\n\tat io.netty.channel.AbstractChannelHandlerContext.fireChannelRead(AbstractChannelHandlerContext.java:412)\n\tat io.netty.channel.DefaultChannelPipeline$HeadContext.channelRead(DefaultChannelPipeline.java:1407)\n\tat io.netty.channel.AbstractChannelHandlerContext.invokeChannelRead(AbstractChannelHandlerContext.java:440)\n\tat io.netty.channel.AbstractChannelHandlerContext.invokeChannelRead(AbstractChannelHandlerContext.java:420)\n\tat io.netty.channel.DefaultChannelPipeline.fireChannelRead(DefaultChannelPipeline.java:918)\n\tat io.netty.channel.nio.AbstractNioByteChannel$NioByteUnsafe.read(AbstractNioByteChannel.java:166)\n\tat io.netty.channel.nio.NioEventLoop.processSelectedKey(NioEventLoop.java:788)\n\tat io.netty.channel.nio.NioEventLoop.processSelectedKeysOptimized(NioEventLoop.java:724)\n\tat io.netty.channel.nio.NioEventLoop.processSelectedKeys(NioEventLoop.java:650)\n\tat io.netty.channel.nio.NioEventLoop.run(NioEventLoop.java:562)\n\tat io.netty.util.concurrent.SingleThreadEventExecutor$4.run(SingleThreadEventExecutor.java:994)\n\tat io.netty.util.internal.ThreadExecutorMap$2.run(ThreadExecutorMap.java:74)\n\tat io.netty.util.concurrent.FastThreadLocalRunnable.run(FastThreadLocalRunnable.java:30)\n\tat java.base/java.lang.Thread.run(Thread.java:1583)\n\n"}}
[debug] [2025-09-19T12:31:59.329Z] Sep 19, 2025 12:31:59 PM io.grpc.netty.NettyServerTransport notifyTerminated
INFO: Transport failed
io.netty.handler.codec.http2.Http2Exception: HTTP/2 client preface string missing or corrupt. Hex dump for received bytes: 16030105a8010005a40303dea6e465c558aa9a6c33c89be8
	at io.netty.handler.codec.http2.Http2Exception.connectionError(Http2Exception.java:107)
	at io.netty.handler.codec.http2.Http2ConnectionHandler$PrefaceDecoder.readClientPrefaceString(Http2ConnectionHandler.java:319)
	at io.netty.handler.codec.http2.Http2ConnectionHandler$PrefaceDecoder.decode(Http2ConnectionHandler.java:245)
	at io.netty.handler.codec.http2.Http2ConnectionHandler.decode(Http2ConnectionHandler.java:451)
	at io.netty.handler.codec.ByteToMessageDecoder.decodeRemovalReentryProtection(ByteToMessageDecoder.java:530)
	at io.netty.handler.codec.ByteToMessageDecoder.callDecode(ByteToMessageDecoder.java:469)
	at io.netty.handler.codec.ByteToMessageDecoder.channelRead(ByteToMessageDecoder.java:290)
	at io.netty.channel.AbstractChannelHandlerContext.invokeChannelRead(AbstractChannelHandlerContext.java:444)
	at io.netty.channel.AbstractChannelHandlerContext.invokeChannelRead(AbstractChannelHandlerContext.java:420)
	at io.netty.channel.AbstractChannelHandlerContext.fireChannelRead(AbstractChannelHandlerContext.java:412)
	at io.netty.channel.DefaultChannelPipeline$HeadContext.channelRead(DefaultChannelPipeline.java:1407)
	at io.netty.channel.AbstractChannelHandlerContext.invokeChannelRead(AbstractChannelHandlerContext.java:440)
	at io.netty.channel.AbstractChannelHandlerContext.invokeChannelRead(AbstractChannelHandlerContext.java:420)
	at io.netty.channel.DefaultChannelPipeline.fireChannelRead(DefaultChannelPipeline.java:918)
	at io.netty.channel.nio.AbstractNioByteChannel$NioByteUnsafe.read(AbstractNioByteChannel.java:166)
	at io.netty.channel.nio.NioEventLoop.processSelectedKey(NioEventLoop.java:788)
	at io.netty.channel.nio.NioEventLoop.processSelectedKeysOptimized(NioEventLoop.java:724)
	at io.netty.channel.nio.NioEventLoop.processSelectedKeys(NioEventLoop.java:650)
	at io.netty.channel.nio.NioEventLoop.run(NioEventLoop.java:562)
	at io.netty.util.concurrent.SingleThreadEventExecutor$4.run(SingleThreadEventExecutor.java:994)
	at io.netty.util.internal.ThreadExecutorMap$2.run(ThreadExecutorMap.java:74)
	at io.netty.util.concurrent.FastThreadLocalRunnable.run(FastThreadLocalRunnable.java:30)
	at java.base/java.lang.Thread.run(Thread.java:1583)

 {"metadata":{"emulator":{"name":"firestore"},"message":"Sep 19, 2025 12:31:59 PM io.grpc.netty.NettyServerTransport notifyTerminated\nINFO: Transport failed\nio.netty.handler.codec.http2.Http2Exception: HTTP/2 client preface string missing or corrupt. Hex dump for received bytes: 16030105a8010005a40303dea6e465c558aa9a6c33c89be8\n\tat io.netty.handler.codec.http2.Http2Exception.connectionError(Http2Exception.java:107)\n\tat io.netty.handler.codec.http2.Http2ConnectionHandler$PrefaceDecoder.readClientPrefaceString(Http2ConnectionHandler.java:319)\n\tat io.netty.handler.codec.http2.Http2ConnectionHandler$PrefaceDecoder.decode(Http2ConnectionHandler.java:245)\n\tat io.netty.handler.codec.http2.Http2ConnectionHandler.decode(Http2ConnectionHandler.java:451)\n\tat io.netty.handler.codec.ByteToMessageDecoder.decodeRemovalReentryProtection(ByteToMessageDecoder.java:530)\n\tat io.netty.handler.codec.ByteToMessageDecoder.callDecode(ByteToMessageDecoder.java:469)\n\tat io.netty.handler.codec.ByteToMessageDecoder.channelRead(ByteToMessageDecoder.java:290)\n\tat io.netty.channel.AbstractChannelHandlerContext.invokeChannelRead(AbstractChannelHandlerContext.java:444)\n\tat io.netty.channel.AbstractChannelHandlerContext.invokeChannelRead(AbstractChannelHandlerContext.java:420)\n\tat io.netty.channel.AbstractChannelHandlerContext.fireChannelRead(AbstractChannelHandlerContext.java:412)\n\tat io.netty.channel.DefaultChannelPipeline$HeadContext.channelRead(DefaultChannelPipeline.java:1407)\n\tat io.netty.channel.AbstractChannelHandlerContext.invokeChannelRead(AbstractChannelHandlerContext.java:440)\n\tat io.netty.channel.AbstractChannelHandlerContext.invokeChannelRead(AbstractChannelHandlerContext.java:420)\n\tat io.netty.channel.DefaultChannelPipeline.fireChannelRead(DefaultChannelPipeline.java:918)\n\tat io.netty.channel.nio.AbstractNioByteChannel$NioByteUnsafe.read(AbstractNioByteChannel.java:166)\n\tat io.netty.channel.nio.NioEventLoop.processSelectedKey(NioEventLoop.java:788)\n\tat io.netty.channel.nio.NioEventLoop.processSelectedKeysOptimized(NioEventLoop.java:724)\n\tat io.netty.channel.nio.NioEventLoop.processSelectedKeys(NioEventLoop.java:650)\n\tat io.netty.channel.nio.NioEventLoop.run(NioEventLoop.java:562)\n\tat io.netty.util.concurrent.SingleThreadEventExecutor$4.run(SingleThreadEventExecutor.java:994)\n\tat io.netty.util.internal.ThreadExecutorMap$2.run(ThreadExecutorMap.java:74)\n\tat io.netty.util.concurrent.FastThreadLocalRunnable.run(FastThreadLocalRunnable.java:30)\n\tat java.base/java.lang.Thread.run(Thread.java:1583)\n\n"}}
[debug] [2025-09-19T12:31:59.719Z] Sep 19, 2025 12:31:59 PM com.google.cloud.datastore.emulator.firestore.websocket.WebSocketChannelHandler initChannel
INFO: Connected to new websocket client
 {"metadata":{"emulator":{"name":"firestore"},"message":"Sep 19, 2025 12:31:59 PM com.google.cloud.datastore.emulator.firestore.websocket.WebSocketChannelHandler initChannel\nINFO: Connected to new websocket client\n"}}
[debug] [2025-09-19T12:32:05.034Z] Sep 19, 2025 12:32:05 PM com.google.cloud.datastore.emulator.firestore.websocket.WebSocketChannelHandler initChannel
INFO: Connected to new websocket client
 {"metadata":{"emulator":{"name":"firestore"},"message":"Sep 19, 2025 12:32:05 PM com.google.cloud.datastore.emulator.firestore.websocket.WebSocketChannelHandler initChannel\nINFO: Connected to new websocket client\n"}}
[debug] [2025-09-19T14:13:39.967Z] Sep 19, 2025 2:13:39 PM com.google.cloud.datastore.emulator.firestore.websocket.WebSocketChannelHandler channelClosed
INFO: Websocket client disconnected
 {"metadata":{"emulator":{"name":"firestore"},"message":"Sep 19, 2025 2:13:39 PM com.google.cloud.datastore.emulator.firestore.websocket.WebSocketChannelHandler channelClosed\nINFO: Websocket client disconnected\n"}}
[debug] [2025-09-19T14:13:39.970Z] Sep 19, 2025 2:13:39 PM com.google.cloud.datastore.emulator.firestore.websocket.WebSocketChannelHandler channelClosed
INFO: Websocket client disconnected
 {"metadata":{"emulator":{"name":"firestore"},"message":"Sep 19, 2025 2:13:39 PM com.google.cloud.datastore.emulator.firestore.websocket.WebSocketChannelHandler channelClosed\nINFO: Websocket client disconnected\n"}}
[debug] [2025-09-19T14:13:39.988Z] Sep 19, 2025 2:13:39 PM com.google.cloud.datastore.emulator.firestore.websocket.WebSocketChannelHandler channelClosed
INFO: Websocket client disconnected
Sep 19, 2025 2:13:39 PM com.google.cloud.datastore.emulator.firestore.websocket.WebSocketChannelHandler channelClosed
INFO: Websocket client disconnected
Sep 19, 2025 2:13:39 PM com.google.cloud.datastore.emulator.firestore.websocket.WebSocketChannelHandler channelClosed
INFO: Websocket client disconnected
 {"metadata":{"emulator":{"name":"firestore"},"message":"Sep 19, 2025 2:13:39 PM com.google.cloud.datastore.emulator.firestore.websocket.WebSocketChannelHandler channelClosed\nINFO: Websocket client disconnected\nSep 19, 2025 2:13:39 PM com.google.cloud.datastore.emulator.firestore.websocket.WebSocketChannelHandler channelClosed\nINFO: Websocket client disconnected\nSep 19, 2025 2:13:39 PM com.google.cloud.datastore.emulator.firestore.websocket.WebSocketChannelHandler channelClosed\nINFO: Websocket client disconnected\n"}}
[debug] [2025-09-19T14:13:40.009Z] Sep 19, 2025 2:13:39 PM com.google.cloud.datastore.emulator.firestore.websocket.WebSocketChannelHandler channelClosed
INFO: Websocket client disconnected
Sep 19, 2025 2:13:39 PM com.google.cloud.datastore.emulator.firestore.websocket.WebSocketChannelHandler channelClosed
INFO: Websocket client disconnected
Sep 19, 2025 2:13:40 PM com.google.cloud.datastore.emulator.firestore.websocket.WebSocketChannelHandler channelClosed
INFO: Websocket client disconnected
 {"metadata":{"emulator":{"name":"firestore"},"message":"Sep 19, 2025 2:13:39 PM com.google.cloud.datastore.emulator.firestore.websocket.WebSocketChannelHandler channelClosed\nINFO: Websocket client disconnected\nSep 19, 2025 2:13:39 PM com.google.cloud.datastore.emulator.firestore.websocket.WebSocketChannelHandler channelClosed\nINFO: Websocket client disconnected\nSep 19, 2025 2:13:40 PM com.google.cloud.datastore.emulator.firestore.websocket.WebSocketChannelHandler channelClosed\nINFO: Websocket client disconnected\n"}}
[debug] [2025-09-19T14:17:28.863Z] ----------------------------------------------------------------------
[debug] [2025-09-19T14:17:28.867Z] Command:       /nix/store/ws50yvm6vzlzf7jzz6n7xh4szddrack1-nodejs-20.19.1/bin/node /nix/store/wma3rvxxva78rqvnpja82nx5b3mclpxg-firebase-tools-14.15.2/lib/node_modules/firebase-tools/lib/bin/firebase.js emulators:start --project=demo-app --only=auth,firestore
[debug] [2025-09-19T14:17:28.868Z] CLI Version:   14.15.2
[debug] [2025-09-19T14:17:28.868Z] Platform:      linux
[debug] [2025-09-19T14:17:28.869Z] Node Version:  v20.19.1
[debug] [2025-09-19T14:17:28.869Z] Time:          Fri Sep 19 2025 14:17:28 GMT+0000 (Coordinated Universal Time)
[debug] [2025-09-19T14:17:28.869Z] ----------------------------------------------------------------------
[debug] 
[debug] [2025-09-19T14:17:28.874Z] >>> [apiv2][query] GET https://firebase-public.firebaseio.com/cli.json [none]
[debug] [2025-09-19T14:17:30.492Z] <<< [apiv2][status] GET https://firebase-public.firebaseio.com/cli.json 200
[debug] [2025-09-19T14:17:30.493Z] <<< [apiv2][body] GET https://firebase-public.firebaseio.com/cli.json {"cloudBuildErrorAfter":1594252800000,"cloudBuildWarnAfter":1590019200000,"defaultNode10After":1594252800000,"minVersion":"3.0.5","node8DeploysDisabledAfter":1613390400000,"node8RuntimeDisabledAfter":1615809600000,"node8WarnAfter":1600128000000}
[debug] [2025-09-19T14:17:30.862Z] openjdk version "21.0.7" 2025-04-15
OpenJDK Runtime Environment (build 21.0.7+6-nixos)
OpenJDK 64-Bit Server VM (build 21.0.7+6-nixos, mixed mode, sharing)

[debug] [2025-09-19T14:17:30.900Z] Parsed Java major version: 21
[info] i  emulators: Starting emulators: firestore {"metadata":{"emulator":{"name":"hub"},"message":"Starting emulators: firestore"}}
[info] i  emulators: Detected demo project ID "demo-app", emulated services will use a demo configuration and attempts to access non-emulated services for this project will fail. {"metadata":{"emulator":{"name":"hub"},"message":"Detected demo project ID \"demo-app\", emulated services will use a demo configuration and attempts to access non-emulated services for this project will fail."}}
[warn] ⚠  auth: Not starting the auth emulator, make sure you have run firebase init. {"metadata":{"emulator":{"name":"auth"},"message":"Not starting the auth emulator, make sure you have run firebase init."}}
[warn] ⚠  hub: Error when trying to check port 4400 on ::1: Error: listen EADDRNOTAVAIL: address not available ::1:4400 {"metadata":{"emulator":{"name":"hub"},"message":"Error when trying to check port 4400 on ::1: Error: listen EADDRNOTAVAIL: address not available ::1:4400"}}
[warn] ⚠  hub: Port 4400 is available on 127.0.0.1 but not ::1. This may cause issues with some clients. {"metadata":{"emulator":{"name":"hub"},"message":"Port 4400 is available on 127.0.0.1 but not ::1. This may cause issues with some clients."}}
[warn] ⚠  hub: If you encounter connectivity issues, consider switching to a different port or explicitly specifying "host": "<ip address>" instead of hostname in firebase.json {"metadata":{"emulator":{"name":"hub"},"message":"If you encounter connectivity issues, consider switching to a different port or explicitly specifying \"host\": \"<ip address>\" instead of hostname in firebase.json"}}
[warn] ⚠  ui: Error when trying to check port 4000 on ::1: Error: listen EADDRNOTAVAIL: address not available ::1:4000 {"metadata":{"emulator":{"name":"ui"},"message":"Error when trying to check port 4000 on ::1: Error: listen EADDRNOTAVAIL: address not available ::1:4000"}}
[warn] ⚠  ui: Port 4000 is available on 127.0.0.1 but not ::1. This may cause issues with some clients. {"metadata":{"emulator":{"name":"ui"},"message":"Port 4000 is available on 127.0.0.1 but not ::1. This may cause issues with some clients."}}
[warn] ⚠  ui: If you encounter connectivity issues, consider switching to a different port or explicitly specifying "host": "<ip address>" instead of hostname in firebase.json {"metadata":{"emulator":{"name":"ui"},"message":"If you encounter connectivity issues, consider switching to a different port or explicitly specifying \"host\": \"<ip address>\" instead of hostname in firebase.json"}}
[warn] ⚠  logging: Error when trying to check port 4500 on ::1: Error: listen EADDRNOTAVAIL: address not available ::1:4500 {"metadata":{"emulator":{"name":"logging"},"message":"Error when trying to check port 4500 on ::1: Error: listen EADDRNOTAVAIL: address not available ::1:4500"}}
[warn] ⚠  logging: Port 4500 is available on 127.0.0.1 but not ::1. This may cause issues with some clients. {"metadata":{"emulator":{"name":"logging"},"message":"Port 4500 is available on 127.0.0.1 but not ::1. This may cause issues with some clients."}}
[warn] ⚠  logging: If you encounter connectivity issues, consider switching to a different port or explicitly specifying "host": "<ip address>" instead of hostname in firebase.json {"metadata":{"emulator":{"name":"logging"},"message":"If you encounter connectivity issues, consider switching to a different port or explicitly specifying \"host\": \"<ip address>\" instead of hostname in firebase.json"}}
[warn] ⚠  firestore: Error when trying to check port 8080 on ::1: Error: listen EADDRNOTAVAIL: address not available ::1:8080 {"metadata":{"emulator":{"name":"firestore"},"message":"Error when trying to check port 8080 on ::1: Error: listen EADDRNOTAVAIL: address not available ::1:8080"}}
[warn] ⚠  firestore: Port 8080 is available on 127.0.0.1 but not ::1. This may cause issues with some clients. {"metadata":{"emulator":{"name":"firestore"},"message":"Port 8080 is available on 127.0.0.1 but not ::1. This may cause issues with some clients."}}
[warn] ⚠  firestore: If you encounter connectivity issues, consider switching to a different port or explicitly specifying "host": "<ip address>" instead of hostname in firebase.json {"metadata":{"emulator":{"name":"firestore"},"message":"If you encounter connectivity issues, consider switching to a different port or explicitly specifying \"host\": \"<ip address>\" instead of hostname in firebase.json"}}
[warn] ⚠  firestore.websocket: Error when trying to check port 9150 on ::1: Error: listen EADDRNOTAVAIL: address not available ::1:9150 {"metadata":{"emulator":{"name":"firestore"},"message":"Error when trying to check port 9150 on ::1: Error: listen EADDRNOTAVAIL: address not available ::1:9150"}}
[warn] ⚠  firestore: Port 9150 is available on 127.0.0.1 but not ::1. This may cause issues with some clients. {"metadata":{"emulator":{"name":"firestore"},"message":"Port 9150 is available on 127.0.0.1 but not ::1. This may cause issues with some clients."}}
[warn] ⚠  firestore: If you encounter connectivity issues, consider switching to a different port or explicitly specifying "host": "<ip address>" instead of hostname in firebase.json {"metadata":{"emulator":{"name":"firestore"},"message":"If you encounter connectivity issues, consider switching to a different port or explicitly specifying \"host\": \"<ip address>\" instead of hostname in firebase.json"}}
[debug] [2025-09-19T14:17:30.919Z] assigned listening specs for emulators {"user":{"hub":[{"address":"127.0.0.1","family":"IPv4","port":4400}],"ui":[{"address":"127.0.0.1","family":"IPv4","port":4000}],"logging":[{"address":"127.0.0.1","family":"IPv4","port":4500}],"firestore":[{"address":"127.0.0.1","family":"IPv4","port":8080}],"firestore.websocket":[{"address":"127.0.0.1","family":"IPv4","port":9150}]},"metadata":{"message":"assigned listening specs for emulators"}}
[debug] [2025-09-19T14:17:30.924Z] [hub] writing locator at /tmp/hub-demo-app.json
[debug] [2025-09-19T14:17:30.944Z] Ignoring unsupported arg: auto_download {"metadata":{"emulator":{"name":"firestore"},"message":"Ignoring unsupported arg: auto_download"}}
[debug] [2025-09-19T14:17:30.945Z] Ignoring unsupported arg: single_project_mode_error {"metadata":{"emulator":{"name":"firestore"},"message":"Ignoring unsupported arg: single_project_mode_error"}}
[debug] [2025-09-19T14:17:30.945Z] Starting Firestore Emulator with command {"binary":"java","args":["-Dgoogle.cloud_firestore.debug_log_level=FINE","-Duser.language=en","-jar","/nix/store/3laqb760jgfb1kqsqz3g7mjnk41l8iwg-emulators/cloud-firestore-emulator-v1.19.8.jar","--host","127.0.0.1","--port",8080,"--websocket_port",9150,"--project_id","demo-app","--rules","/home/user/studio/firestore.rules","--single_project_mode",true],"optionalArgs":["port","webchannel_port","host","rules","websocket_port","functions_emulator","seed_from_export","project_id","single_project_mode"],"joinArgs":false,"shell":false,"port":8080} {"metadata":{"emulator":{"name":"firestore"},"message":"Starting Firestore Emulator with command {\"binary\":\"java\",\"args\":[\"-Dgoogle.cloud_firestore.debug_log_level=FINE\",\"-Duser.language=en\",\"-jar\",\"/nix/store/3laqb760jgfb1kqsqz3g7mjnk41l8iwg-emulators/cloud-firestore-emulator-v1.19.8.jar\",\"--host\",\"127.0.0.1\",\"--port\",8080,\"--websocket_port\",9150,\"--project_id\",\"demo-app\",\"--rules\",\"/home/user/studio/firestore.rules\",\"--single_project_mode\",true],\"optionalArgs\":[\"port\",\"webchannel_port\",\"host\",\"rules\",\"websocket_port\",\"functions_emulator\",\"seed_from_export\",\"project_id\",\"single_project_mode\"],\"joinArgs\":false,\"shell\":false,\"port\":8080}"}}
[info] i  firestore: Firestore Emulator logging to firestore-debug.log {"metadata":{"emulator":{"name":"firestore"},"message":"Firestore Emulator logging to firestore-debug.log"}}
[debug] [2025-09-19T14:17:34.542Z] Sep 19, 2025 2:17:34 PM com.google.cloud.datastore.emulator.firestore.websocket.WebSocketServer start
INFO: Started WebSocket server on ws://127.0.0.1:9150
 {"metadata":{"emulator":{"name":"firestore"},"message":"Sep 19, 2025 2:17:34 PM com.google.cloud.datastore.emulator.firestore.websocket.WebSocketServer start\nINFO: Started WebSocket server on ws://127.0.0.1:9150\n"}}
[debug] [2025-09-19T14:17:34.611Z] API endpoint: http:// {"metadata":{"emulator":{"name":"firestore"},"message":"API endpoint: http://"}}
[debug] [2025-09-19T14:17:34.617Z] 127.0.0.1:8080
If you are using a library that supports the FIRESTORE_EMULATOR_HOST environment variable, run:

   export FIRESTORE_EMULATOR_HOST=127.0.0.1:8080

If you are running a Firestore in Datastore Mode project, run:

   export DATASTORE_EMULATOR_HOST=127.0.0.1:8080

Note: Support for Datastore Mode is in preview. If you encounter any bugs please file at https://github.com/firebase/firebase-tools/issues.
Dev App Server is now running.

 {"metadata":{"emulator":{"name":"firestore"},"message":"127.0.0.1:8080\nIf you are using a library that supports the FIRESTORE_EMULATOR_HOST environment variable, run:\n\n   export FIRESTORE_EMULATOR_HOST=127.0.0.1:8080\n\nIf you are running a Firestore in Datastore Mode project, run:\n\n   export DATASTORE_EMULATOR_HOST=127.0.0.1:8080\n\nNote: Support for Datastore Mode is in preview. If you encounter any bugs please file at https://github.com/firebase/firebase-tools/issues.\nDev App Server is now running.\n\n"}}
[info] ✔  firestore: Firestore Emulator UI websocket is running on 9150. {"metadata":{"emulator":{"name":"firestore"},"message":"Firestore Emulator UI websocket is running on 9150."}}
[debug] [2025-09-19T14:17:34.655Z] Could not find VSCode notification endpoint: FetchError: request to http://localhost:40001/vscode/notify failed, reason: connect ECONNREFUSED 127.0.0.1:40001. If you are not running the Firebase Data Connect VSCode extension, this is expected and not an issue.
[info] 
┌─────────────────────────────────────────────────────────────┐
│ ✔  All emulators ready! It is now safe to connect your app. │
│ i  View Emulator UI at http://127.0.0.1:4000/               │
└─────────────────────────────────────────────────────────────┘

┌───────────┬────────────────┬─────────────────────────────────┐
│ Emulator  │ Host:Port      │ View in Emulator UI             │
├───────────┼────────────────┼─────────────────────────────────┤
│ Firestore │ 127.0.0.1:8080 │ http://127.0.0.1:4000/firestore │
└───────────┴────────────────┴─────────────────────────────────┘
  Emulator Hub host: 127.0.0.1 port: 4400
  Other reserved ports: 4500, 9150

Issues? Report them at https://github.com/firebase/firebase-tools/issues and attach the *-debug.log files.
 
[debug] [2025-09-20T13:31:37.441Z] ----------------------------------------------------------------------
[debug] [2025-09-20T13:31:37.446Z] Command:       /nix/store/ws50yvm6vzlzf7jzz6n7xh4szddrack1-nodejs-20.19.1/bin/node /nix/store/wma3rvxxva78rqvnpja82nx5b3mclpxg-firebase-tools-14.15.2/lib/node_modules/firebase-tools/lib/bin/firebase.js emulators:start --project=demo-app --only=auth,firestore
[debug] [2025-09-20T13:31:37.447Z] CLI Version:   14.15.2
[debug] [2025-09-20T13:31:37.447Z] Platform:      linux
[debug] [2025-09-20T13:31:37.447Z] Node Version:  v20.19.1
[debug] [2025-09-20T13:31:37.447Z] Time:          Sat Sep 20 2025 13:31:37 GMT+0000 (Coordinated Universal Time)
[debug] [2025-09-20T13:31:37.448Z] ----------------------------------------------------------------------
[debug] 
[debug] [2025-09-20T13:31:38.977Z] openjdk version "21.0.7" 2025-04-15

[debug] [2025-09-20T13:31:38.980Z] OpenJDK Runtime Environment (build 21.0.7+6-nixos)
OpenJDK 64-Bit Server VM (build 21.0.7+6-nixos, mixed mode, sharing)

[debug] [2025-09-20T13:31:39.022Z] Parsed Java major version: 21
[info] i  emulators: Starting emulators: firestore {"metadata":{"emulator":{"name":"hub"},"message":"Starting emulators: firestore"}}
[info] i  emulators: Detected demo project ID "demo-app", emulated services will use a demo configuration and attempts to access non-emulated services for this project will fail. {"metadata":{"emulator":{"name":"hub"},"message":"Detected demo project ID \"demo-app\", emulated services will use a demo configuration and attempts to access non-emulated services for this project will fail."}}
[warn] ⚠  auth: Not starting the auth emulator, make sure you have run firebase init. {"metadata":{"emulator":{"name":"auth"},"message":"Not starting the auth emulator, make sure you have run firebase init."}}
[warn] ⚠  hub: Error when trying to check port 4400 on ::1: Error: listen EADDRNOTAVAIL: address not available ::1:4400 {"metadata":{"emulator":{"name":"hub"},"message":"Error when trying to check port 4400 on ::1: Error: listen EADDRNOTAVAIL: address not available ::1:4400"}}
[warn] ⚠  hub: Port 4400 is available on 127.0.0.1 but not ::1. This may cause issues with some clients. {"metadata":{"emulator":{"name":"hub"},"message":"Port 4400 is available on 127.0.0.1 but not ::1. This may cause issues with some clients."}}
[warn] ⚠  hub: If you encounter connectivity issues, consider switching to a different port or explicitly specifying "host": "<ip address>" instead of hostname in firebase.json {"metadata":{"emulator":{"name":"hub"},"message":"If you encounter connectivity issues, consider switching to a different port or explicitly specifying \"host\": \"<ip address>\" instead of hostname in firebase.json"}}
[warn] ⚠  ui: Error when trying to check port 4000 on ::1: Error: listen EADDRNOTAVAIL: address not available ::1:4000 {"metadata":{"emulator":{"name":"ui"},"message":"Error when trying to check port 4000 on ::1: Error: listen EADDRNOTAVAIL: address not available ::1:4000"}}
[warn] ⚠  ui: Port 4000 is available on 127.0.0.1 but not ::1. This may cause issues with some clients. {"metadata":{"emulator":{"name":"ui"},"message":"Port 4000 is available on 127.0.0.1 but not ::1. This may cause issues with some clients."}}
[warn] ⚠  ui: If you encounter connectivity issues, consider switching to a different port or explicitly specifying "host": "<ip address>" instead of hostname in firebase.json {"metadata":{"emulator":{"name":"ui"},"message":"If you encounter connectivity issues, consider switching to a different port or explicitly specifying \"host\": \"<ip address>\" instead of hostname in firebase.json"}}
[warn] ⚠  logging: Error when trying to check port 4500 on ::1: Error: listen EADDRNOTAVAIL: address not available ::1:4500 {"metadata":{"emulator":{"name":"logging"},"message":"Error when trying to check port 4500 on ::1: Error: listen EADDRNOTAVAIL: address not available ::1:4500"}}
[warn] ⚠  logging: Port 4500 is available on 127.0.0.1 but not ::1. This may cause issues with some clients. {"metadata":{"emulator":{"name":"logging"},"message":"Port 4500 is available on 127.0.0.1 but not ::1. This may cause issues with some clients."}}
[warn] ⚠  logging: If you encounter connectivity issues, consider switching to a different port or explicitly specifying "host": "<ip address>" instead of hostname in firebase.json {"metadata":{"emulator":{"name":"logging"},"message":"If you encounter connectivity issues, consider switching to a different port or explicitly specifying \"host\": \"<ip address>\" instead of hostname in firebase.json"}}
[warn] ⚠  firestore: Error when trying to check port 8080 on ::1: Error: listen EADDRNOTAVAIL: address not available ::1:8080 {"metadata":{"emulator":{"name":"firestore"},"message":"Error when trying to check port 8080 on ::1: Error: listen EADDRNOTAVAIL: address not available ::1:8080"}}
[warn] ⚠  firestore: Port 8080 is available on 127.0.0.1 but not ::1. This may cause issues with some clients. {"metadata":{"emulator":{"name":"firestore"},"message":"Port 8080 is available on 127.0.0.1 but not ::1. This may cause issues with some clients."}}
[warn] ⚠  firestore: If you encounter connectivity issues, consider switching to a different port or explicitly specifying "host": "<ip address>" instead of hostname in firebase.json {"metadata":{"emulator":{"name":"firestore"},"message":"If you encounter connectivity issues, consider switching to a different port or explicitly specifying \"host\": \"<ip address>\" instead of hostname in firebase.json"}}
[warn] ⚠  firestore.websocket: Error when trying to check port 9150 on ::1: Error: listen EADDRNOTAVAIL: address not available ::1:9150 {"metadata":{"emulator":{"name":"firestore"},"message":"Error when trying to check port 9150 on ::1: Error: listen EADDRNOTAVAIL: address not available ::1:9150"}}
[warn] ⚠  firestore: Port 9150 is available on 127.0.0.1 but not ::1. This may cause issues with some clients. {"metadata":{"emulator":{"name":"firestore"},"message":"Port 9150 is available on 127.0.0.1 but not ::1. This may cause issues with some clients."}}
[warn] ⚠  firestore: If you encounter connectivity issues, consider switching to a different port or explicitly specifying "host": "<ip address>" instead of hostname in firebase.json {"metadata":{"emulator":{"name":"firestore"},"message":"If you encounter connectivity issues, consider switching to a different port or explicitly specifying \"host\": \"<ip address>\" instead of hostname in firebase.json"}}
[debug] [2025-09-20T13:31:39.054Z] assigned listening specs for emulators {"user":{"hub":[{"address":"127.0.0.1","family":"IPv4","port":4400}],"ui":[{"address":"127.0.0.1","family":"IPv4","port":4000}],"logging":[{"address":"127.0.0.1","family":"IPv4","port":4500}],"firestore":[{"address":"127.0.0.1","family":"IPv4","port":8080}],"firestore.websocket":[{"address":"127.0.0.1","family":"IPv4","port":9150}]},"metadata":{"message":"assigned listening specs for emulators"}}
[debug] [2025-09-20T13:31:39.061Z] [hub] writing locator at /tmp/hub-demo-app.json
[debug] [2025-09-20T13:31:39.086Z] Ignoring unsupported arg: auto_download {"metadata":{"emulator":{"name":"firestore"},"message":"Ignoring unsupported arg: auto_download"}}
[debug] [2025-09-20T13:31:39.087Z] Ignoring unsupported arg: single_project_mode_error {"metadata":{"emulator":{"name":"firestore"},"message":"Ignoring unsupported arg: single_project_mode_error"}}
[debug] [2025-09-20T13:31:39.088Z] Starting Firestore Emulator with command {"binary":"java","args":["-Dgoogle.cloud_firestore.debug_log_level=FINE","-Duser.language=en","-jar","/nix/store/3laqb760jgfb1kqsqz3g7mjnk41l8iwg-emulators/cloud-firestore-emulator-v1.19.8.jar","--host","127.0.0.1","--port",8080,"--websocket_port",9150,"--project_id","demo-app","--rules","/home/user/studio/firestore.rules","--single_project_mode",true],"optionalArgs":["port","webchannel_port","host","rules","websocket_port","functions_emulator","seed_from_export","project_id","single_project_mode"],"joinArgs":false,"shell":false,"port":8080} {"metadata":{"emulator":{"name":"firestore"},"message":"Starting Firestore Emulator with command {\"binary\":\"java\",\"args\":[\"-Dgoogle.cloud_firestore.debug_log_level=FINE\",\"-Duser.language=en\",\"-jar\",\"/nix/store/3laqb760jgfb1kqsqz3g7mjnk41l8iwg-emulators/cloud-firestore-emulator-v1.19.8.jar\",\"--host\",\"127.0.0.1\",\"--port\",8080,\"--websocket_port\",9150,\"--project_id\",\"demo-app\",\"--rules\",\"/home/user/studio/firestore.rules\",\"--single_project_mode\",true],\"optionalArgs\":[\"port\",\"webchannel_port\",\"host\",\"rules\",\"websocket_port\",\"functions_emulator\",\"seed_from_export\",\"project_id\",\"single_project_mode\"],\"joinArgs\":false,\"shell\":false,\"port\":8080}"}}
[info] i  firestore: Firestore Emulator logging to firestore-debug.log {"metadata":{"emulator":{"name":"firestore"},"message":"Firestore Emulator logging to firestore-debug.log"}}
[debug] [2025-09-20T13:31:44.696Z] Sep 20, 2025 1:31:44 PM com.google.cloud.datastore.emulator.firestore.websocket.WebSocketServer start
INFO: Started WebSocket server on ws://127.0.0.1:9150
 {"metadata":{"emulator":{"name":"firestore"},"message":"Sep 20, 2025 1:31:44 PM com.google.cloud.datastore.emulator.firestore.websocket.WebSocketServer start\nINFO: Started WebSocket server on ws://127.0.0.1:9150\n"}}
[debug] [2025-09-20T13:31:44.829Z] API endpoint: http:// {"metadata":{"emulator":{"name":"firestore"},"message":"API endpoint: http://"}}
[debug] [2025-09-20T13:31:44.840Z] 127.0.0.1:8080
If you are using a library that supports the FIRESTORE_EMULATOR_HOST environment variable, run:

   export FIRESTORE_EMULATOR_HOST=127.0.0.1:8080

If you are running a Firestore in Datastore Mode project, run:

   export DATASTORE_EMULATOR_HOST=127.0.0.1:8080

Note: Support for Datastore Mode is in preview. If you encounter any bugs please file at https://github.com/firebase/firebase-tools/issues.
Dev App Server is now running.

 {"metadata":{"emulator":{"name":"firestore"},"message":"127.0.0.1:8080\nIf you are using a library that supports the FIRESTORE_EMULATOR_HOST environment variable, run:\n\n   export FIRESTORE_EMULATOR_HOST=127.0.0.1:8080\n\nIf you are running a Firestore in Datastore Mode project, run:\n\n   export DATASTORE_EMULATOR_HOST=127.0.0.1:8080\n\nNote: Support for Datastore Mode is in preview. If you encounter any bugs please file at https://github.com/firebase/firebase-tools/issues.\nDev App Server is now running.\n\n"}}
[info] ✔  firestore: Firestore Emulator UI websocket is running on 9150. {"metadata":{"emulator":{"name":"firestore"},"message":"Firestore Emulator UI websocket is running on 9150."}}
[debug] [2025-09-20T13:31:45.154Z] Could not find VSCode notification endpoint: FetchError: request to http://localhost:40001/vscode/notify failed, reason: connect ECONNREFUSED 127.0.0.1:40001. If you are not running the Firebase Data Connect VSCode extension, this is expected and not an issue.
[info] 
┌─────────────────────────────────────────────────────────────┐
│ ✔  All emulators ready! It is now safe to connect your app. │
│ i  View Emulator UI at http://127.0.0.1:4000/               │
└─────────────────────────────────────────────────────────────┘

┌───────────┬────────────────┬─────────────────────────────────┐
│ Emulator  │ Host:Port      │ View in Emulator UI             │
├───────────┼────────────────┼─────────────────────────────────┤
│ Firestore │ 127.0.0.1:8080 │ http://127.0.0.1:4000/firestore │
└───────────┴────────────────┴─────────────────────────────────┘
  Emulator Hub host: 127.0.0.1 port: 4400
  Other reserved ports: 4500, 9150

Issues? Report them at https://github.com/firebase/firebase-tools/issues and attach the *-debug.log files.
 
[debug] [2025-09-20T13:34:30.237Z] Sep 20, 2025 1:34:30 PM com.google.cloud.datastore.emulator.firestore.websocket.WebSocketChannelHandler initChannel
INFO: Connected to new websocket client
 {"metadata":{"emulator":{"name":"firestore"},"message":"Sep 20, 2025 1:34:30 PM com.google.cloud.datastore.emulator.firestore.websocket.WebSocketChannelHandler initChannel\nINFO: Connected to new websocket client\n"}}
[debug] [2025-09-20T13:34:31.300Z] Sep 20, 2025 1:34:31 PM io.gapi.emulators.netty.HttpVersionRoutingHandler channelRead
INFO: Detected non-HTTP/2 connection.
 {"metadata":{"emulator":{"name":"firestore"},"message":"Sep 20, 2025 1:34:31 PM io.gapi.emulators.netty.HttpVersionRoutingHandler channelRead\nINFO: Detected non-HTTP/2 connection.\n"}}
[debug] [2025-09-20T13:34:31.481Z] Sep 20, 2025 1:34:31 PM io.grpc.netty.NettyServerTransport notifyTerminated
INFO: Transport failed
io.netty.handler.codec.http2.Http2Exception: Unexpected HTTP/1.x request: GET / 
	at io.netty.handler.codec.http2.Http2Exception.connectionError(Http2Exception.java:107)
	at io.netty.handler.codec.http2.Http2ConnectionHandler$PrefaceDecoder.readClientPrefaceString(Http2ConnectionHandler.java:315)
	at io.netty.handler.codec.http2.Http2ConnectionHandler$PrefaceDecoder.decode(Http2ConnectionHandler.java:245)
	at io.netty.handler.codec.http2.Http2ConnectionHandler.decode(Http2ConnectionHandler.java:451)
	at io.netty.handler.codec.ByteToMessageDecoder.decodeRemovalReentryProtection(ByteToMessageDecoder.java:530)
	at io.netty.handler.codec.ByteToMessageDecoder.callDecode(ByteToMessageDecoder.java:469)
	at io.netty.handler.codec.ByteToMessageDecoder.channelRead(ByteToMessageDecoder.java:290)
	at io.netty.channel.AbstractChannelHandlerContext.invokeChannelRead(AbstractChannelHandlerContext.java:444)
	at io.netty.channel.AbstractChannelHandlerContext.invokeChannelRead(AbstractChannelHandlerContext.java:420)
	at io.netty.channel.AbstractChannelHandlerContext.fireChannelRead(AbstractChannelHandlerContext.java:412)
	at io.netty.channel.DefaultChannelPipeline$HeadContext.channelRead(DefaultChannelPipeline.java:1407)
	at io.netty.channel.AbstractChannelHandlerContext.invokeChannelRead(AbstractChannelHandlerContext.java:440)
	at io.netty.channel.AbstractChannelHandlerContext.invokeChannelRead(AbstractChannelHandlerContext.java:420)
	at io.netty.channel.DefaultChannelPipeline.fireChannelRead(DefaultChannelPipeline.java:918)
	at io.netty.channel.nio.AbstractNioByteChannel$NioByteUnsafe.read(AbstractNioByteChannel.java:166)
	at io.netty.channel.nio.NioEventLoop.processSelectedKey(NioEventLoop.java:788)
	at io.netty.channel.nio.NioEventLoop.processSelectedKeysOptimized(NioEventLoop.java:724)
	at io.netty.channel.nio.NioEventLoop.processSelectedKeys(NioEventLoop.java:650)
	at io.netty.channel.nio.NioEventLoop.run(NioEventLoop.java:562)
	at io.netty.util.concurrent.SingleThreadEventExecutor$4.run(SingleThreadEventExecutor.java:994)
	at io.netty.util.internal.ThreadExecutorMap$2.run(ThreadExecutorMap.java:74)
	at io.netty.util.concurrent.FastThreadLocalRunnable.run(FastThreadLocalRunnable.java:30)
	at java.base/java.lang.Thread.run(Thread.java:1583)

 {"metadata":{"emulator":{"name":"firestore"},"message":"Sep 20, 2025 1:34:31 PM io.grpc.netty.NettyServerTransport notifyTerminated\nINFO: Transport failed\nio.netty.handler.codec.http2.Http2Exception: Unexpected HTTP/1.x request: GET / \n\tat io.netty.handler.codec.http2.Http2Exception.connectionError(Http2Exception.java:107)\n\tat io.netty.handler.codec.http2.Http2ConnectionHandler$PrefaceDecoder.readClientPrefaceString(Http2ConnectionHandler.java:315)\n\tat io.netty.handler.codec.http2.Http2ConnectionHandler$PrefaceDecoder.decode(Http2ConnectionHandler.java:245)\n\tat io.netty.handler.codec.http2.Http2ConnectionHandler.decode(Http2ConnectionHandler.java:451)\n\tat io.netty.handler.codec.ByteToMessageDecoder.decodeRemovalReentryProtection(ByteToMessageDecoder.java:530)\n\tat io.netty.handler.codec.ByteToMessageDecoder.callDecode(ByteToMessageDecoder.java:469)\n\tat io.netty.handler.codec.ByteToMessageDecoder.channelRead(ByteToMessageDecoder.java:290)\n\tat io.netty.channel.AbstractChannelHandlerContext.invokeChannelRead(AbstractChannelHandlerContext.java:444)\n\tat io.netty.channel.AbstractChannelHandlerContext.invokeChannelRead(AbstractChannelHandlerContext.java:420)\n\tat io.netty.channel.AbstractChannelHandlerContext.fireChannelRead(AbstractChannelHandlerContext.java:412)\n\tat io.netty.channel.DefaultChannelPipeline$HeadContext.channelRead(DefaultChannelPipeline.java:1407)\n\tat io.netty.channel.AbstractChannelHandlerContext.invokeChannelRead(AbstractChannelHandlerContext.java:440)\n\tat io.netty.channel.AbstractChannelHandlerContext.invokeChannelRead(AbstractChannelHandlerContext.java:420)\n\tat io.netty.channel.DefaultChannelPipeline.fireChannelRead(DefaultChannelPipeline.java:918)\n\tat io.netty.channel.nio.AbstractNioByteChannel$NioByteUnsafe.read(AbstractNioByteChannel.java:166)\n\tat io.netty.channel.nio.NioEventLoop.processSelectedKey(NioEventLoop.java:788)\n\tat io.netty.channel.nio.NioEventLoop.processSelectedKeysOptimized(NioEventLoop.java:724)\n\tat io.netty.channel.nio.NioEventLoop.processSelectedKeys(NioEventLoop.java:650)\n\tat io.netty.channel.nio.NioEventLoop.run(NioEventLoop.java:562)\n\tat io.netty.util.concurrent.SingleThreadEventExecutor$4.run(SingleThreadEventExecutor.java:994)\n\tat io.netty.util.internal.ThreadExecutorMap$2.run(ThreadExecutorMap.java:74)\n\tat io.netty.util.concurrent.FastThreadLocalRunnable.run(FastThreadLocalRunnable.java:30)\n\tat java.base/java.lang.Thread.run(Thread.java:1583)\n\n"}}
[debug] [2025-09-20T13:34:31.728Z] Sep 20, 2025 1:34:31 PM io.grpc.netty.NettyServerTransport notifyTerminated
INFO: Transport failed
io.netty.handler.codec.http2.Http2Exception: HTTP/2 client preface string missing or corrupt. Hex dump for received bytes: 16030105a8010005a4030379da83d2289d6c30b2ea9021cb
	at io.netty.handler.codec.http2.Http2Exception.connectionError(Http2Exception.java:107)
	at io.netty.handler.codec.http2.Http2ConnectionHandler$PrefaceDecoder.readClientPrefaceString(Http2ConnectionHandler.java:319)
	at io.netty.handler.codec.http2.Http2ConnectionHandler$PrefaceDecoder.decode(Http2ConnectionHandler.java:245)
	at io.netty.handler.codec.http2.Http2ConnectionHandler.decode(Http2ConnectionHandler.java:451)
	at io.netty.handler.codec.ByteToMessageDecoder.decodeRemovalReentryProtection(ByteToMessageDecoder.java:530)
	at io.netty.handler.codec.ByteToMessageDecoder.callDecode(ByteToMessageDecoder.java:469)
	at io.netty.handler.codec.ByteToMessageDecoder.channelRead(ByteToMessageDecoder.java:290)
	at io.netty.channel.AbstractChannelHandlerContext.invokeChannelRead(AbstractChannelHandlerContext.java:444)
	at io.netty.channel.AbstractChannelHandlerContext.invokeChannelRead(AbstractChannelHandlerContext.java:420)
	at io.netty.channel.AbstractChannelHandlerContext.fireChannelRead(AbstractChannelHandlerContext.java:412)
	at io.netty.channel.DefaultChannelPipeline$HeadContext.channelRead(DefaultChannelPipeline.java:1407)
	at io.netty.channel.AbstractChannelHandlerContext.invokeChannelRead(AbstractChannelHandlerContext.java:440)
	at io.netty.channel.AbstractChannelHandlerContext.invokeChannelRead(AbstractChannelHandlerContext.java:420)
	at io.netty.channel.DefaultChannelPipeline.fireChannelRead(DefaultChannelPipeline.java:918)
	at io.netty.channel.nio.AbstractNioByteChannel$NioByteUnsafe.read(AbstractNioByteChannel.java:166)
	at io.netty.channel.nio.NioEventLoop.processSelectedKey(NioEventLoop.java:788)
	at io.netty.channel.nio.NioEventLoop.processSelectedKeysOptimized(NioEventLoop.java:724)
	at io.netty.channel.nio.NioEventLoop.processSelectedKeys(NioEventLoop.java:650)
	at io.netty.channel.nio.NioEventLoop.run(NioEventLoop.java:562)
	at io.netty.util.concurrent.SingleThreadEventExecutor$4.run(SingleThreadEventExecutor.java:994)
	at io.netty.util.internal.ThreadExecutorMap$2.run(ThreadExecutorMap.java:74)
	at io.netty.util.concurrent.FastThreadLocalRunnable.run(FastThreadLocalRunnable.java:30)
	at java.base/java.lang.Thread.run(Thread.java:1583)

 {"metadata":{"emulator":{"name":"firestore"},"message":"Sep 20, 2025 1:34:31 PM io.grpc.netty.NettyServerTransport notifyTerminated\nINFO: Transport failed\nio.netty.handler.codec.http2.Http2Exception: HTTP/2 client preface string missing or corrupt. Hex dump for received bytes: 16030105a8010005a4030379da83d2289d6c30b2ea9021cb\n\tat io.netty.handler.codec.http2.Http2Exception.connectionError(Http2Exception.java:107)\n\tat io.netty.handler.codec.http2.Http2ConnectionHandler$PrefaceDecoder.readClientPrefaceString(Http2ConnectionHandler.java:319)\n\tat io.netty.handler.codec.http2.Http2ConnectionHandler$PrefaceDecoder.decode(Http2ConnectionHandler.java:245)\n\tat io.netty.handler.codec.http2.Http2ConnectionHandler.decode(Http2ConnectionHandler.java:451)\n\tat io.netty.handler.codec.ByteToMessageDecoder.decodeRemovalReentryProtection(ByteToMessageDecoder.java:530)\n\tat io.netty.handler.codec.ByteToMessageDecoder.callDecode(ByteToMessageDecoder.java:469)\n\tat io.netty.handler.codec.ByteToMessageDecoder.channelRead(ByteToMessageDecoder.java:290)\n\tat io.netty.channel.AbstractChannelHandlerContext.invokeChannelRead(AbstractChannelHandlerContext.java:444)\n\tat io.netty.channel.AbstractChannelHandlerContext.invokeChannelRead(AbstractChannelHandlerContext.java:420)\n\tat io.netty.channel.AbstractChannelHandlerContext.fireChannelRead(AbstractChannelHandlerContext.java:412)\n\tat io.netty.channel.DefaultChannelPipeline$HeadContext.channelRead(DefaultChannelPipeline.java:1407)\n\tat io.netty.channel.AbstractChannelHandlerContext.invokeChannelRead(AbstractChannelHandlerContext.java:440)\n\tat io.netty.channel.AbstractChannelHandlerContext.invokeChannelRead(AbstractChannelHandlerContext.java:420)\n\tat io.netty.channel.DefaultChannelPipeline.fireChannelRead(DefaultChannelPipeline.java:918)\n\tat io.netty.channel.nio.AbstractNioByteChannel$NioByteUnsafe.read(AbstractNioByteChannel.java:166)\n\tat io.netty.channel.nio.NioEventLoop.processSelectedKey(NioEventLoop.java:788)\n\tat io.netty.channel.nio.NioEventLoop.processSelectedKeysOptimized(NioEventLoop.java:724)\n\tat io.netty.channel.nio.NioEventLoop.processSelectedKeys(NioEventLoop.java:650)\n\tat io.netty.channel.nio.NioEventLoop.run(NioEventLoop.java:562)\n\tat io.netty.util.concurrent.SingleThreadEventExecutor$4.run(SingleThreadEventExecutor.java:994)\n\tat io.netty.util.internal.ThreadExecutorMap$2.run(ThreadExecutorMap.java:74)\n\tat io.netty.util.concurrent.FastThreadLocalRunnable.run(FastThreadLocalRunnable.java:30)\n\tat java.base/java.lang.Thread.run(Thread.java:1583)\n\n"}}
[debug] [2025-09-20T13:34:38.826Z] Sep 20, 2025 1:34:38 PM com.google.cloud.datastore.emulator.firestore.websocket.WebSocketChannelHandler initChannel
INFO: Connected to new websocket client
 {"metadata":{"emulator":{"name":"firestore"},"message":"Sep 20, 2025 1:34:38 PM com.google.cloud.datastore.emulator.firestore.websocket.WebSocketChannelHandler initChannel\nINFO: Connected to new websocket client\n"}}
[debug] [2025-09-20T14:02:05.358Z] Sep 20, 2025 2:02:05 PM com.google.cloud.datastore.emulator.firestore.websocket.WebSocketChannelHandler channelClosed
INFO: Websocket client disconnected
 {"metadata":{"emulator":{"name":"firestore"},"message":"Sep 20, 2025 2:02:05 PM com.google.cloud.datastore.emulator.firestore.websocket.WebSocketChannelHandler channelClosed\nINFO: Websocket client disconnected\n"}}
[debug] [2025-09-20T17:37:01.276Z] Sep 20, 2025 5:37:01 PM com.google.cloud.datastore.emulator.firestore.websocket.WebSocketChannelHandler channelClosed
INFO: Websocket client disconnected
 {"metadata":{"emulator":{"name":"firestore"},"message":"Sep 20, 2025 5:37:01 PM com.google.cloud.datastore.emulator.firestore.websocket.WebSocketChannelHandler channelClosed\nINFO: Websocket client disconnected\n"}}
[debug] [2025-09-20T18:20:45.430Z] ----------------------------------------------------------------------
[debug] [2025-09-20T18:20:45.434Z] Command:       /nix/store/ws50yvm6vzlzf7jzz6n7xh4szddrack1-nodejs-20.19.1/bin/node /nix/store/wma3rvxxva78rqvnpja82nx5b3mclpxg-firebase-tools-14.15.2/lib/node_modules/firebase-tools/lib/bin/firebase.js emulators:start --project=demo-app --only=auth,firestore
[debug] [2025-09-20T18:20:45.435Z] CLI Version:   14.15.2
[debug] [2025-09-20T18:20:45.436Z] Platform:      linux
[debug] [2025-09-20T18:20:45.436Z] Node Version:  v20.19.1
[debug] [2025-09-20T18:20:45.436Z] Time:          Sat Sep 20 2025 18:20:45 GMT+0000 (Coordinated Universal Time)
[debug] [2025-09-20T18:20:45.436Z] ----------------------------------------------------------------------
[debug] 
[debug] [2025-09-20T18:20:45.441Z] >>> [apiv2][query] GET https://firebase-public.firebaseio.com/cli.json [none]
[debug] [2025-09-20T18:20:47.018Z] <<< [apiv2][status] GET https://firebase-public.firebaseio.com/cli.json 200
[debug] [2025-09-20T18:20:47.019Z] <<< [apiv2][body] GET https://firebase-public.firebaseio.com/cli.json {"cloudBuildErrorAfter":1594252800000,"cloudBuildWarnAfter":1590019200000,"defaultNode10After":1594252800000,"minVersion":"3.0.5","node8DeploysDisabledAfter":1613390400000,"node8RuntimeDisabledAfter":1615809600000,"node8WarnAfter":1600128000000}
[debug] [2025-09-20T18:20:47.312Z] openjdk version "21.0.7" 2025-04-15
OpenJDK Runtime Environment (build 21.0.7+6-nixos)
OpenJDK 64-Bit Server VM (build 21.0.7+6-nixos, mixed mode, sharing)

[debug] [2025-09-20T18:20:47.344Z] Parsed Java major version: 21
[info] i  emulators: Starting emulators: firestore {"metadata":{"emulator":{"name":"hub"},"message":"Starting emulators: firestore"}}
[info] i  emulators: Detected demo project ID "demo-app", emulated services will use a demo configuration and attempts to access non-emulated services for this project will fail. {"metadata":{"emulator":{"name":"hub"},"message":"Detected demo project ID \"demo-app\", emulated services will use a demo configuration and attempts to access non-emulated services for this project will fail."}}
[warn] ⚠  auth: Not starting the auth emulator, make sure you have run firebase init. {"metadata":{"emulator":{"name":"auth"},"message":"Not starting the auth emulator, make sure you have run firebase init."}}
[warn] ⚠  hub: Error when trying to check port 4400 on ::1: Error: listen EADDRNOTAVAIL: address not available ::1:4400 {"metadata":{"emulator":{"name":"hub"},"message":"Error when trying to check port 4400 on ::1: Error: listen EADDRNOTAVAIL: address not available ::1:4400"}}
[warn] ⚠  hub: Port 4400 is available on 127.0.0.1 but not ::1. This may cause issues with some clients. {"metadata":{"emulator":{"name":"hub"},"message":"Port 4400 is available on 127.0.0.1 but not ::1. This may cause issues with some clients."}}
[warn] ⚠  hub: If you encounter connectivity issues, consider switching to a different port or explicitly specifying "host": "<ip address>" instead of hostname in firebase.json {"metadata":{"emulator":{"name":"hub"},"message":"If you encounter connectivity issues, consider switching to a different port or explicitly specifying \"host\": \"<ip address>\" instead of hostname in firebase.json"}}
[warn] ⚠  ui: Error when trying to check port 4000 on ::1: Error: listen EADDRNOTAVAIL: address not available ::1:4000 {"metadata":{"emulator":{"name":"ui"},"message":"Error when trying to check port 4000 on ::1: Error: listen EADDRNOTAVAIL: address not available ::1:4000"}}
[warn] ⚠  ui: Port 4000 is available on 127.0.0.1 but not ::1. This may cause issues with some clients. {"metadata":{"emulator":{"name":"ui"},"message":"Port 4000 is available on 127.0.0.1 but not ::1. This may cause issues with some clients."}}
[warn] ⚠  ui: If you encounter connectivity issues, consider switching to a different port or explicitly specifying "host": "<ip address>" instead of hostname in firebase.json {"metadata":{"emulator":{"name":"ui"},"message":"If you encounter connectivity issues, consider switching to a different port or explicitly specifying \"host\": \"<ip address>\" instead of hostname in firebase.json"}}
[warn] ⚠  logging: Error when trying to check port 4500 on ::1: Error: listen EADDRNOTAVAIL: address not available ::1:4500 {"metadata":{"emulator":{"name":"logging"},"message":"Error when trying to check port 4500 on ::1: Error: listen EADDRNOTAVAIL: address not available ::1:4500"}}
[warn] ⚠  logging: Port 4500 is available on 127.0.0.1 but not ::1. This may cause issues with some clients. {"metadata":{"emulator":{"name":"logging"},"message":"Port 4500 is available on 127.0.0.1 but not ::1. This may cause issues with some clients."}}
[warn] ⚠  logging: If you encounter connectivity issues, consider switching to a different port or explicitly specifying "host": "<ip address>" instead of hostname in firebase.json {"metadata":{"emulator":{"name":"logging"},"message":"If you encounter connectivity issues, consider switching to a different port or explicitly specifying \"host\": \"<ip address>\" instead of hostname in firebase.json"}}
[warn] ⚠  firestore: Error when trying to check port 8080 on ::1: Error: listen EADDRNOTAVAIL: address not available ::1:8080 {"metadata":{"emulator":{"name":"firestore"},"message":"Error when trying to check port 8080 on ::1: Error: listen EADDRNOTAVAIL: address not available ::1:8080"}}
[warn] ⚠  firestore: Port 8080 is available on 127.0.0.1 but not ::1. This may cause issues with some clients. {"metadata":{"emulator":{"name":"firestore"},"message":"Port 8080 is available on 127.0.0.1 but not ::1. This may cause issues with some clients."}}
[warn] ⚠  firestore: If you encounter connectivity issues, consider switching to a different port or explicitly specifying "host": "<ip address>" instead of hostname in firebase.json {"metadata":{"emulator":{"name":"firestore"},"message":"If you encounter connectivity issues, consider switching to a different port or explicitly specifying \"host\": \"<ip address>\" instead of hostname in firebase.json"}}
[warn] ⚠  firestore.websocket: Error when trying to check port 9150 on ::1: Error: listen EADDRNOTAVAIL: address not available ::1:9150 {"metadata":{"emulator":{"name":"firestore"},"message":"Error when trying to check port 9150 on ::1: Error: listen EADDRNOTAVAIL: address not available ::1:9150"}}
[warn] ⚠  firestore: Port 9150 is available on 127.0.0.1 but not ::1. This may cause issues with some clients. {"metadata":{"emulator":{"name":"firestore"},"message":"Port 9150 is available on 127.0.0.1 but not ::1. This may cause issues with some clients."}}
[warn] ⚠  firestore: If you encounter connectivity issues, consider switching to a different port or explicitly specifying "host": "<ip address>" instead of hostname in firebase.json {"metadata":{"emulator":{"name":"firestore"},"message":"If you encounter connectivity issues, consider switching to a different port or explicitly specifying \"host\": \"<ip address>\" instead of hostname in firebase.json"}}
[debug] [2025-09-20T18:20:47.363Z] assigned listening specs for emulators {"user":{"hub":[{"address":"127.0.0.1","family":"IPv4","port":4400}],"ui":[{"address":"127.0.0.1","family":"IPv4","port":4000}],"logging":[{"address":"127.0.0.1","family":"IPv4","port":4500}],"firestore":[{"address":"127.0.0.1","family":"IPv4","port":8080}],"firestore.websocket":[{"address":"127.0.0.1","family":"IPv4","port":9150}]},"metadata":{"message":"assigned listening specs for emulators"}}
[debug] [2025-09-20T18:20:47.369Z] [hub] writing locator at /tmp/hub-demo-app.json
[debug] [2025-09-20T18:20:47.382Z] Ignoring unsupported arg: auto_download {"metadata":{"emulator":{"name":"firestore"},"message":"Ignoring unsupported arg: auto_download"}}
[debug] [2025-09-20T18:20:47.382Z] Ignoring unsupported arg: single_project_mode_error {"metadata":{"emulator":{"name":"firestore"},"message":"Ignoring unsupported arg: single_project_mode_error"}}
[debug] [2025-09-20T18:20:47.382Z] Starting Firestore Emulator with command {"binary":"java","args":["-Dgoogle.cloud_firestore.debug_log_level=FINE","-Duser.language=en","-jar","/nix/store/3laqb760jgfb1kqsqz3g7mjnk41l8iwg-emulators/cloud-firestore-emulator-v1.19.8.jar","--host","127.0.0.1","--port",8080,"--websocket_port",9150,"--project_id","demo-app","--rules","/home/user/studio/firestore.rules","--single_project_mode",true],"optionalArgs":["port","webchannel_port","host","rules","websocket_port","functions_emulator","seed_from_export","project_id","single_project_mode"],"joinArgs":false,"shell":false,"port":8080} {"metadata":{"emulator":{"name":"firestore"},"message":"Starting Firestore Emulator with command {\"binary\":\"java\",\"args\":[\"-Dgoogle.cloud_firestore.debug_log_level=FINE\",\"-Duser.language=en\",\"-jar\",\"/nix/store/3laqb760jgfb1kqsqz3g7mjnk41l8iwg-emulators/cloud-firestore-emulator-v1.19.8.jar\",\"--host\",\"127.0.0.1\",\"--port\",8080,\"--websocket_port\",9150,\"--project_id\",\"demo-app\",\"--rules\",\"/home/user/studio/firestore.rules\",\"--single_project_mode\",true],\"optionalArgs\":[\"port\",\"webchannel_port\",\"host\",\"rules\",\"websocket_port\",\"functions_emulator\",\"seed_from_export\",\"project_id\",\"single_project_mode\"],\"joinArgs\":false,\"shell\":false,\"port\":8080}"}}
[info] i  firestore: Firestore Emulator logging to firestore-debug.log {"metadata":{"emulator":{"name":"firestore"},"message":"Firestore Emulator logging to firestore-debug.log"}}
[debug] [2025-09-20T18:20:50.751Z] Sep 20, 2025 6:20:50 PM com.google.cloud.datastore.emulator.firestore.websocket.WebSocketServer start
INFO: Started WebSocket server on ws://127.0.0.1:9150
 {"metadata":{"emulator":{"name":"firestore"},"message":"Sep 20, 2025 6:20:50 PM com.google.cloud.datastore.emulator.firestore.websocket.WebSocketServer start\nINFO: Started WebSocket server on ws://127.0.0.1:9150\n"}}
[debug] [2025-09-20T18:20:50.813Z] API endpoint: http:// {"metadata":{"emulator":{"name":"firestore"},"message":"API endpoint: http://"}}
[debug] [2025-09-20T18:20:50.817Z] 127.0.0.1:8080
If you are using a library that supports the FIRESTORE_EMULATOR_HOST environment variable, run:

   export FIRESTORE_EMULATOR_HOST=127.0.0.1:8080

If you are running a Firestore in Datastore Mode project, run:

   export DATASTORE_EMULATOR_HOST=127.0.0.1:8080

Note: Support for Datastore Mode is in preview. If you encounter any bugs please file at https://github.com/firebase/firebase-tools/issues.
Dev App Server is now running.

 {"metadata":{"emulator":{"name":"firestore"},"message":"127.0.0.1:8080\nIf you are using a library that supports the FIRESTORE_EMULATOR_HOST environment variable, run:\n\n   export FIRESTORE_EMULATOR_HOST=127.0.0.1:8080\n\nIf you are running a Firestore in Datastore Mode project, run:\n\n   export DATASTORE_EMULATOR_HOST=127.0.0.1:8080\n\nNote: Support for Datastore Mode is in preview. If you encounter any bugs please file at https://github.com/firebase/firebase-tools/issues.\nDev App Server is now running.\n\n"}}
[info] ✔  firestore: Firestore Emulator UI websocket is running on 9150. {"metadata":{"emulator":{"name":"firestore"},"message":"Firestore Emulator UI websocket is running on 9150."}}
[debug] [2025-09-20T18:20:50.868Z] Could not find VSCode notification endpoint: FetchError: request to http://localhost:40001/vscode/notify failed, reason: connect ECONNREFUSED 127.0.0.1:40001. If you are not running the Firebase Data Connect VSCode extension, this is expected and not an issue.
[info] 
┌─────────────────────────────────────────────────────────────┐
│ ✔  All emulators ready! It is now safe to connect your app. │
│ i  View Emulator UI at http://127.0.0.1:4000/               │
└─────────────────────────────────────────────────────────────┘

┌───────────┬────────────────┬─────────────────────────────────┐
│ Emulator  │ Host:Port      │ View in Emulator UI             │
├───────────┼────────────────┼─────────────────────────────────┤
│ Firestore │ 127.0.0.1:8080 │ http://127.0.0.1:4000/firestore │
└───────────┴────────────────┴─────────────────────────────────┘
  Emulator Hub host: 127.0.0.1 port: 4400
  Other reserved ports: 4500, 9150

Issues? Report them at https://github.com/firebase/firebase-tools/issues and attach the *-debug.log files.
 
[debug] [2025-09-21T20:57:16.541Z] ----------------------------------------------------------------------
[debug] [2025-09-21T20:57:16.546Z] Command:       /nix/store/ws50yvm6vzlzf7jzz6n7xh4szddrack1-nodejs-20.19.1/bin/node /nix/store/wma3rvxxva78rqvnpja82nx5b3mclpxg-firebase-tools-14.15.2/lib/node_modules/firebase-tools/lib/bin/firebase.js emulators:start --project=demo-app --only=auth,firestore
[debug] [2025-09-21T20:57:16.547Z] CLI Version:   14.15.2
[debug] [2025-09-21T20:57:16.547Z] Platform:      linux
[debug] [2025-09-21T20:57:16.547Z] Node Version:  v20.19.1
[debug] [2025-09-21T20:57:16.547Z] Time:          Sun Sep 21 2025 20:57:16 GMT+0000 (Coordinated Universal Time)
[debug] [2025-09-21T20:57:16.548Z] ----------------------------------------------------------------------
[debug] 
[debug] [2025-09-21T20:57:16.554Z] >>> [apiv2][query] GET https://firebase-public.firebaseio.com/cli.json [none]
[debug] [2025-09-21T20:57:18.517Z] <<< [apiv2][status] GET https://firebase-public.firebaseio.com/cli.json 200
[debug] [2025-09-21T20:57:18.518Z] <<< [apiv2][body] GET https://firebase-public.firebaseio.com/cli.json {"cloudBuildErrorAfter":1594252800000,"cloudBuildWarnAfter":1590019200000,"defaultNode10After":1594252800000,"minVersion":"3.0.5","node8DeploysDisabledAfter":1613390400000,"node8RuntimeDisabledAfter":1615809600000,"node8WarnAfter":1600128000000}
[debug] [2025-09-21T20:57:19.003Z] openjdk version "21.0.7" 2025-04-15

[debug] [2025-09-21T20:57:19.006Z] OpenJDK Runtime Environment (build 21.0.7+6-nixos)
OpenJDK 64-Bit Server VM (build 21.0.7+6-nixos, mixed mode, sharing)

[debug] [2025-09-21T20:57:19.047Z] Parsed Java major version: 21
[info] i  emulators: Starting emulators: firestore {"metadata":{"emulator":{"name":"hub"},"message":"Starting emulators: firestore"}}
[info] i  emulators: Detected demo project ID "demo-app", emulated services will use a demo configuration and attempts to access non-emulated services for this project will fail. {"metadata":{"emulator":{"name":"hub"},"message":"Detected demo project ID \"demo-app\", emulated services will use a demo configuration and attempts to access non-emulated services for this project will fail."}}
[warn] ⚠  auth: Not starting the auth emulator, make sure you have run firebase init. {"metadata":{"emulator":{"name":"auth"},"message":"Not starting the auth emulator, make sure you have run firebase init."}}
[warn] ⚠  hub: Error when trying to check port 4400 on ::1: Error: listen EADDRNOTAVAIL: address not available ::1:4400 {"metadata":{"emulator":{"name":"hub"},"message":"Error when trying to check port 4400 on ::1: Error: listen EADDRNOTAVAIL: address not available ::1:4400"}}
[warn] ⚠  hub: Port 4400 is available on 127.0.0.1 but not ::1. This may cause issues with some clients. {"metadata":{"emulator":{"name":"hub"},"message":"Port 4400 is available on 127.0.0.1 but not ::1. This may cause issues with some clients."}}
[warn] ⚠  hub: If you encounter connectivity issues, consider switching to a different port or explicitly specifying "host": "<ip address>" instead of hostname in firebase.json {"metadata":{"emulator":{"name":"hub"},"message":"If you encounter connectivity issues, consider switching to a different port or explicitly specifying \"host\": \"<ip address>\" instead of hostname in firebase.json"}}
[warn] ⚠  ui: Error when trying to check port 4000 on ::1: Error: listen EADDRNOTAVAIL: address not available ::1:4000 {"metadata":{"emulator":{"name":"ui"},"message":"Error when trying to check port 4000 on ::1: Error: listen EADDRNOTAVAIL: address not available ::1:4000"}}
[warn] ⚠  ui: Port 4000 is available on 127.0.0.1 but not ::1. This may cause issues with some clients. {"metadata":{"emulator":{"name":"ui"},"message":"Port 4000 is available on 127.0.0.1 but not ::1. This may cause issues with some clients."}}
[warn] ⚠  ui: If you encounter connectivity issues, consider switching to a different port or explicitly specifying "host": "<ip address>" instead of hostname in firebase.json {"metadata":{"emulator":{"name":"ui"},"message":"If you encounter connectivity issues, consider switching to a different port or explicitly specifying \"host\": \"<ip address>\" instead of hostname in firebase.json"}}
[warn] ⚠  logging: Error when trying to check port 4500 on ::1: Error: listen EADDRNOTAVAIL: address not available ::1:4500 {"metadata":{"emulator":{"name":"logging"},"message":"Error when trying to check port 4500 on ::1: Error: listen EADDRNOTAVAIL: address not available ::1:4500"}}
[warn] ⚠  logging: Port 4500 is available on 127.0.0.1 but not ::1. This may cause issues with some clients. {"metadata":{"emulator":{"name":"logging"},"message":"Port 4500 is available on 127.0.0.1 but not ::1. This may cause issues with some clients."}}
[warn] ⚠  logging: If you encounter connectivity issues, consider switching to a different port or explicitly specifying "host": "<ip address>" instead of hostname in firebase.json {"metadata":{"emulator":{"name":"logging"},"message":"If you encounter connectivity issues, consider switching to a different port or explicitly specifying \"host\": \"<ip address>\" instead of hostname in firebase.json"}}
[warn] ⚠  firestore: Error when trying to check port 8080 on ::1: Error: listen EADDRNOTAVAIL: address not available ::1:8080 {"metadata":{"emulator":{"name":"firestore"},"message":"Error when trying to check port 8080 on ::1: Error: listen EADDRNOTAVAIL: address not available ::1:8080"}}
[warn] ⚠  firestore: Port 8080 is available on 127.0.0.1 but not ::1. This may cause issues with some clients. {"metadata":{"emulator":{"name":"firestore"},"message":"Port 8080 is available on 127.0.0.1 but not ::1. This may cause issues with some clients."}}
[warn] ⚠  firestore: If you encounter connectivity issues, consider switching to a different port or explicitly specifying "host": "<ip address>" instead of hostname in firebase.json {"metadata":{"emulator":{"name":"firestore"},"message":"If you encounter connectivity issues, consider switching to a different port or explicitly specifying \"host\": \"<ip address>\" instead of hostname in firebase.json"}}
[warn] ⚠  firestore.websocket: Error when trying to check port 9150 on ::1: Error: listen EADDRNOTAVAIL: address not available ::1:9150 {"metadata":{"emulator":{"name":"firestore"},"message":"Error when trying to check port 9150 on ::1: Error: listen EADDRNOTAVAIL: address not available ::1:9150"}}
[warn] ⚠  firestore: Port 9150 is available on 127.0.0.1 but not ::1. This may cause issues with some clients. {"metadata":{"emulator":{"name":"firestore"},"message":"Port 9150 is available on 127.0.0.1 but not ::1. This may cause issues with some clients."}}
[warn] ⚠  firestore: If you encounter connectivity issues, consider switching to a different port or explicitly specifying "host": "<ip address>" instead of hostname in firebase.json {"metadata":{"emulator":{"name":"firestore"},"message":"If you encounter connectivity issues, consider switching to a different port or explicitly specifying \"host\": \"<ip address>\" instead of hostname in firebase.json"}}
[debug] [2025-09-21T20:57:19.067Z] assigned listening specs for emulators {"user":{"hub":[{"address":"127.0.0.1","family":"IPv4","port":4400}],"ui":[{"address":"127.0.0.1","family":"IPv4","port":4000}],"logging":[{"address":"127.0.0.1","family":"IPv4","port":4500}],"firestore":[{"address":"127.0.0.1","family":"IPv4","port":8080}],"firestore.websocket":[{"address":"127.0.0.1","family":"IPv4","port":9150}]},"metadata":{"message":"assigned listening specs for emulators"}}
[debug] [2025-09-21T20:57:19.074Z] [hub] writing locator at /tmp/hub-demo-app.json
[debug] [2025-09-21T20:57:19.097Z] Ignoring unsupported arg: auto_download {"metadata":{"emulator":{"name":"firestore"},"message":"Ignoring unsupported arg: auto_download"}}
[debug] [2025-09-21T20:57:19.098Z] Ignoring unsupported arg: single_project_mode_error {"metadata":{"emulator":{"name":"firestore"},"message":"Ignoring unsupported arg: single_project_mode_error"}}
[debug] [2025-09-21T20:57:19.098Z] Starting Firestore Emulator with command {"binary":"java","args":["-Dgoogle.cloud_firestore.debug_log_level=FINE","-Duser.language=en","-jar","/nix/store/3laqb760jgfb1kqsqz3g7mjnk41l8iwg-emulators/cloud-firestore-emulator-v1.19.8.jar","--host","127.0.0.1","--port",8080,"--websocket_port",9150,"--project_id","demo-app","--rules","/home/user/studio/firestore.rules","--single_project_mode",true],"optionalArgs":["port","webchannel_port","host","rules","websocket_port","functions_emulator","seed_from_export","project_id","single_project_mode"],"joinArgs":false,"shell":false,"port":8080} {"metadata":{"emulator":{"name":"firestore"},"message":"Starting Firestore Emulator with command {\"binary\":\"java\",\"args\":[\"-Dgoogle.cloud_firestore.debug_log_level=FINE\",\"-Duser.language=en\",\"-jar\",\"/nix/store/3laqb760jgfb1kqsqz3g7mjnk41l8iwg-emulators/cloud-firestore-emulator-v1.19.8.jar\",\"--host\",\"127.0.0.1\",\"--port\",8080,\"--websocket_port\",9150,\"--project_id\",\"demo-app\",\"--rules\",\"/home/user/studio/firestore.rules\",\"--single_project_mode\",true],\"optionalArgs\":[\"port\",\"webchannel_port\",\"host\",\"rules\",\"websocket_port\",\"functions_emulator\",\"seed_from_export\",\"project_id\",\"single_project_mode\"],\"joinArgs\":false,\"shell\":false,\"port\":8080}"}}
[info] i  firestore: Firestore Emulator logging to firestore-debug.log {"metadata":{"emulator":{"name":"firestore"},"message":"Firestore Emulator logging to firestore-debug.log"}}
[debug] [2025-09-21T20:57:23.071Z] Sep 21, 2025 8:57:22 PM com.google.cloud.datastore.emulator.firestore.websocket.WebSocketServer start
INFO: Started WebSocket server on ws://127.0.0.1:9150
 {"metadata":{"emulator":{"name":"firestore"},"message":"Sep 21, 2025 8:57:22 PM com.google.cloud.datastore.emulator.firestore.websocket.WebSocketServer start\nINFO: Started WebSocket server on ws://127.0.0.1:9150\n"}}
[debug] [2025-09-21T20:57:23.235Z] API endpoint: http://127.0.0.1:8080
If you are using a library that supports the FIRESTORE_EMULATOR_HOST environment variable, run:

   export FIRESTORE_EMULATOR_HOST=127.0.0.1:8080

If you are running a Firestore in Datastore Mode project, run:

   export DATASTORE_EMULATOR_HOST=127.0.0.1:8080

Note: Support for Datastore Mode is in preview. If you encounter any bugs please file at https://github.com/firebase/firebase-tools/issues.
Dev App Server is now running.

 {"metadata":{"emulator":{"name":"firestore"},"message":"API endpoint: http://127.0.0.1:8080\nIf you are using a library that supports the FIRESTORE_EMULATOR_HOST environment variable, run:\n\n   export FIRESTORE_EMULATOR_HOST=127.0.0.1:8080\n\nIf you are running a Firestore in Datastore Mode project, run:\n\n   export DATASTORE_EMULATOR_HOST=127.0.0.1:8080\n\nNote: Support for Datastore Mode is in preview. If you encounter any bugs please file at https://github.com/firebase/firebase-tools/issues.\nDev App Server is now running.\n\n"}}
[info] ✔  firestore: Firestore Emulator UI websocket is running on 9150. {"metadata":{"emulator":{"name":"firestore"},"message":"Firestore Emulator UI websocket is running on 9150."}}
[debug] [2025-09-21T20:57:23.423Z] Could not find VSCode notification endpoint: FetchError: request to http://localhost:40001/vscode/notify failed, reason: connect ECONNREFUSED 127.0.0.1:40001. If you are not running the Firebase Data Connect VSCode extension, this is expected and not an issue.
[info] 
┌─────────────────────────────────────────────────────────────┐
│ ✔  All emulators ready! It is now safe to connect your app. │
│ i  View Emulator UI at http://127.0.0.1:4000/               │
└─────────────────────────────────────────────────────────────┘

┌───────────┬────────────────┬─────────────────────────────────┐
│ Emulator  │ Host:Port      │ View in Emulator UI             │
├───────────┼────────────────┼─────────────────────────────────┤
│ Firestore │ 127.0.0.1:8080 │ http://127.0.0.1:4000/firestore │
└───────────┴────────────────┴─────────────────────────────────┘
  Emulator Hub host: 127.0.0.1 port: 4400
  Other reserved ports: 4500, 9150

Issues? Report them at https://github.com/firebase/firebase-tools/issues and attach the *-debug.log files.
 
[debug] [2025-09-22T15:01:58.246Z] ----------------------------------------------------------------------
[debug] [2025-09-22T15:01:58.251Z] Command:       /nix/store/ws50yvm6vzlzf7jzz6n7xh4szddrack1-nodejs-20.19.1/bin/node /nix/store/wma3rvxxva78rqvnpja82nx5b3mclpxg-firebase-tools-14.15.2/lib/node_modules/firebase-tools/lib/bin/firebase.js emulators:start --project=demo-app --only=auth,firestore
[debug] [2025-09-22T15:01:58.252Z] CLI Version:   14.15.2
[debug] [2025-09-22T15:01:58.252Z] Platform:      linux
[debug] [2025-09-22T15:01:58.253Z] Node Version:  v20.19.1
[debug] [2025-09-22T15:01:58.253Z] Time:          Mon Sep 22 2025 15:01:58 GMT+0000 (Coordinated Universal Time)
[debug] [2025-09-22T15:01:58.253Z] ----------------------------------------------------------------------
[debug] 
[debug] [2025-09-22T15:01:59.738Z] openjdk version "21.0.7" 2025-04-15

[debug] [2025-09-22T15:01:59.739Z] OpenJDK Runtime Environment (build 21.0.7+6-nixos)
OpenJDK 64-Bit Server VM (build 21.0.7+6-nixos, mixed mode, sharing)

[debug] [2025-09-22T15:01:59.770Z] Parsed Java major version: 21
[info] i  emulators: Starting emulators: firestore {"metadata":{"emulator":{"name":"hub"},"message":"Starting emulators: firestore"}}
[info] i  emulators: Detected demo project ID "demo-app", emulated services will use a demo configuration and attempts to access non-emulated services for this project will fail. {"metadata":{"emulator":{"name":"hub"},"message":"Detected demo project ID \"demo-app\", emulated services will use a demo configuration and attempts to access non-emulated services for this project will fail."}}
[warn] ⚠  auth: Not starting the auth emulator, make sure you have run firebase init. {"metadata":{"emulator":{"name":"auth"},"message":"Not starting the auth emulator, make sure you have run firebase init."}}
[warn] ⚠  hub: Error when trying to check port 4400 on ::1: Error: listen EADDRNOTAVAIL: address not available ::1:4400 {"metadata":{"emulator":{"name":"hub"},"message":"Error when trying to check port 4400 on ::1: Error: listen EADDRNOTAVAIL: address not available ::1:4400"}}
[warn] ⚠  hub: Port 4400 is available on 127.0.0.1 but not ::1. This may cause issues with some clients. {"metadata":{"emulator":{"name":"hub"},"message":"Port 4400 is available on 127.0.0.1 but not ::1. This may cause issues with some clients."}}
[warn] ⚠  hub: If you encounter connectivity issues, consider switching to a different port or explicitly specifying "host": "<ip address>" instead of hostname in firebase.json {"metadata":{"emulator":{"name":"hub"},"message":"If you encounter connectivity issues, consider switching to a different port or explicitly specifying \"host\": \"<ip address>\" instead of hostname in firebase.json"}}
[warn] ⚠  ui: Error when trying to check port 4000 on ::1: Error: listen EADDRNOTAVAIL: address not available ::1:4000 {"metadata":{"emulator":{"name":"ui"},"message":"Error when trying to check port 4000 on ::1: Error: listen EADDRNOTAVAIL: address not available ::1:4000"}}
[warn] ⚠  ui: Port 4000 is available on 127.0.0.1 but not ::1. This may cause issues with some clients. {"metadata":{"emulator":{"name":"ui"},"message":"Port 4000 is available on 127.0.0.1 but not ::1. This may cause issues with some clients."}}
[warn] ⚠  ui: If you encounter connectivity issues, consider switching to a different port or explicitly specifying "host": "<ip address>" instead of hostname in firebase.json {"metadata":{"emulator":{"name":"ui"},"message":"If you encounter connectivity issues, consider switching to a different port or explicitly specifying \"host\": \"<ip address>\" instead of hostname in firebase.json"}}
[warn] ⚠  logging: Error when trying to check port 4500 on ::1: Error: listen EADDRNOTAVAIL: address not available ::1:4500 {"metadata":{"emulator":{"name":"logging"},"message":"Error when trying to check port 4500 on ::1: Error: listen EADDRNOTAVAIL: address not available ::1:4500"}}
[warn] ⚠  logging: Port 4500 is available on 127.0.0.1 but not ::1. This may cause issues with some clients. {"metadata":{"emulator":{"name":"logging"},"message":"Port 4500 is available on 127.0.0.1 but not ::1. This may cause issues with some clients."}}
[warn] ⚠  logging: If you encounter connectivity issues, consider switching to a different port or explicitly specifying "host": "<ip address>" instead of hostname in firebase.json {"metadata":{"emulator":{"name":"logging"},"message":"If you encounter connectivity issues, consider switching to a different port or explicitly specifying \"host\": \"<ip address>\" instead of hostname in firebase.json"}}
[warn] ⚠  firestore: Error when trying to check port 8080 on ::1: Error: listen EADDRNOTAVAIL: address not available ::1:8080 {"metadata":{"emulator":{"name":"firestore"},"message":"Error when trying to check port 8080 on ::1: Error: listen EADDRNOTAVAIL: address not available ::1:8080"}}
[warn] ⚠  firestore: Port 8080 is available on 127.0.0.1 but not ::1. This may cause issues with some clients. {"metadata":{"emulator":{"name":"firestore"},"message":"Port 8080 is available on 127.0.0.1 but not ::1. This may cause issues with some clients."}}
[warn] ⚠  firestore: If you encounter connectivity issues, consider switching to a different port or explicitly specifying "host": "<ip address>" instead of hostname in firebase.json {"metadata":{"emulator":{"name":"firestore"},"message":"If you encounter connectivity issues, consider switching to a different port or explicitly specifying \"host\": \"<ip address>\" instead of hostname in firebase.json"}}
[warn] ⚠  firestore.websocket: Error when trying to check port 9150 on ::1: Error: listen EADDRNOTAVAIL: address not available ::1:9150 {"metadata":{"emulator":{"name":"firestore"},"message":"Error when trying to check port 9150 on ::1: Error: listen EADDRNOTAVAIL: address not available ::1:9150"}}
[warn] ⚠  firestore: Port 9150 is available on 127.0.0.1 but not ::1. This may cause issues with some clients. {"metadata":{"emulator":{"name":"firestore"},"message":"Port 9150 is available on 127.0.0.1 but not ::1. This may cause issues with some clients."}}
[warn] ⚠  firestore: If you encounter connectivity issues, consider switching to a different port or explicitly specifying "host": "<ip address>" instead of hostname in firebase.json {"metadata":{"emulator":{"name":"firestore"},"message":"If you encounter connectivity issues, consider switching to a different port or explicitly specifying \"host\": \"<ip address>\" instead of hostname in firebase.json"}}
[debug] [2025-09-22T15:01:59.797Z] assigned listening specs for emulators {"user":{"hub":[{"address":"127.0.0.1","family":"IPv4","port":4400}],"ui":[{"address":"127.0.0.1","family":"IPv4","port":4000}],"logging":[{"address":"127.0.0.1","family":"IPv4","port":4500}],"firestore":[{"address":"127.0.0.1","family":"IPv4","port":8080}],"firestore.websocket":[{"address":"127.0.0.1","family":"IPv4","port":9150}]},"metadata":{"message":"assigned listening specs for emulators"}}
[debug] [2025-09-22T15:01:59.803Z] [hub] writing locator at /tmp/hub-demo-app.json
[debug] [2025-09-22T15:01:59.821Z] Ignoring unsupported arg: auto_download {"metadata":{"emulator":{"name":"firestore"},"message":"Ignoring unsupported arg: auto_download"}}
[debug] [2025-09-22T15:01:59.822Z] Ignoring unsupported arg: single_project_mode_error {"metadata":{"emulator":{"name":"firestore"},"message":"Ignoring unsupported arg: single_project_mode_error"}}
[debug] [2025-09-22T15:01:59.822Z] Starting Firestore Emulator with command {"binary":"java","args":["-Dgoogle.cloud_firestore.debug_log_level=FINE","-Duser.language=en","-jar","/nix/store/3laqb760jgfb1kqsqz3g7mjnk41l8iwg-emulators/cloud-firestore-emulator-v1.19.8.jar","--host","127.0.0.1","--port",8080,"--websocket_port",9150,"--project_id","demo-app","--rules","/home/user/studio/firestore.rules","--single_project_mode",true],"optionalArgs":["port","webchannel_port","host","rules","websocket_port","functions_emulator","seed_from_export","project_id","single_project_mode"],"joinArgs":false,"shell":false,"port":8080} {"metadata":{"emulator":{"name":"firestore"},"message":"Starting Firestore Emulator with command {\"binary\":\"java\",\"args\":[\"-Dgoogle.cloud_firestore.debug_log_level=FINE\",\"-Duser.language=en\",\"-jar\",\"/nix/store/3laqb760jgfb1kqsqz3g7mjnk41l8iwg-emulators/cloud-firestore-emulator-v1.19.8.jar\",\"--host\",\"127.0.0.1\",\"--port\",8080,\"--websocket_port\",9150,\"--project_id\",\"demo-app\",\"--rules\",\"/home/user/studio/firestore.rules\",\"--single_project_mode\",true],\"optionalArgs\":[\"port\",\"webchannel_port\",\"host\",\"rules\",\"websocket_port\",\"functions_emulator\",\"seed_from_export\",\"project_id\",\"single_project_mode\"],\"joinArgs\":false,\"shell\":false,\"port\":8080}"}}
[info] i  firestore: Firestore Emulator logging to firestore-debug.log {"metadata":{"emulator":{"name":"firestore"},"message":"Firestore Emulator logging to firestore-debug.log"}}
[debug] [2025-09-22T15:02:03.495Z] Sep 22, 2025 3:02:03 PM com.google.cloud.datastore.emulator.firestore.websocket.WebSocketServer start
INFO: Started WebSocket server on ws://127.0.0.1:9150
 {"metadata":{"emulator":{"name":"firestore"},"message":"Sep 22, 2025 3:02:03 PM com.google.cloud.datastore.emulator.firestore.websocket.WebSocketServer start\nINFO: Started WebSocket server on ws://127.0.0.1:9150\n"}}
[debug] [2025-09-22T15:02:03.560Z] API endpoint: http:// {"metadata":{"emulator":{"name":"firestore"},"message":"API endpoint: http://"}}
[debug] [2025-09-22T15:02:03.561Z] 127.0.0.1:8080
If you are using a library that supports the FIRESTORE_EMULATOR_HOST environment variable, run:

   export FIRESTORE_EMULATOR_HOST=127.0.0.1:8080

If you are running a Firestore in Datastore Mode project, run:

   export DATASTORE_EMULATOR_HOST=127.0.0.1:8080

Note: Support for Datastore Mode is in preview. If you encounter any bugs please file at https://github.com/firebase/firebase-tools/issues.
Dev App Server is now running.

 {"metadata":{"emulator":{"name":"firestore"},"message":"127.0.0.1:8080\nIf you are using a library that supports the FIRESTORE_EMULATOR_HOST environment variable, run:\n\n   export FIRESTORE_EMULATOR_HOST=127.0.0.1:8080\n\nIf you are running a Firestore in Datastore Mode project, run:\n\n   export DATASTORE_EMULATOR_HOST=127.0.0.1:8080\n\nNote: Support for Datastore Mode is in preview. If you encounter any bugs please file at https://github.com/firebase/firebase-tools/issues.\nDev App Server is now running.\n\n"}}
[info] ✔  firestore: Firestore Emulator UI websocket is running on 9150. {"metadata":{"emulator":{"name":"firestore"},"message":"Firestore Emulator UI websocket is running on 9150."}}
[debug] [2025-09-22T15:02:03.754Z] Could not find VSCode notification endpoint: FetchError: request to http://localhost:40001/vscode/notify failed, reason: connect ECONNREFUSED 127.0.0.1:40001. If you are not running the Firebase Data Connect VSCode extension, this is expected and not an issue.
[info] 
┌─────────────────────────────────────────────────────────────┐
│ ✔  All emulators ready! It is now safe to connect your app. │
│ i  View Emulator UI at http://127.0.0.1:4000/               │
└─────────────────────────────────────────────────────────────┘

┌───────────┬────────────────┬─────────────────────────────────┐
│ Emulator  │ Host:Port      │ View in Emulator UI             │
├───────────┼────────────────┼─────────────────────────────────┤
│ Firestore │ 127.0.0.1:8080 │ http://127.0.0.1:4000/firestore │
└───────────┴────────────────┴─────────────────────────────────┘
  Emulator Hub host: 127.0.0.1 port: 4400
  Other reserved ports: 4500, 9150

Issues? Report them at https://github.com/firebase/firebase-tools/issues and attach the *-debug.log files.
 
[debug] [2025-09-23T09:49:33.164Z] ----------------------------------------------------------------------
[debug] [2025-09-23T09:49:33.187Z] Command:       /nix/store/ws50yvm6vzlzf7jzz6n7xh4szddrack1-nodejs-20.19.1/bin/node /nix/store/a3jfkfzmr1h8lmk31a8fbchkg5sp12q9-firebase-tools-14.16.0/lib/node_modules/firebase-tools/lib/bin/firebase.js emulators:start --project=demo-app --only=auth,firestore
[debug] [2025-09-23T09:49:33.193Z] CLI Version:   14.16.0
[debug] [2025-09-23T09:49:33.193Z] Platform:      linux
[debug] [2025-09-23T09:49:33.196Z] Node Version:  v20.19.1
[debug] [2025-09-23T09:49:33.197Z] Time:          Tue Sep 23 2025 09:49:33 GMT+0000 (Coordinated Universal Time)
[debug] [2025-09-23T09:49:33.199Z] ----------------------------------------------------------------------
[debug] 
[debug] [2025-09-23T09:49:33.227Z] >>> [apiv2][query] GET https://firebase-public.firebaseio.com/cli.json [none]
[debug] [2025-09-23T09:49:36.015Z] <<< [apiv2][status] GET https://firebase-public.firebaseio.com/cli.json 200
[debug] [2025-09-23T09:49:36.019Z] <<< [apiv2][body] GET https://firebase-public.firebaseio.com/cli.json {"cloudBuildErrorAfter":1594252800000,"cloudBuildWarnAfter":1590019200000,"defaultNode10After":1594252800000,"minVersion":"3.0.5","node8DeploysDisabledAfter":1613390400000,"node8RuntimeDisabledAfter":1615809600000,"node8WarnAfter":1600128000000}
[debug] [2025-09-23T09:49:36.843Z] openjdk version "21.0.7" 2025-04-15
OpenJDK Runtime Environment (build 21.0.7+6-nixos)
OpenJDK 64-Bit Server VM (build 21.0.7+6-nixos, mixed mode, sharing)

[debug] [2025-09-23T09:49:36.903Z] Parsed Java major version: 21
[info] i  emulators: Starting emulators: firestore {"metadata":{"emulator":{"name":"hub"},"message":"Starting emulators: firestore"}}
[info] i  emulators: Detected demo project ID "demo-app", emulated services will use a demo configuration and attempts to access non-emulated services for this project will fail. {"metadata":{"emulator":{"name":"hub"},"message":"Detected demo project ID \"demo-app\", emulated services will use a demo configuration and attempts to access non-emulated services for this project will fail."}}
[warn] ⚠  auth: Not starting the auth emulator, make sure you have run firebase init. {"metadata":{"emulator":{"name":"auth"},"message":"Not starting the auth emulator, make sure you have run firebase init."}}
[warn] ⚠  hub: Error when trying to check port 4400 on ::1: Error: listen EADDRNOTAVAIL: address not available ::1:4400 {"metadata":{"emulator":{"name":"hub"},"message":"Error when trying to check port 4400 on ::1: Error: listen EADDRNOTAVAIL: address not available ::1:4400"}}
[warn] ⚠  hub: Port 4400 is available on 127.0.0.1 but not ::1. This may cause issues with some clients. {"metadata":{"emulator":{"name":"hub"},"message":"Port 4400 is available on 127.0.0.1 but not ::1. This may cause issues with some clients."}}
[warn] ⚠  hub: If you encounter connectivity issues, consider switching to a different port or explicitly specifying "host": "<ip address>" instead of hostname in firebase.json {"metadata":{"emulator":{"name":"hub"},"message":"If you encounter connectivity issues, consider switching to a different port or explicitly specifying \"host\": \"<ip address>\" instead of hostname in firebase.json"}}
[warn] ⚠  ui: Error when trying to check port 4000 on ::1: Error: listen EADDRNOTAVAIL: address not available ::1:4000 {"metadata":{"emulator":{"name":"ui"},"message":"Error when trying to check port 4000 on ::1: Error: listen EADDRNOTAVAIL: address not available ::1:4000"}}
[warn] ⚠  ui: Port 4000 is available on 127.0.0.1 but not ::1. This may cause issues with some clients. {"metadata":{"emulator":{"name":"ui"},"message":"Port 4000 is available on 127.0.0.1 but not ::1. This may cause issues with some clients."}}
[warn] ⚠  ui: If you encounter connectivity issues, consider switching to a different port or explicitly specifying "host": "<ip address>" instead of hostname in firebase.json {"metadata":{"emulator":{"name":"ui"},"message":"If you encounter connectivity issues, consider switching to a different port or explicitly specifying \"host\": \"<ip address>\" instead of hostname in firebase.json"}}
[warn] ⚠  logging: Error when trying to check port 4500 on ::1: Error: listen EADDRNOTAVAIL: address not available ::1:4500 {"metadata":{"emulator":{"name":"logging"},"message":"Error when trying to check port 4500 on ::1: Error: listen EADDRNOTAVAIL: address not available ::1:4500"}}
[warn] ⚠  logging: Port 4500 is available on 127.0.0.1 but not ::1. This may cause issues with some clients. {"metadata":{"emulator":{"name":"logging"},"message":"Port 4500 is available on 127.0.0.1 but not ::1. This may cause issues with some clients."}}
[warn] ⚠  logging: If you encounter connectivity issues, consider switching to a different port or explicitly specifying "host": "<ip address>" instead of hostname in firebase.json {"metadata":{"emulator":{"name":"logging"},"message":"If you encounter connectivity issues, consider switching to a different port or explicitly specifying \"host\": \"<ip address>\" instead of hostname in firebase.json"}}
[warn] ⚠  firestore: Error when trying to check port 8080 on ::1: Error: listen EADDRNOTAVAIL: address not available ::1:8080 {"metadata":{"emulator":{"name":"firestore"},"message":"Error when trying to check port 8080 on ::1: Error: listen EADDRNOTAVAIL: address not available ::1:8080"}}
[warn] ⚠  firestore: Port 8080 is available on 127.0.0.1 but not ::1. This may cause issues with some clients. {"metadata":{"emulator":{"name":"firestore"},"message":"Port 8080 is available on 127.0.0.1 but not ::1. This may cause issues with some clients."}}
[warn] ⚠  firestore: If you encounter connectivity issues, consider switching to a different port or explicitly specifying "host": "<ip address>" instead of hostname in firebase.json {"metadata":{"emulator":{"name":"firestore"},"message":"If you encounter connectivity issues, consider switching to a different port or explicitly specifying \"host\": \"<ip address>\" instead of hostname in firebase.json"}}
[warn] ⚠  firestore.websocket: Error when trying to check port 9150 on ::1: Error: listen EADDRNOTAVAIL: address not available ::1:9150 {"metadata":{"emulator":{"name":"firestore"},"message":"Error when trying to check port 9150 on ::1: Error: listen EADDRNOTAVAIL: address not available ::1:9150"}}
[warn] ⚠  firestore: Port 9150 is available on 127.0.0.1 but not ::1. This may cause issues with some clients. {"metadata":{"emulator":{"name":"firestore"},"message":"Port 9150 is available on 127.0.0.1 but not ::1. This may cause issues with some clients."}}
[warn] ⚠  firestore: If you encounter connectivity issues, consider switching to a different port or explicitly specifying "host": "<ip address>" instead of hostname in firebase.json {"metadata":{"emulator":{"name":"firestore"},"message":"If you encounter connectivity issues, consider switching to a different port or explicitly specifying \"host\": \"<ip address>\" instead of hostname in firebase.json"}}
[debug] [2025-09-23T09:49:36.938Z] assigned listening specs for emulators {"user":{"hub":[{"address":"127.0.0.1","family":"IPv4","port":4400}],"ui":[{"address":"127.0.0.1","family":"IPv4","port":4000}],"logging":[{"address":"127.0.0.1","family":"IPv4","port":4500}],"firestore":[{"address":"127.0.0.1","family":"IPv4","port":8080}],"firestore.websocket":[{"address":"127.0.0.1","family":"IPv4","port":9150}]},"metadata":{"message":"assigned listening specs for emulators"}}
[debug] [2025-09-23T09:49:36.952Z] Emulator locator file path: /tmp/hub-demo-app.json
[debug] [2025-09-23T09:49:36.953Z] [hub] writing locator at /tmp/hub-demo-app.json
[debug] [2025-09-23T09:49:37.003Z] Ignoring unsupported arg: auto_download {"metadata":{"emulator":{"name":"firestore"},"message":"Ignoring unsupported arg: auto_download"}}
[debug] [2025-09-23T09:49:37.004Z] Ignoring unsupported arg: single_project_mode_error {"metadata":{"emulator":{"name":"firestore"},"message":"Ignoring unsupported arg: single_project_mode_error"}}
[debug] [2025-09-23T09:49:37.009Z] Starting Firestore Emulator with command {"binary":"java","args":["-Dgoogle.cloud_firestore.debug_log_level=FINE","-Duser.language=en","-jar","/nix/store/3j1y38zp0l5fzbc60qxsn8f62pcn7bpg-emulators/cloud-firestore-emulator-v1.19.8.jar","--host","127.0.0.1","--port",8080,"--websocket_port",9150,"--project_id","demo-app","--rules","/home/user/studio/firestore.rules","--single_project_mode",true],"optionalArgs":["port","webchannel_port","host","rules","websocket_port","functions_emulator","seed_from_export","project_id","single_project_mode"],"joinArgs":false,"shell":false,"port":8080} {"metadata":{"emulator":{"name":"firestore"},"message":"Starting Firestore Emulator with command {\"binary\":\"java\",\"args\":[\"-Dgoogle.cloud_firestore.debug_log_level=FINE\",\"-Duser.language=en\",\"-jar\",\"/nix/store/3j1y38zp0l5fzbc60qxsn8f62pcn7bpg-emulators/cloud-firestore-emulator-v1.19.8.jar\",\"--host\",\"127.0.0.1\",\"--port\",8080,\"--websocket_port\",9150,\"--project_id\",\"demo-app\",\"--rules\",\"/home/user/studio/firestore.rules\",\"--single_project_mode\",true],\"optionalArgs\":[\"port\",\"webchannel_port\",\"host\",\"rules\",\"websocket_port\",\"functions_emulator\",\"seed_from_export\",\"project_id\",\"single_project_mode\"],\"joinArgs\":false,\"shell\":false,\"port\":8080}"}}
[info] i  firestore: Firestore Emulator logging to firestore-debug.log {"metadata":{"emulator":{"name":"firestore"},"message":"Firestore Emulator logging to firestore-debug.log"}}
[debug] [2025-09-23T09:49:42.618Z] Sep 23, 2025 9:49:42 AM com.google.cloud.datastore.emulator.firestore.websocket.WebSocketServer start
INFO: Started WebSocket server on ws://127.0.0.1:9150
 {"metadata":{"emulator":{"name":"firestore"},"message":"Sep 23, 2025 9:49:42 AM com.google.cloud.datastore.emulator.firestore.websocket.WebSocketServer start\nINFO: Started WebSocket server on ws://127.0.0.1:9150\n"}}
[debug] [2025-09-23T09:49:42.757Z] API endpoint: http://127.0.0.1:8080
If you are using a library that supports the FIRESTORE_EMULATOR_HOST environment variable, run:

   export FIRESTORE_EMULATOR_HOST=127.0.0.1:8080

If you are running a Firestore in Datastore Mode project, run:

   export DATASTORE_EMULATOR_HOST=127.0.0.1:8080

Note: Support for Datastore Mode is in preview. If you encounter any bugs please file at https://github.com/firebase/firebase-tools/issues.
Dev App Server is now running.

 {"metadata":{"emulator":{"name":"firestore"},"message":"API endpoint: http://127.0.0.1:8080\nIf you are using a library that supports the FIRESTORE_EMULATOR_HOST environment variable, run:\n\n   export FIRESTORE_EMULATOR_HOST=127.0.0.1:8080\n\nIf you are running a Firestore in Datastore Mode project, run:\n\n   export DATASTORE_EMULATOR_HOST=127.0.0.1:8080\n\nNote: Support for Datastore Mode is in preview. If you encounter any bugs please file at https://github.com/firebase/firebase-tools/issues.\nDev App Server is now running.\n\n"}}
[info] ✔  firestore: Firestore Emulator UI websocket is running on 9150. {"metadata":{"emulator":{"name":"firestore"},"message":"Firestore Emulator UI websocket is running on 9150."}}
[debug] [2025-09-23T09:49:42.991Z] Could not find VSCode notification endpoint: FetchError: request to http://localhost:40001/vscode/notify failed, reason: connect ECONNREFUSED 127.0.0.1:40001. If you are not running the Firebase Data Connect VSCode extension, this is expected and not an issue.
[info] 
┌─────────────────────────────────────────────────────────────┐
│ ✔  All emulators ready! It is now safe to connect your app. │
│ i  View Emulator UI at http://127.0.0.1:4000/               │
└─────────────────────────────────────────────────────────────┘

┌───────────┬────────────────┬─────────────────────────────────┐
│ Emulator  │ Host:Port      │ View in Emulator UI             │
├───────────┼────────────────┼─────────────────────────────────┤
│ Firestore │ 127.0.0.1:8080 │ http://127.0.0.1:4000/firestore │
└───────────┴────────────────┴─────────────────────────────────┘
  Emulator Hub host: 127.0.0.1 port: 4400
  Other reserved ports: 4500, 9150

Issues? Report them at https://github.com/firebase/firebase-tools/issues and attach the *-debug.log files.
 
[debug] [2025-09-23T10:16:03.780Z] Sep 23, 2025 10:16:03 AM io.gapi.emulators.netty.HttpVersionRoutingHandler channelRead
INFO: Detected non-HTTP/2 connection.
 {"metadata":{"emulator":{"name":"firestore"},"message":"Sep 23, 2025 10:16:03 AM io.gapi.emulators.netty.HttpVersionRoutingHandler channelRead\nINFO: Detected non-HTTP/2 connection.\n"}}
[debug] [2025-09-23T10:16:04.136Z] Sep 23, 2025 10:16:04 AM com.google.cloud.datastore.emulator.firestore.websocket.WebSocketChannelHandler initChannel
INFO: Connected to new websocket client
 {"metadata":{"emulator":{"name":"firestore"},"message":"Sep 23, 2025 10:16:04 AM com.google.cloud.datastore.emulator.firestore.websocket.WebSocketChannelHandler initChannel\nINFO: Connected to new websocket client\n"}}
[debug] [2025-09-23T10:16:05.013Z] Sep 23, 2025 10:16:04 AM io.grpc.netty.NettyServerTransport notifyTerminated
INFO: Transport failed
io.netty.handler.codec.http2.Http2Exception: Unexpected HTTP/1.x request: GET / 
	at io.netty.handler.codec.http2.Http2Exception.connectionError(Http2Exception.java:107)
	at io.netty.handler.codec.http2.Http2ConnectionHandler$PrefaceDecoder.readClientPrefaceString(Http2ConnectionHandler.java:315)
	at io.netty.handler.codec.http2.Http2ConnectionHandler$PrefaceDecoder.decode(Http2ConnectionHandler.java:245)
	at io.netty.handler.codec.http2.Http2ConnectionHandler.decode(Http2ConnectionHandler.java:451)
	at io.netty.handler.codec.ByteToMessageDecoder.decodeRemovalReentryProtection(ByteToMessageDecoder.java:530)
	at io.netty.handler.codec.ByteToMessageDecoder.callDecode(ByteToMessageDecoder.java:469)
	at io.netty.handler.codec.ByteToMessageDecoder.channelRead(ByteToMessageDecoder.java:290)
	at io.netty.channel.AbstractChannelHandlerContext.invokeChannelRead(AbstractChannelHandlerContext.java:444)
	at io.netty.channel.AbstractChannelHandlerContext.invokeChannelRead(AbstractChannelHandlerContext.java:420)
	at io.netty.channel.AbstractChannelHandlerContext.fireChannelRead(AbstractChannelHandlerContext.java:412)
	at io.netty.channel.DefaultChannelPipeline$HeadContext.channelRead(DefaultChannelPipeline.java:1407)
	at io.netty.channel.AbstractChannelHandlerContext.invokeChannelRead(AbstractChannelHandlerContext.java:440)
	at io.netty.channel.AbstractChannelHandlerContext.invokeChannelRead(AbstractChannelHandlerContext.java:420)
	at io.netty.channel.DefaultChannelPipeline.fireChannelRead(DefaultChannelPipeline.java:918)
	at io.netty.channel.nio.AbstractNioByteChannel$NioByteUnsafe.read(AbstractNioByteChannel.java:166)
	at io.netty.channel.nio.NioEventLoop.processSelectedKey(NioEventLoop.java:788)
	at io.netty.channel.nio.NioEventLoop.processSelectedKeysOptimized(NioEventLoop.java:724)
	at io.netty.channel.nio.NioEventLoop.processSelectedKeys(NioEventLoop.java:650)
	at io.netty.channel.nio.NioEventLoop.run(NioEventLoop.java:562)
	at io.netty.util.concurrent.SingleThreadEventExecutor$4.run(SingleThreadEventExecutor.java:994)
	at io.netty.util.internal.ThreadExecutorMap$2.run(ThreadExecutorMap.java:74)
	at io.netty.util.concurrent.FastThreadLocalRunnable.run(FastThreadLocalRunnable.java:30)
	at java.base/java.lang.Thread.run(Thread.java:1583)

 {"metadata":{"emulator":{"name":"firestore"},"message":"Sep 23, 2025 10:16:04 AM io.grpc.netty.NettyServerTransport notifyTerminated\nINFO: Transport failed\nio.netty.handler.codec.http2.Http2Exception: Unexpected HTTP/1.x request: GET / \n\tat io.netty.handler.codec.http2.Http2Exception.connectionError(Http2Exception.java:107)\n\tat io.netty.handler.codec.http2.Http2ConnectionHandler$PrefaceDecoder.readClientPrefaceString(Http2ConnectionHandler.java:315)\n\tat io.netty.handler.codec.http2.Http2ConnectionHandler$PrefaceDecoder.decode(Http2ConnectionHandler.java:245)\n\tat io.netty.handler.codec.http2.Http2ConnectionHandler.decode(Http2ConnectionHandler.java:451)\n\tat io.netty.handler.codec.ByteToMessageDecoder.decodeRemovalReentryProtection(ByteToMessageDecoder.java:530)\n\tat io.netty.handler.codec.ByteToMessageDecoder.callDecode(ByteToMessageDecoder.java:469)\n\tat io.netty.handler.codec.ByteToMessageDecoder.channelRead(ByteToMessageDecoder.java:290)\n\tat io.netty.channel.AbstractChannelHandlerContext.invokeChannelRead(AbstractChannelHandlerContext.java:444)\n\tat io.netty.channel.AbstractChannelHandlerContext.invokeChannelRead(AbstractChannelHandlerContext.java:420)\n\tat io.netty.channel.AbstractChannelHandlerContext.fireChannelRead(AbstractChannelHandlerContext.java:412)\n\tat io.netty.channel.DefaultChannelPipeline$HeadContext.channelRead(DefaultChannelPipeline.java:1407)\n\tat io.netty.channel.AbstractChannelHandlerContext.invokeChannelRead(AbstractChannelHandlerContext.java:440)\n\tat io.netty.channel.AbstractChannelHandlerContext.invokeChannelRead(AbstractChannelHandlerContext.java:420)\n\tat io.netty.channel.DefaultChannelPipeline.fireChannelRead(DefaultChannelPipeline.java:918)\n\tat io.netty.channel.nio.AbstractNioByteChannel$NioByteUnsafe.read(AbstractNioByteChannel.java:166)\n\tat io.netty.channel.nio.NioEventLoop.processSelectedKey(NioEventLoop.java:788)\n\tat io.netty.channel.nio.NioEventLoop.processSelectedKeysOptimized(NioEventLoop.java:724)\n\tat io.netty.channel.nio.NioEventLoop.processSelectedKeys(NioEventLoop.java:650)\n\tat io.netty.channel.nio.NioEventLoop.run(NioEventLoop.java:562)\n\tat io.netty.util.concurrent.SingleThreadEventExecutor$4.run(SingleThreadEventExecutor.java:994)\n\tat io.netty.util.internal.ThreadExecutorMap$2.run(ThreadExecutorMap.java:74)\n\tat io.netty.util.concurrent.FastThreadLocalRunnable.run(FastThreadLocalRunnable.java:30)\n\tat java.base/java.lang.Thread.run(Thread.java:1583)\n\n"}}
[debug] [2025-09-23T10:16:05.476Z] Sep 23, 2025 10:16:05 AM io.grpc.netty.NettyServerTransport notifyTerminated
INFO: Transport failed
io.netty.handler.codec.http2.Http2Exception: HTTP/2 client preface string missing or corrupt. Hex dump for received bytes: 16030105a8010005a40303cff5b70deb38327ad4fe43b3cf
	at io.netty.handler.codec.http2.Http2Exception.connectionError(Http2Exception.java:107)
	at io.netty.handler.codec.http2.Http2ConnectionHandler$PrefaceDecoder.readClientPrefaceString(Http2ConnectionHandler.java:319)
	at io.netty.handler.codec.http2.Http2ConnectionHandler$PrefaceDecoder.decode(Http2ConnectionHandler.java:245)
	at io.netty.handler.codec.http2.Http2ConnectionHandler.decode(Http2ConnectionHandler.java:451)
	at io.netty.handler.codec.ByteToMessageDecoder.decodeRemovalReentryProtection(ByteToMessageDecoder.java:530)
	at io.netty.handler.codec.ByteToMessageDecoder.callDecode(ByteToMessageDecoder.java:469)
	at io.netty.handler.codec.ByteToMessageDecoder.channelRead(ByteToMessageDecoder.java:290)
	at io.netty.channel.AbstractChannelHandlerContext.invokeChannelRead(AbstractChannelHandlerContext.java:444)
	at io.netty.channel.AbstractChannelHandlerContext.invokeChannelRead(AbstractChannelHandlerContext.java:420)
	at io.netty.channel.AbstractChannelHandlerContext.fireChannelRead(AbstractChannelHandlerContext.java:412)
	at io.netty.channel.DefaultChannelPipeline$HeadContext.channelRead(DefaultChannelPipeline.java:1407)
	at io.netty.channel.AbstractChannelHandlerContext.invokeChannelRead(AbstractChannelHandlerContext.java:440)
	at io.netty.channel.AbstractChannelHandlerContext.invokeChannelRead(AbstractChannelHandlerContext.java:420)
	at io.netty.channel.DefaultChannelPipeline.fireChannelRead(DefaultChannelPipeline.java:918)
	at io.netty.channel.nio.AbstractNioByteChannel$NioByteUnsafe.read(AbstractNioByteChannel.java:166)
	at io.netty.channel.nio.NioEventLoop.processSelectedKey(NioEventLoop.java:788)
	at io.netty.channel.nio.NioEventLoop.processSelectedKeysOptimized(NioEventLoop.java:724)
	at io.netty.channel.nio.NioEventLoop.processSelectedKeys(NioEventLoop.java:650)
	at io.netty.channel.nio.NioEventLoop.run(NioEventLoop.java:562)
	at io.netty.util.concurrent.SingleThreadEventExecutor$4.run(SingleThreadEventExecutor.java:994)
	at io.netty.util.internal.ThreadExecutorMap$2.run(ThreadExecutorMap.java:74)
	at io.netty.util.concurrent.FastThreadLocalRunnable.run(FastThreadLocalRunnable.java:30)
	at java.base/java.lang.Thread.run(Thread.java:1583)

 {"metadata":{"emulator":{"name":"firestore"},"message":"Sep 23, 2025 10:16:05 AM io.grpc.netty.NettyServerTransport notifyTerminated\nINFO: Transport failed\nio.netty.handler.codec.http2.Http2Exception: HTTP/2 client preface string missing or corrupt. Hex dump for received bytes: 16030105a8010005a40303cff5b70deb38327ad4fe43b3cf\n\tat io.netty.handler.codec.http2.Http2Exception.connectionError(Http2Exception.java:107)\n\tat io.netty.handler.codec.http2.Http2ConnectionHandler$PrefaceDecoder.readClientPrefaceString(Http2ConnectionHandler.java:319)\n\tat io.netty.handler.codec.http2.Http2ConnectionHandler$PrefaceDecoder.decode(Http2ConnectionHandler.java:245)\n\tat io.netty.handler.codec.http2.Http2ConnectionHandler.decode(Http2ConnectionHandler.java:451)\n\tat io.netty.handler.codec.ByteToMessageDecoder.decodeRemovalReentryProtection(ByteToMessageDecoder.java:530)\n\tat io.netty.handler.codec.ByteToMessageDecoder.callDecode(ByteToMessageDecoder.java:469)\n\tat io.netty.handler.codec.ByteToMessageDecoder.channelRead(ByteToMessageDecoder.java:290)\n\tat io.netty.channel.AbstractChannelHandlerContext.invokeChannelRead(AbstractChannelHandlerContext.java:444)\n\tat io.netty.channel.AbstractChannelHandlerContext.invokeChannelRead(AbstractChannelHandlerContext.java:420)\n\tat io.netty.channel.AbstractChannelHandlerContext.fireChannelRead(AbstractChannelHandlerContext.java:412)\n\tat io.netty.channel.DefaultChannelPipeline$HeadContext.channelRead(DefaultChannelPipeline.java:1407)\n\tat io.netty.channel.AbstractChannelHandlerContext.invokeChannelRead(AbstractChannelHandlerContext.java:440)\n\tat io.netty.channel.AbstractChannelHandlerContext.invokeChannelRead(AbstractChannelHandlerContext.java:420)\n\tat io.netty.channel.DefaultChannelPipeline.fireChannelRead(DefaultChannelPipeline.java:918)\n\tat io.netty.channel.nio.AbstractNioByteChannel$NioByteUnsafe.read(AbstractNioByteChannel.java:166)\n\tat io.netty.channel.nio.NioEventLoop.processSelectedKey(NioEventLoop.java:788)\n\tat io.netty.channel.nio.NioEventLoop.processSelectedKeysOptimized(NioEventLoop.java:724)\n\tat io.netty.channel.nio.NioEventLoop.processSelectedKeys(NioEventLoop.java:650)\n\tat io.netty.channel.nio.NioEventLoop.run(NioEventLoop.java:562)\n\tat io.netty.util.concurrent.SingleThreadEventExecutor$4.run(SingleThreadEventExecutor.java:994)\n\tat io.netty.util.internal.ThreadExecutorMap$2.run(ThreadExecutorMap.java:74)\n\tat io.netty.util.concurrent.FastThreadLocalRunnable.run(FastThreadLocalRunnable.java:30)\n\tat java.base/java.lang.Thread.run(Thread.java:1583)\n\n"}}
[debug] [2025-09-23T10:16:08.208Z] Sep 23, 2025 10:16:08 AM com.google.cloud.datastore.emulator.firestore.websocket.WebSocketChannelHandler initChannel
INFO: Connected to new websocket client
 {"metadata":{"emulator":{"name":"firestore"},"message":"Sep 23, 2025 10:16:08 AM com.google.cloud.datastore.emulator.firestore.websocket.WebSocketChannelHandler initChannel\nINFO: Connected to new websocket client\n"}}
[debug] [2025-09-23T10:21:26.087Z] Sep 23, 2025 10:21:26 AM com.google.cloud.datastore.emulator.firestore.websocket.WebSocketChannelHandler channelClosed
INFO: Websocket client disconnected
 {"metadata":{"emulator":{"name":"firestore"},"message":"Sep 23, 2025 10:21:26 AM com.google.cloud.datastore.emulator.firestore.websocket.WebSocketChannelHandler channelClosed\nINFO: Websocket client disconnected\n"}}
[debug] [2025-09-23T15:32:12.970Z] Sep 23, 2025 3:32:12 PM com.google.cloud.datastore.emulator.firestore.websocket.WebSocketChannelHandler channelClosed
INFO: Websocket client disconnected
 {"metadata":{"emulator":{"name":"firestore"},"message":"Sep 23, 2025 3:32:12 PM com.google.cloud.datastore.emulator.firestore.websocket.WebSocketChannelHandler channelClosed\nINFO: Websocket client disconnected\n"}}
[debug] [2025-09-24T08:53:36.784Z] ----------------------------------------------------------------------
[debug] [2025-09-24T08:53:36.788Z] Command:       /nix/store/ws50yvm6vzlzf7jzz6n7xh4szddrack1-nodejs-20.19.1/bin/node /nix/store/a3jfkfzmr1h8lmk31a8fbchkg5sp12q9-firebase-tools-14.16.0/lib/node_modules/firebase-tools/lib/bin/firebase.js emulators:start --project=demo-app --only=auth,firestore
[debug] [2025-09-24T08:53:36.789Z] CLI Version:   14.16.0
[debug] [2025-09-24T08:53:36.789Z] Platform:      linux
[debug] [2025-09-24T08:53:36.790Z] Node Version:  v20.19.1
[debug] [2025-09-24T08:53:36.790Z] Time:          Wed Sep 24 2025 08:53:36 GMT+0000 (Coordinated Universal Time)
[debug] [2025-09-24T08:53:36.790Z] ----------------------------------------------------------------------
[debug] 
[debug] [2025-09-24T08:53:38.483Z] openjdk version "21.0.7" 2025-04-15

[debug] [2025-09-24T08:53:38.485Z] OpenJDK Runtime Environment (build 21.0.7+6-nixos)
OpenJDK 64-Bit Server VM (build 21.0.7+6-nixos, mixed mode, sharing)

[debug] [2025-09-24T08:53:38.523Z] Parsed Java major version: 21
[info] i  emulators: Starting emulators: firestore {"metadata":{"emulator":{"name":"hub"},"message":"Starting emulators: firestore"}}
[info] i  emulators: Detected demo project ID "demo-app", emulated services will use a demo configuration and attempts to access non-emulated services for this project will fail. {"metadata":{"emulator":{"name":"hub"},"message":"Detected demo project ID \"demo-app\", emulated services will use a demo configuration and attempts to access non-emulated services for this project will fail."}}
[warn] ⚠  auth: Not starting the auth emulator, make sure you have run firebase init. {"metadata":{"emulator":{"name":"auth"},"message":"Not starting the auth emulator, make sure you have run firebase init."}}
[warn] ⚠  hub: Error when trying to check port 4400 on ::1: Error: listen EADDRNOTAVAIL: address not available ::1:4400 {"metadata":{"emulator":{"name":"hub"},"message":"Error when trying to check port 4400 on ::1: Error: listen EADDRNOTAVAIL: address not available ::1:4400"}}
[warn] ⚠  hub: Port 4400 is available on 127.0.0.1 but not ::1. This may cause issues with some clients. {"metadata":{"emulator":{"name":"hub"},"message":"Port 4400 is available on 127.0.0.1 but not ::1. This may cause issues with some clients."}}
[warn] ⚠  hub: If you encounter connectivity issues, consider switching to a different port or explicitly specifying "host": "<ip address>" instead of hostname in firebase.json {"metadata":{"emulator":{"name":"hub"},"message":"If you encounter connectivity issues, consider switching to a different port or explicitly specifying \"host\": \"<ip address>\" instead of hostname in firebase.json"}}
[warn] ⚠  ui: Error when trying to check port 4000 on ::1: Error: listen EADDRNOTAVAIL: address not available ::1:4000 {"metadata":{"emulator":{"name":"ui"},"message":"Error when trying to check port 4000 on ::1: Error: listen EADDRNOTAVAIL: address not available ::1:4000"}}
[warn] ⚠  ui: Port 4000 is available on 127.0.0.1 but not ::1. This may cause issues with some clients. {"metadata":{"emulator":{"name":"ui"},"message":"Port 4000 is available on 127.0.0.1 but not ::1. This may cause issues with some clients."}}
[warn] ⚠  ui: If you encounter connectivity issues, consider switching to a different port or explicitly specifying "host": "<ip address>" instead of hostname in firebase.json {"metadata":{"emulator":{"name":"ui"},"message":"If you encounter connectivity issues, consider switching to a different port or explicitly specifying \"host\": \"<ip address>\" instead of hostname in firebase.json"}}
[warn] ⚠  logging: Error when trying to check port 4500 on ::1: Error: listen EADDRNOTAVAIL: address not available ::1:4500 {"metadata":{"emulator":{"name":"logging"},"message":"Error when trying to check port 4500 on ::1: Error: listen EADDRNOTAVAIL: address not available ::1:4500"}}
[warn] ⚠  logging: Port 4500 is available on 127.0.0.1 but not ::1. This may cause issues with some clients. {"metadata":{"emulator":{"name":"logging"},"message":"Port 4500 is available on 127.0.0.1 but not ::1. This may cause issues with some clients."}}
[warn] ⚠  logging: If you encounter connectivity issues, consider switching to a different port or explicitly specifying "host": "<ip address>" instead of hostname in firebase.json {"metadata":{"emulator":{"name":"logging"},"message":"If you encounter connectivity issues, consider switching to a different port or explicitly specifying \"host\": \"<ip address>\" instead of hostname in firebase.json"}}
[warn] ⚠  firestore: Error when trying to check port 8080 on ::1: Error: listen EADDRNOTAVAIL: address not available ::1:8080 {"metadata":{"emulator":{"name":"firestore"},"message":"Error when trying to check port 8080 on ::1: Error: listen EADDRNOTAVAIL: address not available ::1:8080"}}
[warn] ⚠  firestore: Port 8080 is available on 127.0.0.1 but not ::1. This may cause issues with some clients. {"metadata":{"emulator":{"name":"firestore"},"message":"Port 8080 is available on 127.0.0.1 but not ::1. This may cause issues with some clients."}}
[warn] ⚠  firestore: If you encounter connectivity issues, consider switching to a different port or explicitly specifying "host": "<ip address>" instead of hostname in firebase.json {"metadata":{"emulator":{"name":"firestore"},"message":"If you encounter connectivity issues, consider switching to a different port or explicitly specifying \"host\": \"<ip address>\" instead of hostname in firebase.json"}}
[warn] ⚠  firestore.websocket: Error when trying to check port 9150 on ::1: Error: listen EADDRNOTAVAIL: address not available ::1:9150 {"metadata":{"emulator":{"name":"firestore"},"message":"Error when trying to check port 9150 on ::1: Error: listen EADDRNOTAVAIL: address not available ::1:9150"}}
[warn] ⚠  firestore: Port 9150 is available on 127.0.0.1 but not ::1. This may cause issues with some clients. {"metadata":{"emulator":{"name":"firestore"},"message":"Port 9150 is available on 127.0.0.1 but not ::1. This may cause issues with some clients."}}
[warn] ⚠  firestore: If you encounter connectivity issues, consider switching to a different port or explicitly specifying "host": "<ip address>" instead of hostname in firebase.json {"metadata":{"emulator":{"name":"firestore"},"message":"If you encounter connectivity issues, consider switching to a different port or explicitly specifying \"host\": \"<ip address>\" instead of hostname in firebase.json"}}
[debug] [2025-09-24T08:53:38.555Z] assigned listening specs for emulators {"user":{"hub":[{"address":"127.0.0.1","family":"IPv4","port":4400}],"ui":[{"address":"127.0.0.1","family":"IPv4","port":4000}],"logging":[{"address":"127.0.0.1","family":"IPv4","port":4500}],"firestore":[{"address":"127.0.0.1","family":"IPv4","port":8080}],"firestore.websocket":[{"address":"127.0.0.1","family":"IPv4","port":9150}]},"metadata":{"message":"assigned listening specs for emulators"}}
[debug] [2025-09-24T08:53:38.562Z] Emulator locator file path: /tmp/hub-demo-app.json
[debug] [2025-09-24T08:53:38.563Z] [hub] writing locator at /tmp/hub-demo-app.json
[debug] [2025-09-24T08:53:38.584Z] Ignoring unsupported arg: auto_download {"metadata":{"emulator":{"name":"firestore"},"message":"Ignoring unsupported arg: auto_download"}}
[debug] [2025-09-24T08:53:38.584Z] Ignoring unsupported arg: single_project_mode_error {"metadata":{"emulator":{"name":"firestore"},"message":"Ignoring unsupported arg: single_project_mode_error"}}
[debug] [2025-09-24T08:53:38.585Z] Starting Firestore Emulator with command {"binary":"java","args":["-Dgoogle.cloud_firestore.debug_log_level=FINE","-Duser.language=en","-jar","/nix/store/3j1y38zp0l5fzbc60qxsn8f62pcn7bpg-emulators/cloud-firestore-emulator-v1.19.8.jar","--host","127.0.0.1","--port",8080,"--websocket_port",9150,"--project_id","demo-app","--rules","/home/user/studio/firestore.rules","--single_project_mode",true],"optionalArgs":["port","webchannel_port","host","rules","websocket_port","functions_emulator","seed_from_export","project_id","single_project_mode"],"joinArgs":false,"shell":false,"port":8080} {"metadata":{"emulator":{"name":"firestore"},"message":"Starting Firestore Emulator with command {\"binary\":\"java\",\"args\":[\"-Dgoogle.cloud_firestore.debug_log_level=FINE\",\"-Duser.language=en\",\"-jar\",\"/nix/store/3j1y38zp0l5fzbc60qxsn8f62pcn7bpg-emulators/cloud-firestore-emulator-v1.19.8.jar\",\"--host\",\"127.0.0.1\",\"--port\",8080,\"--websocket_port\",9150,\"--project_id\",\"demo-app\",\"--rules\",\"/home/user/studio/firestore.rules\",\"--single_project_mode\",true],\"optionalArgs\":[\"port\",\"webchannel_port\",\"host\",\"rules\",\"websocket_port\",\"functions_emulator\",\"seed_from_export\",\"project_id\",\"single_project_mode\"],\"joinArgs\":false,\"shell\":false,\"port\":8080}"}}
[info] i  firestore: Firestore Emulator logging to firestore-debug.log {"metadata":{"emulator":{"name":"firestore"},"message":"Firestore Emulator logging to firestore-debug.log"}}
[debug] [2025-09-24T08:53:43.754Z] Sep 24, 2025 8:53:43 AM com.google.cloud.datastore.emulator.firestore.websocket.WebSocketServer start
INFO: Started WebSocket server on ws://127.0.0.1:9150
 {"metadata":{"emulator":{"name":"firestore"},"message":"Sep 24, 2025 8:53:43 AM com.google.cloud.datastore.emulator.firestore.websocket.WebSocketServer start\nINFO: Started WebSocket server on ws://127.0.0.1:9150\n"}}
[debug] [2025-09-24T08:53:43.820Z] API endpoint: http:// {"metadata":{"emulator":{"name":"firestore"},"message":"API endpoint: http://"}}
[debug] [2025-09-24T08:53:43.821Z] 127.0.0.1:8080
If you are using a library that supports the FIRESTORE_EMULATOR_HOST environment variable, run:

   export FIRESTORE_EMULATOR_HOST=127.0.0.1:8080

If you are running a Firestore in Datastore Mode project, run:

   export DATASTORE_EMULATOR_HOST=127.0.0.1:8080

Note: Support for Datastore Mode is in preview. If you encounter any bugs please file at https://github.com/firebase/firebase-tools/issues.
Dev App Server is now running.

 {"metadata":{"emulator":{"name":"firestore"},"message":"127.0.0.1:8080\nIf you are using a library that supports the FIRESTORE_EMULATOR_HOST environment variable, run:\n\n   export FIRESTORE_EMULATOR_HOST=127.0.0.1:8080\n\nIf you are running a Firestore in Datastore Mode project, run:\n\n   export DATASTORE_EMULATOR_HOST=127.0.0.1:8080\n\nNote: Support for Datastore Mode is in preview. If you encounter any bugs please file at https://github.com/firebase/firebase-tools/issues.\nDev App Server is now running.\n\n"}}
[info] ✔  firestore: Firestore Emulator UI websocket is running on 9150. {"metadata":{"emulator":{"name":"firestore"},"message":"Firestore Emulator UI websocket is running on 9150."}}
[debug] [2025-09-24T08:53:43.996Z] Could not find VSCode notification endpoint: FetchError: request to http://localhost:40001/vscode/notify failed, reason: connect ECONNREFUSED 127.0.0.1:40001. If you are not running the Firebase Data Connect VSCode extension, this is expected and not an issue.
[info] 
┌─────────────────────────────────────────────────────────────┐
│ ✔  All emulators ready! It is now safe to connect your app. │
│ i  View Emulator UI at http://127.0.0.1:4000/               │
└─────────────────────────────────────────────────────────────┘

┌───────────┬────────────────┬─────────────────────────────────┐
│ Emulator  │ Host:Port      │ View in Emulator UI             │
├───────────┼────────────────┼─────────────────────────────────┤
│ Firestore │ 127.0.0.1:8080 │ http://127.0.0.1:4000/firestore │
└───────────┴────────────────┴─────────────────────────────────┘
  Emulator Hub host: 127.0.0.1 port: 4400
  Other reserved ports: 4500, 9150

Issues? Report them at https://github.com/firebase/firebase-tools/issues and attach the *-debug.log files.
 
[debug] [2025-09-24T12:13:18.793Z] ----------------------------------------------------------------------
[debug] [2025-09-24T12:13:18.804Z] Command:       /nix/store/ws50yvm6vzlzf7jzz6n7xh4szddrack1-nodejs-20.19.1/bin/node /nix/store/a3jfkfzmr1h8lmk31a8fbchkg5sp12q9-firebase-tools-14.16.0/lib/node_modules/firebase-tools/lib/bin/firebase.js emulators:start --project=demo-app --only=auth,firestore
[debug] [2025-09-24T12:13:18.805Z] CLI Version:   14.16.0
[debug] [2025-09-24T12:13:18.806Z] Platform:      linux
[debug] [2025-09-24T12:13:18.806Z] Node Version:  v20.19.1
[debug] [2025-09-24T12:13:18.807Z] Time:          Wed Sep 24 2025 12:13:18 GMT+0000 (Coordinated Universal Time)
[debug] [2025-09-24T12:13:18.807Z] ----------------------------------------------------------------------
[debug] 
[debug] [2025-09-24T12:13:18.827Z] >>> [apiv2][query] GET https://firebase-public.firebaseio.com/cli.json [none]
[debug] [2025-09-24T12:13:20.557Z] <<< [apiv2][status] GET https://firebase-public.firebaseio.com/cli.json 200
[debug] [2025-09-24T12:13:20.560Z] <<< [apiv2][body] GET https://firebase-public.firebaseio.com/cli.json {"cloudBuildErrorAfter":1594252800000,"cloudBuildWarnAfter":1590019200000,"defaultNode10After":1594252800000,"minVersion":"3.0.5","node8DeploysDisabledAfter":1613390400000,"node8RuntimeDisabledAfter":1615809600000,"node8WarnAfter":1600128000000}
[debug] [2025-09-24T12:13:21.171Z] openjdk version "21.0.7" 2025-04-15

[debug] [2025-09-24T12:13:21.174Z] OpenJDK Runtime Environment (build 21.0.7+6-nixos)
OpenJDK 64-Bit Server VM (build 21.0.7+6-nixos, mixed mode, sharing)

[debug] [2025-09-24T12:13:21.226Z] Parsed Java major version: 21
[info] i  emulators: Starting emulators: firestore {"metadata":{"emulator":{"name":"hub"},"message":"Starting emulators: firestore"}}
[info] i  emulators: Detected demo project ID "demo-app", emulated services will use a demo configuration and attempts to access non-emulated services for this project will fail. {"metadata":{"emulator":{"name":"hub"},"message":"Detected demo project ID \"demo-app\", emulated services will use a demo configuration and attempts to access non-emulated services for this project will fail."}}
[warn] ⚠  auth: Not starting the auth emulator, make sure you have run firebase init. {"metadata":{"emulator":{"name":"auth"},"message":"Not starting the auth emulator, make sure you have run firebase init."}}
[warn] ⚠  hub: Error when trying to check port 4400 on ::1: Error: listen EADDRNOTAVAIL: address not available ::1:4400 {"metadata":{"emulator":{"name":"hub"},"message":"Error when trying to check port 4400 on ::1: Error: listen EADDRNOTAVAIL: address not available ::1:4400"}}
[warn] ⚠  hub: Port 4400 is available on 127.0.0.1 but not ::1. This may cause issues with some clients. {"metadata":{"emulator":{"name":"hub"},"message":"Port 4400 is available on 127.0.0.1 but not ::1. This may cause issues with some clients."}}
[warn] ⚠  hub: If you encounter connectivity issues, consider switching to a different port or explicitly specifying "host": "<ip address>" instead of hostname in firebase.json {"metadata":{"emulator":{"name":"hub"},"message":"If you encounter connectivity issues, consider switching to a different port or explicitly specifying \"host\": \"<ip address>\" instead of hostname in firebase.json"}}
[warn] ⚠  ui: Error when trying to check port 4000 on ::1: Error: listen EADDRNOTAVAIL: address not available ::1:4000 {"metadata":{"emulator":{"name":"ui"},"message":"Error when trying to check port 4000 on ::1: Error: listen EADDRNOTAVAIL: address not available ::1:4000"}}
[warn] ⚠  ui: Port 4000 is available on 127.0.0.1 but not ::1. This may cause issues with some clients. {"metadata":{"emulator":{"name":"ui"},"message":"Port 4000 is available on 127.0.0.1 but not ::1. This may cause issues with some clients."}}
[warn] ⚠  ui: If you encounter connectivity issues, consider switching to a different port or explicitly specifying "host": "<ip address>" instead of hostname in firebase.json {"metadata":{"emulator":{"name":"ui"},"message":"If you encounter connectivity issues, consider switching to a different port or explicitly specifying \"host\": \"<ip address>\" instead of hostname in firebase.json"}}
[warn] ⚠  logging: Error when trying to check port 4500 on ::1: Error: listen EADDRNOTAVAIL: address not available ::1:4500 {"metadata":{"emulator":{"name":"logging"},"message":"Error when trying to check port 4500 on ::1: Error: listen EADDRNOTAVAIL: address not available ::1:4500"}}
[warn] ⚠  logging: Port 4500 is available on 127.0.0.1 but not ::1. This may cause issues with some clients. {"metadata":{"emulator":{"name":"logging"},"message":"Port 4500 is available on 127.0.0.1 but not ::1. This may cause issues with some clients."}}
[warn] ⚠  logging: If you encounter connectivity issues, consider switching to a different port or explicitly specifying "host": "<ip address>" instead of hostname in firebase.json {"metadata":{"emulator":{"name":"logging"},"message":"If you encounter connectivity issues, consider switching to a different port or explicitly specifying \"host\": \"<ip address>\" instead of hostname in firebase.json"}}
[warn] ⚠  firestore: Error when trying to check port 8080 on ::1: Error: listen EADDRNOTAVAIL: address not available ::1:8080 {"metadata":{"emulator":{"name":"firestore"},"message":"Error when trying to check port 8080 on ::1: Error: listen EADDRNOTAVAIL: address not available ::1:8080"}}
[warn] ⚠  firestore: Port 8080 is available on 127.0.0.1 but not ::1. This may cause issues with some clients. {"metadata":{"emulator":{"name":"firestore"},"message":"Port 8080 is available on 127.0.0.1 but not ::1. This may cause issues with some clients."}}
[warn] ⚠  firestore: If you encounter connectivity issues, consider switching to a different port or explicitly specifying "host": "<ip address>" instead of hostname in firebase.json {"metadata":{"emulator":{"name":"firestore"},"message":"If you encounter connectivity issues, consider switching to a different port or explicitly specifying \"host\": \"<ip address>\" instead of hostname in firebase.json"}}
[warn] ⚠  firestore.websocket: Error when trying to check port 9150 on ::1: Error: listen EADDRNOTAVAIL: address not available ::1:9150 {"metadata":{"emulator":{"name":"firestore"},"message":"Error when trying to check port 9150 on ::1: Error: listen EADDRNOTAVAIL: address not available ::1:9150"}}
[warn] ⚠  firestore: Port 9150 is available on 127.0.0.1 but not ::1. This may cause issues with some clients. {"metadata":{"emulator":{"name":"firestore"},"message":"Port 9150 is available on 127.0.0.1 but not ::1. This may cause issues with some clients."}}
[warn] ⚠  firestore: If you encounter connectivity issues, consider switching to a different port or explicitly specifying "host": "<ip address>" instead of hostname in firebase.json {"metadata":{"emulator":{"name":"firestore"},"message":"If you encounter connectivity issues, consider switching to a different port or explicitly specifying \"host\": \"<ip address>\" instead of hostname in firebase.json"}}
[debug] [2025-09-24T12:13:21.250Z] assigned listening specs for emulators {"user":{"hub":[{"address":"127.0.0.1","family":"IPv4","port":4400}],"ui":[{"address":"127.0.0.1","family":"IPv4","port":4000}],"logging":[{"address":"127.0.0.1","family":"IPv4","port":4500}],"firestore":[{"address":"127.0.0.1","family":"IPv4","port":8080}],"firestore.websocket":[{"address":"127.0.0.1","family":"IPv4","port":9150}]},"metadata":{"message":"assigned listening specs for emulators"}}
[debug] [2025-09-24T12:13:21.254Z] Emulator locator file path: /tmp/hub-demo-app.json
[debug] [2025-09-24T12:13:21.255Z] [hub] writing locator at /tmp/hub-demo-app.json
[debug] [2025-09-24T12:13:21.279Z] Ignoring unsupported arg: auto_download {"metadata":{"emulator":{"name":"firestore"},"message":"Ignoring unsupported arg: auto_download"}}
[debug] [2025-09-24T12:13:21.280Z] Ignoring unsupported arg: single_project_mode_error {"metadata":{"emulator":{"name":"firestore"},"message":"Ignoring unsupported arg: single_project_mode_error"}}
[debug] [2025-09-24T12:13:21.280Z] Starting Firestore Emulator with command {"binary":"java","args":["-Dgoogle.cloud_firestore.debug_log_level=FINE","-Duser.language=en","-jar","/nix/store/3j1y38zp0l5fzbc60qxsn8f62pcn7bpg-emulators/cloud-firestore-emulator-v1.19.8.jar","--host","127.0.0.1","--port",8080,"--websocket_port",9150,"--project_id","demo-app","--rules","/home/user/studio/firestore.rules","--single_project_mode",true],"optionalArgs":["port","webchannel_port","host","rules","websocket_port","functions_emulator","seed_from_export","project_id","single_project_mode"],"joinArgs":false,"shell":false,"port":8080} {"metadata":{"emulator":{"name":"firestore"},"message":"Starting Firestore Emulator with command {\"binary\":\"java\",\"args\":[\"-Dgoogle.cloud_firestore.debug_log_level=FINE\",\"-Duser.language=en\",\"-jar\",\"/nix/store/3j1y38zp0l5fzbc60qxsn8f62pcn7bpg-emulators/cloud-firestore-emulator-v1.19.8.jar\",\"--host\",\"127.0.0.1\",\"--port\",8080,\"--websocket_port\",9150,\"--project_id\",\"demo-app\",\"--rules\",\"/home/user/studio/firestore.rules\",\"--single_project_mode\",true],\"optionalArgs\":[\"port\",\"webchannel_port\",\"host\",\"rules\",\"websocket_port\",\"functions_emulator\",\"seed_from_export\",\"project_id\",\"single_project_mode\"],\"joinArgs\":false,\"shell\":false,\"port\":8080}"}}
[info] i  firestore: Firestore Emulator logging to firestore-debug.log {"metadata":{"emulator":{"name":"firestore"},"message":"Firestore Emulator logging to firestore-debug.log"}}
[debug] [2025-09-24T12:13:26.378Z] Sep 24, 2025 12:13:26 PM com.google.cloud.datastore.emulator.firestore.websocket.WebSocketServer start
INFO: Started WebSocket server on ws://127.0.0.1:9150
 {"metadata":{"emulator":{"name":"firestore"},"message":"Sep 24, 2025 12:13:26 PM com.google.cloud.datastore.emulator.firestore.websocket.WebSocketServer start\nINFO: Started WebSocket server on ws://127.0.0.1:9150\n"}}
[debug] [2025-09-24T12:13:26.516Z] API endpoint: http:// {"metadata":{"emulator":{"name":"firestore"},"message":"API endpoint: http://"}}
[debug] [2025-09-24T12:13:26.523Z] 127.0.0.1:8080
If you are using a library that supports the FIRESTORE_EMULATOR_HOST environment variable, run:

   export FIRESTORE_EMULATOR_HOST=127.0.0.1:8080

If you are running a Firestore in Datastore Mode project, run:

   export DATASTORE_EMULATOR_HOST=127.0.0.1:8080

Note: Support for Datastore Mode is in preview. If you encounter any bugs please file at https://github.com/firebase/firebase-tools/issues.
Dev App Server is now running.

 {"metadata":{"emulator":{"name":"firestore"},"message":"127.0.0.1:8080\nIf you are using a library that supports the FIRESTORE_EMULATOR_HOST environment variable, run:\n\n   export FIRESTORE_EMULATOR_HOST=127.0.0.1:8080\n\nIf you are running a Firestore in Datastore Mode project, run:\n\n   export DATASTORE_EMULATOR_HOST=127.0.0.1:8080\n\nNote: Support for Datastore Mode is in preview. If you encounter any bugs please file at https://github.com/firebase/firebase-tools/issues.\nDev App Server is now running.\n\n"}}
[info] ✔  firestore: Firestore Emulator UI websocket is running on 9150. {"metadata":{"emulator":{"name":"firestore"},"message":"Firestore Emulator UI websocket is running on 9150."}}
[debug] [2025-09-24T12:13:26.612Z] Could not find VSCode notification endpoint: FetchError: request to http://localhost:40001/vscode/notify failed, reason: connect ECONNREFUSED 127.0.0.1:40001. If you are not running the Firebase Data Connect VSCode extension, this is expected and not an issue.
[info] 
┌─────────────────────────────────────────────────────────────┐
│ ✔  All emulators ready! It is now safe to connect your app. │
│ i  View Emulator UI at http://127.0.0.1:4000/               │
└─────────────────────────────────────────────────────────────┘

┌───────────┬────────────────┬─────────────────────────────────┐
│ Emulator  │ Host:Port      │ View in Emulator UI             │
├───────────┼────────────────┼─────────────────────────────────┤
│ Firestore │ 127.0.0.1:8080 │ http://127.0.0.1:4000/firestore │
└───────────┴────────────────┴─────────────────────────────────┘
  Emulator Hub host: 127.0.0.1 port: 4400
  Other reserved ports: 4500, 9150

Issues? Report them at https://github.com/firebase/firebase-tools/issues and attach the *-debug.log files.
 
[debug] [2025-09-24T12:58:43.562Z] Sep 24, 2025 12:58:43 PM com.google.cloud.datastore.emulator.firestore.websocket.WebSocketChannelHandler initChannel
INFO: Connected to new websocket client
Sep 24, 2025 12:58:43 PM io.gapi.emulators.netty.HttpVersionRoutingHandler channelRead
INFO: Detected non-HTTP/2 connection.
 {"metadata":{"emulator":{"name":"firestore"},"message":"Sep 24, 2025 12:58:43 PM com.google.cloud.datastore.emulator.firestore.websocket.WebSocketChannelHandler initChannel\nINFO: Connected to new websocket client\nSep 24, 2025 12:58:43 PM io.gapi.emulators.netty.HttpVersionRoutingHandler channelRead\nINFO: Detected non-HTTP/2 connection.\n"}}
[debug] [2025-09-24T12:58:45.182Z] Sep 24, 2025 12:58:45 PM io.grpc.netty.NettyServerTransport notifyTerminated
INFO: Transport failed
io.netty.handler.codec.http2.Http2Exception: Unexpected HTTP/1.x request: GET / 
	at io.netty.handler.codec.http2.Http2Exception.connectionError(Http2Exception.java:107)
	at io.netty.handler.codec.http2.Http2ConnectionHandler$PrefaceDecoder.readClientPrefaceString(Http2ConnectionHandler.java:315)
	at io.netty.handler.codec.http2.Http2ConnectionHandler$PrefaceDecoder.decode(Http2ConnectionHandler.java:245)
	at io.netty.handler.codec.http2.Http2ConnectionHandler.decode(Http2ConnectionHandler.java:451)
	at io.netty.handler.codec.ByteToMessageDecoder.decodeRemovalReentryProtection(ByteToMessageDecoder.java:530)
	at io.netty.handler.codec.ByteToMessageDecoder.callDecode(ByteToMessageDecoder.java:469)
	at io.netty.handler.codec.ByteToMessageDecoder.channelRead(ByteToMessageDecoder.java:290)
	at io.netty.channel.AbstractChannelHandlerContext.invokeChannelRead(AbstractChannelHandlerContext.java:444)
	at io.netty.channel.AbstractChannelHandlerContext.invokeChannelRead(AbstractChannelHandlerContext.java:420)
	at io.netty.channel.AbstractChannelHandlerContext.fireChannelRead(AbstractChannelHandlerContext.java:412)
	at io.netty.channel.DefaultChannelPipeline$HeadContext.channelRead(DefaultChannelPipeline.java:1407)
	at io.netty.channel.AbstractChannelHandlerContext.invokeChannelRead(AbstractChannelHandlerContext.java:440)
	at io.netty.channel.AbstractChannelHandlerContext.invokeChannelRead(AbstractChannelHandlerContext.java:420)
	at io.netty.channel.DefaultChannelPipeline.fireChannelRead(DefaultChannelPipeline.java:918)
	at io.netty.channel.nio.AbstractNioByteChannel$NioByteUnsafe.read(AbstractNioByteChannel.java:166)
	at io.netty.channel.nio.NioEventLoop.processSelectedKey(NioEventLoop.java:788)
	at io.netty.channel.nio.NioEventLoop.processSelectedKeysOptimized(NioEventLoop.java:724)
	at io.netty.channel.nio.NioEventLoop.processSelectedKeys(NioEventLoop.java:650)
	at io.netty.channel.nio.NioEventLoop.run(NioEventLoop.java:562)
	at io.netty.util.concurrent.SingleThreadEventExecutor$4.run(SingleThreadEventExecutor.java:994)
	at io.netty.util.internal.ThreadExecutorMap$2.run(ThreadExecutorMap.java:74)
	at io.netty.util.concurrent.FastThreadLocalRunnable.run(FastThreadLocalRunnable.java:30)
	at java.base/java.lang.Thread.run(Thread.java:1583)

 {"metadata":{"emulator":{"name":"firestore"},"message":"Sep 24, 2025 12:58:45 PM io.grpc.netty.NettyServerTransport notifyTerminated\nINFO: Transport failed\nio.netty.handler.codec.http2.Http2Exception: Unexpected HTTP/1.x request: GET / \n\tat io.netty.handler.codec.http2.Http2Exception.connectionError(Http2Exception.java:107)\n\tat io.netty.handler.codec.http2.Http2ConnectionHandler$PrefaceDecoder.readClientPrefaceString(Http2ConnectionHandler.java:315)\n\tat io.netty.handler.codec.http2.Http2ConnectionHandler$PrefaceDecoder.decode(Http2ConnectionHandler.java:245)\n\tat io.netty.handler.codec.http2.Http2ConnectionHandler.decode(Http2ConnectionHandler.java:451)\n\tat io.netty.handler.codec.ByteToMessageDecoder.decodeRemovalReentryProtection(ByteToMessageDecoder.java:530)\n\tat io.netty.handler.codec.ByteToMessageDecoder.callDecode(ByteToMessageDecoder.java:469)\n\tat io.netty.handler.codec.ByteToMessageDecoder.channelRead(ByteToMessageDecoder.java:290)\n\tat io.netty.channel.AbstractChannelHandlerContext.invokeChannelRead(AbstractChannelHandlerContext.java:444)\n\tat io.netty.channel.AbstractChannelHandlerContext.invokeChannelRead(AbstractChannelHandlerContext.java:420)\n\tat io.netty.channel.AbstractChannelHandlerContext.fireChannelRead(AbstractChannelHandlerContext.java:412)\n\tat io.netty.channel.DefaultChannelPipeline$HeadContext.channelRead(DefaultChannelPipeline.java:1407)\n\tat io.netty.channel.AbstractChannelHandlerContext.invokeChannelRead(AbstractChannelHandlerContext.java:440)\n\tat io.netty.channel.AbstractChannelHandlerContext.invokeChannelRead(AbstractChannelHandlerContext.java:420)\n\tat io.netty.channel.DefaultChannelPipeline.fireChannelRead(DefaultChannelPipeline.java:918)\n\tat io.netty.channel.nio.AbstractNioByteChannel$NioByteUnsafe.read(AbstractNioByteChannel.java:166)\n\tat io.netty.channel.nio.NioEventLoop.processSelectedKey(NioEventLoop.java:788)\n\tat io.netty.channel.nio.NioEventLoop.processSelectedKeysOptimized(NioEventLoop.java:724)\n\tat io.netty.channel.nio.NioEventLoop.processSelectedKeys(NioEventLoop.java:650)\n\tat io.netty.channel.nio.NioEventLoop.run(NioEventLoop.java:562)\n\tat io.netty.util.concurrent.SingleThreadEventExecutor$4.run(SingleThreadEventExecutor.java:994)\n\tat io.netty.util.internal.ThreadExecutorMap$2.run(ThreadExecutorMap.java:74)\n\tat io.netty.util.concurrent.FastThreadLocalRunnable.run(FastThreadLocalRunnable.java:30)\n\tat java.base/java.lang.Thread.run(Thread.java:1583)\n\n"}}
[debug] [2025-09-24T12:58:45.489Z] Sep 24, 2025 12:58:45 PM io.grpc.netty.NettyServerTransport notifyTerminated
INFO: Transport failed
io.netty.handler.codec.http2.Http2Exception: HTTP/2 client preface string missing or corrupt. Hex dump for received bytes: 16030105a8010005a40303f9e003c7c9f14c5229437dca0b
	at io.netty.handler.codec.http2.Http2Exception.connectionError(Http2Exception.java:107)
	at io.netty.handler.codec.http2.Http2ConnectionHandler$PrefaceDecoder.readClientPrefaceString(Http2ConnectionHandler.java:319)
	at io.netty.handler.codec.http2.Http2ConnectionHandler$PrefaceDecoder.decode(Http2ConnectionHandler.java:245)
	at io.netty.handler.codec.http2.Http2ConnectionHandler.decode(Http2ConnectionHandler.java:451)
	at io.netty.handler.codec.ByteToMessageDecoder.decodeRemovalReentryProtection(ByteToMessageDecoder.java:530)
	at io.netty.handler.codec.ByteToMessageDecoder.callDecode(ByteToMessageDecoder.java:469)
	at io.netty.handler.codec.ByteToMessageDecoder.channelRead(ByteToMessageDecoder.java:290)
	at io.netty.channel.AbstractChannelHandlerContext.invokeChannelRead(AbstractChannelHandlerContext.java:444)
	at io.netty.channel.AbstractChannelHandlerContext.invokeChannelRead(AbstractChannelHandlerContext.java:420)
	at io.netty.channel.AbstractChannelHandlerContext.fireChannelRead(AbstractChannelHandlerContext.java:412)
	at io.netty.channel.DefaultChannelPipeline$HeadContext.channelRead(DefaultChannelPipeline.java:1407)
	at io.netty.channel.AbstractChannelHandlerContext.invokeChannelRead(AbstractChannelHandlerContext.java:440)
	at io.netty.channel.AbstractChannelHandlerContext.invokeChannelRead(AbstractChannelHandlerContext.java:420)
	at io.netty.channel.DefaultChannelPipeline.fireChannelRead(DefaultChannelPipeline.java:918)
	at io.netty.channel.nio.AbstractNioByteChannel$NioByteUnsafe.read(AbstractNioByteChannel.java:166)
	at io.netty.channel.nio.NioEventLoop.processSelectedKey(NioEventLoop.java:788)
	at io.netty.channel.nio.NioEventLoop.processSelectedKeysOptimized(NioEventLoop.java:724)
	at io.netty.channel.nio.NioEventLoop.processSelectedKeys(NioEventLoop.java:650)
	at io.netty.channel.nio.NioEventLoop.run(NioEventLoop.java:562)
	at io.netty.util.concurrent.SingleThreadEventExecutor$4.run(SingleThreadEventExecutor.java:994)
	at io.netty.util.internal.ThreadExecutorMap$2.run(ThreadExecutorMap.java:74)
	at io.netty.util.concurrent.FastThreadLocalRunnable.run(FastThreadLocalRunnable.java:30)
	at java.base/java.lang.Thread.run(Thread.java:1583)

 {"metadata":{"emulator":{"name":"firestore"},"message":"Sep 24, 2025 12:58:45 PM io.grpc.netty.NettyServerTransport notifyTerminated\nINFO: Transport failed\nio.netty.handler.codec.http2.Http2Exception: HTTP/2 client preface string missing or corrupt. Hex dump for received bytes: 16030105a8010005a40303f9e003c7c9f14c5229437dca0b\n\tat io.netty.handler.codec.http2.Http2Exception.connectionError(Http2Exception.java:107)\n\tat io.netty.handler.codec.http2.Http2ConnectionHandler$PrefaceDecoder.readClientPrefaceString(Http2ConnectionHandler.java:319)\n\tat io.netty.handler.codec.http2.Http2ConnectionHandler$PrefaceDecoder.decode(Http2ConnectionHandler.java:245)\n\tat io.netty.handler.codec.http2.Http2ConnectionHandler.decode(Http2ConnectionHandler.java:451)\n\tat io.netty.handler.codec.ByteToMessageDecoder.decodeRemovalReentryProtection(ByteToMessageDecoder.java:530)\n\tat io.netty.handler.codec.ByteToMessageDecoder.callDecode(ByteToMessageDecoder.java:469)\n\tat io.netty.handler.codec.ByteToMessageDecoder.channelRead(ByteToMessageDecoder.java:290)\n\tat io.netty.channel.AbstractChannelHandlerContext.invokeChannelRead(AbstractChannelHandlerContext.java:444)\n\tat io.netty.channel.AbstractChannelHandlerContext.invokeChannelRead(AbstractChannelHandlerContext.java:420)\n\tat io.netty.channel.AbstractChannelHandlerContext.fireChannelRead(AbstractChannelHandlerContext.java:412)\n\tat io.netty.channel.DefaultChannelPipeline$HeadContext.channelRead(DefaultChannelPipeline.java:1407)\n\tat io.netty.channel.AbstractChannelHandlerContext.invokeChannelRead(AbstractChannelHandlerContext.java:440)\n\tat io.netty.channel.AbstractChannelHandlerContext.invokeChannelRead(AbstractChannelHandlerContext.java:420)\n\tat io.netty.channel.DefaultChannelPipeline.fireChannelRead(DefaultChannelPipeline.java:918)\n\tat io.netty.channel.nio.AbstractNioByteChannel$NioByteUnsafe.read(AbstractNioByteChannel.java:166)\n\tat io.netty.channel.nio.NioEventLoop.processSelectedKey(NioEventLoop.java:788)\n\tat io.netty.channel.nio.NioEventLoop.processSelectedKeysOptimized(NioEventLoop.java:724)\n\tat io.netty.channel.nio.NioEventLoop.processSelectedKeys(NioEventLoop.java:650)\n\tat io.netty.channel.nio.NioEventLoop.run(NioEventLoop.java:562)\n\tat io.netty.util.concurrent.SingleThreadEventExecutor$4.run(SingleThreadEventExecutor.java:994)\n\tat io.netty.util.internal.ThreadExecutorMap$2.run(ThreadExecutorMap.java:74)\n\tat io.netty.util.concurrent.FastThreadLocalRunnable.run(FastThreadLocalRunnable.java:30)\n\tat java.base/java.lang.Thread.run(Thread.java:1583)\n\n"}}
[debug] [2025-09-24T12:58:48.239Z] Sep 24, 2025 12:58:48 PM com.google.cloud.datastore.emulator.firestore.websocket.WebSocketChannelHandler initChannel
INFO: Connected to new websocket client
 {"metadata":{"emulator":{"name":"firestore"},"message":"Sep 24, 2025 12:58:48 PM com.google.cloud.datastore.emulator.firestore.websocket.WebSocketChannelHandler initChannel\nINFO: Connected to new websocket client\n"}}
[debug] [2025-09-24T13:16:51.717Z] Sep 24, 2025 1:16:51 PM com.google.cloud.datastore.emulator.firestore.websocket.WebSocketChannelHandler channelClosed
INFO: Websocket client disconnected
 {"metadata":{"emulator":{"name":"firestore"},"message":"Sep 24, 2025 1:16:51 PM com.google.cloud.datastore.emulator.firestore.websocket.WebSocketChannelHandler channelClosed\nINFO: Websocket client disconnected\n"}}
[debug] [2025-09-24T13:29:55.846Z] Sep 24, 2025 1:29:55 PM io.gapi.emulators.netty.HttpVersionRoutingHandler channelRead
INFO: Detected non-HTTP/2 connection.
 {"metadata":{"emulator":{"name":"firestore"},"message":"Sep 24, 2025 1:29:55 PM io.gapi.emulators.netty.HttpVersionRoutingHandler channelRead\nINFO: Detected non-HTTP/2 connection.\n"}}
[debug] [2025-09-24T13:29:56.018Z] Sep 24, 2025 1:29:55 PM io.grpc.netty.NettyServerTransport notifyTerminated
INFO: Transport failed
io.netty.handler.codec.http2.Http2Exception: Unexpected HTTP/1.x request: GET / 
	at io.netty.handler.codec.http2.Http2Exception.connectionError(Http2Exception.java:107)
	at io.netty.handler.codec.http2.Http2ConnectionHandler$PrefaceDecoder.readClientPrefaceString(Http2ConnectionHandler.java:315)
	at io.netty.handler.codec.http2.Http2ConnectionHandler$PrefaceDecoder.decode(Http2ConnectionHandler.java:245)
	at io.netty.handler.codec.http2.Http2ConnectionHandler.decode(Http2ConnectionHandler.java:451)
	at io.netty.handler.codec.ByteToMessageDecoder.decodeRemovalReentryProtection(ByteToMessageDecoder.java:530)
	at io.netty.handler.codec.ByteToMessageDecoder.callDecode(ByteToMessageDecoder.java:469)
	at io.netty.handler.codec.ByteToMessageDecoder.channelRead(ByteToMessageDecoder.java:290)
	at io.netty.channel.AbstractChannelHandlerContext.invokeChannelRead(AbstractChannelHandlerContext.java:444)
	at io.netty.channel.AbstractChannelHandlerContext.invokeChannelRead(AbstractChannelHandlerContext.java:420)
	at io.netty.channel.AbstractChannelHandlerContext.fireChannelRead(AbstractChannelHandlerContext.java:412)
	at io.netty.channel.DefaultChannelPipeline$HeadContext.channelRead(DefaultChannelPipeline.java:1407)
	at io.netty.channel.AbstractChannelHandlerContext.invokeChannelRead(AbstractChannelHandlerContext.java:440)
	at io.netty.channel.AbstractChannelHandlerContext.invokeChannelRead(AbstractChannelHandlerContext.java:420)
	at io.netty.channel.DefaultChannelPipeline.fireChannelRead(DefaultChannelPipeline.java:918)
	at io.netty.channel.nio.AbstractNioByteChannel$NioByteUnsafe.read(AbstractNioByteChannel.java:166)
	at io.netty.channel.nio.NioEventLoop.processSelectedKey(NioEventLoop.java:788)
	at io.netty.channel.nio.NioEventLoop.processSelectedKeysOptimized(NioEventLoop.java:724)
	at io.netty.channel.nio.NioEventLoop.processSelectedKeys(NioEventLoop.java:650)
	at io.netty.channel.nio.NioEventLoop.run(NioEventLoop.java:562)
	at io.netty.util.concurrent.SingleThreadEventExecutor$4.run(SingleThreadEventExecutor.java:994)
	at io.netty.util.internal.ThreadExecutorMap$2.run(ThreadExecutorMap.java:74)
	at io.netty.util.concurrent.FastThreadLocalRunnable.run(FastThreadLocalRunnable.java:30)
	at java.base/java.lang.Thread.run(Thread.java:1583)

 {"metadata":{"emulator":{"name":"firestore"},"message":"Sep 24, 2025 1:29:55 PM io.grpc.netty.NettyServerTransport notifyTerminated\nINFO: Transport failed\nio.netty.handler.codec.http2.Http2Exception: Unexpected HTTP/1.x request: GET / \n\tat io.netty.handler.codec.http2.Http2Exception.connectionError(Http2Exception.java:107)\n\tat io.netty.handler.codec.http2.Http2ConnectionHandler$PrefaceDecoder.readClientPrefaceString(Http2ConnectionHandler.java:315)\n\tat io.netty.handler.codec.http2.Http2ConnectionHandler$PrefaceDecoder.decode(Http2ConnectionHandler.java:245)\n\tat io.netty.handler.codec.http2.Http2ConnectionHandler.decode(Http2ConnectionHandler.java:451)\n\tat io.netty.handler.codec.ByteToMessageDecoder.decodeRemovalReentryProtection(ByteToMessageDecoder.java:530)\n\tat io.netty.handler.codec.ByteToMessageDecoder.callDecode(ByteToMessageDecoder.java:469)\n\tat io.netty.handler.codec.ByteToMessageDecoder.channelRead(ByteToMessageDecoder.java:290)\n\tat io.netty.channel.AbstractChannelHandlerContext.invokeChannelRead(AbstractChannelHandlerContext.java:444)\n\tat io.netty.channel.AbstractChannelHandlerContext.invokeChannelRead(AbstractChannelHandlerContext.java:420)\n\tat io.netty.channel.AbstractChannelHandlerContext.fireChannelRead(AbstractChannelHandlerContext.java:412)\n\tat io.netty.channel.DefaultChannelPipeline$HeadContext.channelRead(DefaultChannelPipeline.java:1407)\n\tat io.netty.channel.AbstractChannelHandlerContext.invokeChannelRead(AbstractChannelHandlerContext.java:440)\n\tat io.netty.channel.AbstractChannelHandlerContext.invokeChannelRead(AbstractChannelHandlerContext.java:420)\n\tat io.netty.channel.DefaultChannelPipeline.fireChannelRead(DefaultChannelPipeline.java:918)\n\tat io.netty.channel.nio.AbstractNioByteChannel$NioByteUnsafe.read(AbstractNioByteChannel.java:166)\n\tat io.netty.channel.nio.NioEventLoop.processSelectedKey(NioEventLoop.java:788)\n\tat io.netty.channel.nio.NioEventLoop.processSelectedKeysOptimized(NioEventLoop.java:724)\n\tat io.netty.channel.nio.NioEventLoop.processSelectedKeys(NioEventLoop.java:650)\n\tat io.netty.channel.nio.NioEventLoop.run(NioEventLoop.java:562)\n\tat io.netty.util.concurrent.SingleThreadEventExecutor$4.run(SingleThreadEventExecutor.java:994)\n\tat io.netty.util.internal.ThreadExecutorMap$2.run(ThreadExecutorMap.java:74)\n\tat io.netty.util.concurrent.FastThreadLocalRunnable.run(FastThreadLocalRunnable.java:30)\n\tat java.base/java.lang.Thread.run(Thread.java:1583)\n\n"}}
[debug] [2025-09-24T13:29:56.061Z] Sep 24, 2025 1:29:55 PM io.grpc.netty.NettyServerTransport notifyTerminated
INFO: Transport failed
io.netty.handler.codec.http2.Http2Exception: HTTP/2 client preface string missing or corrupt. Hex dump for received bytes: 16030105a8010005a4030313e666f27decb5ee9bae11a95d
	at io.netty.handler.codec.http2.Http2Exception.connectionError(Http2Exception.java:107)
	at io.netty.handler.codec.http2.Http2ConnectionHandler$PrefaceDecoder.readClientPrefaceString(Http2ConnectionHandler.java:319)
	at io.netty.handler.codec.http2.Http2ConnectionHandler$PrefaceDecoder.decode(Http2ConnectionHandler.java:245)
	at io.netty.handler.codec.http2.Http2ConnectionHandler.decode(Http2ConnectionHandler.java:451)
	at io.netty.handler.codec.ByteToMessageDecoder.decodeRemovalReentryProtection(ByteToMessageDecoder.java:530)
	at io.netty.handler.codec.ByteToMessageDecoder.callDecode(ByteToMessageDecoder.java:469)
	at io.netty.handler.codec.ByteToMessageDecoder.channelRead(ByteToMessageDecoder.java:290)
	at io.netty.channel.AbstractChannelHandlerContext.invokeChannelRead(AbstractChannelHandlerContext.java:444)
	at io.netty.channel.AbstractChannelHandlerContext.invokeChannelRead(AbstractChannelHandlerContext.java:420)
	at io.netty.channel.AbstractChannelHandlerContext.fireChannelRead(AbstractChannelHandlerContext.java:412)
	at io.netty.channel.DefaultChannelPipeline$HeadContext.channelRead(DefaultChannelPipeline.java:1407)
	at io.netty.channel.AbstractChannelHandlerContext.invokeChannelRead(AbstractChannelHandlerContext.java:440)
	at io.netty.channel.AbstractChannelHandlerContext.invokeChannelRead(AbstractChannelHandlerContext.java:420)
	at io.netty.channel.DefaultChannelPipeline.fireChannelRead(DefaultChannelPipeline.java:918)
	at io.netty.channel.nio.AbstractNioByteChannel$NioByteUnsafe.read(AbstractNioByteChannel.java:166)
	at io.netty.channel.nio.NioEventLoop.processSelectedKey(NioEventLoop.java:788)
	at io.netty.channel.nio.NioEventLoop.processSelectedKeysOptimized(NioEventLoop.java:724)
	at io.netty.channel.nio.NioEventLoop.processSelectedKeys(NioEventLoop.java:650)
	at io.netty.channel.nio.NioEventLoop.run(NioEventLoop.java:562)
	at io.netty.util.concurrent.SingleThreadEventExecutor$4.run(SingleThreadEventExecutor.java:994)
	at io.netty.util.internal.ThreadExecutorMap$2.run(ThreadExecutorMap.java:74)
	at io.netty.util.concurrent.FastThreadLocalRunnable.run(FastThreadLocalRunnable.java:30)
	at java.base/java.lang.Thread.run(Thread.java:1583)

 {"metadata":{"emulator":{"name":"firestore"},"message":"Sep 24, 2025 1:29:55 PM io.grpc.netty.NettyServerTransport notifyTerminated\nINFO: Transport failed\nio.netty.handler.codec.http2.Http2Exception: HTTP/2 client preface string missing or corrupt. Hex dump for received bytes: 16030105a8010005a4030313e666f27decb5ee9bae11a95d\n\tat io.netty.handler.codec.http2.Http2Exception.connectionError(Http2Exception.java:107)\n\tat io.netty.handler.codec.http2.Http2ConnectionHandler$PrefaceDecoder.readClientPrefaceString(Http2ConnectionHandler.java:319)\n\tat io.netty.handler.codec.http2.Http2ConnectionHandler$PrefaceDecoder.decode(Http2ConnectionHandler.java:245)\n\tat io.netty.handler.codec.http2.Http2ConnectionHandler.decode(Http2ConnectionHandler.java:451)\n\tat io.netty.handler.codec.ByteToMessageDecoder.decodeRemovalReentryProtection(ByteToMessageDecoder.java:530)\n\tat io.netty.handler.codec.ByteToMessageDecoder.callDecode(ByteToMessageDecoder.java:469)\n\tat io.netty.handler.codec.ByteToMessageDecoder.channelRead(ByteToMessageDecoder.java:290)\n\tat io.netty.channel.AbstractChannelHandlerContext.invokeChannelRead(AbstractChannelHandlerContext.java:444)\n\tat io.netty.channel.AbstractChannelHandlerContext.invokeChannelRead(AbstractChannelHandlerContext.java:420)\n\tat io.netty.channel.AbstractChannelHandlerContext.fireChannelRead(AbstractChannelHandlerContext.java:412)\n\tat io.netty.channel.DefaultChannelPipeline$HeadContext.channelRead(DefaultChannelPipeline.java:1407)\n\tat io.netty.channel.AbstractChannelHandlerContext.invokeChannelRead(AbstractChannelHandlerContext.java:440)\n\tat io.netty.channel.AbstractChannelHandlerContext.invokeChannelRead(AbstractChannelHandlerContext.java:420)\n\tat io.netty.channel.DefaultChannelPipeline.fireChannelRead(DefaultChannelPipeline.java:918)\n\tat io.netty.channel.nio.AbstractNioByteChannel$NioByteUnsafe.read(AbstractNioByteChannel.java:166)\n\tat io.netty.channel.nio.NioEventLoop.processSelectedKey(NioEventLoop.java:788)\n\tat io.netty.channel.nio.NioEventLoop.processSelectedKeysOptimized(NioEventLoop.java:724)\n\tat io.netty.channel.nio.NioEventLoop.processSelectedKeys(NioEventLoop.java:650)\n\tat io.netty.channel.nio.NioEventLoop.run(NioEventLoop.java:562)\n\tat io.netty.util.concurrent.SingleThreadEventExecutor$4.run(SingleThreadEventExecutor.java:994)\n\tat io.netty.util.internal.ThreadExecutorMap$2.run(ThreadExecutorMap.java:74)\n\tat io.netty.util.concurrent.FastThreadLocalRunnable.run(FastThreadLocalRunnable.java:30)\n\tat java.base/java.lang.Thread.run(Thread.java:1583)\n\n"}}
[debug] [2025-09-24T13:29:56.523Z] Sep 24, 2025 1:29:56 PM com.google.cloud.datastore.emulator.firestore.websocket.WebSocketChannelHandler initChannel
INFO: Connected to new websocket client
 {"metadata":{"emulator":{"name":"firestore"},"message":"Sep 24, 2025 1:29:56 PM com.google.cloud.datastore.emulator.firestore.websocket.WebSocketChannelHandler initChannel\nINFO: Connected to new websocket client\n"}}
[debug] [2025-09-24T13:29:57.957Z] Sep 24, 2025 1:29:57 PM com.google.cloud.datastore.emulator.firestore.websocket.WebSocketChannelHandler initChannel
INFO: Connected to new websocket client
 {"metadata":{"emulator":{"name":"firestore"},"message":"Sep 24, 2025 1:29:57 PM com.google.cloud.datastore.emulator.firestore.websocket.WebSocketChannelHandler initChannel\nINFO: Connected to new websocket client\n"}}
[debug] [2025-09-24T15:07:19.975Z] Sep 24, 2025 3:07:19 PM com.google.cloud.datastore.emulator.firestore.websocket.WebSocketChannelHandler initChannel
INFO: Connected to new websocket client
 {"metadata":{"emulator":{"name":"firestore"},"message":"Sep 24, 2025 3:07:19 PM com.google.cloud.datastore.emulator.firestore.websocket.WebSocketChannelHandler initChannel\nINFO: Connected to new websocket client\n"}}
[debug] [2025-09-24T15:07:28.763Z] Sep 24, 2025 3:07:28 PM com.google.cloud.datastore.emulator.firestore.websocket.WebSocketChannelHandler initChannel
INFO: Connected to new websocket client
 {"metadata":{"emulator":{"name":"firestore"},"message":"Sep 24, 2025 3:07:28 PM com.google.cloud.datastore.emulator.firestore.websocket.WebSocketChannelHandler initChannel\nINFO: Connected to new websocket client\n"}}
[debug] [2025-09-24T15:09:36.680Z] Sep 24, 2025 3:09:36 PM com.google.cloud.datastore.emulator.firestore.websocket.WebSocketChannelHandler channelClosed
INFO: Websocket client disconnected
 {"metadata":{"emulator":{"name":"firestore"},"message":"Sep 24, 2025 3:09:36 PM com.google.cloud.datastore.emulator.firestore.websocket.WebSocketChannelHandler channelClosed\nINFO: Websocket client disconnected\n"}}
[debug] [2025-09-24T17:25:01.981Z] Sep 24, 2025 5:25:01 PM com.google.cloud.datastore.emulator.firestore.websocket.WebSocketChannelHandler channelClosed
INFO: Websocket client disconnected
 {"metadata":{"emulator":{"name":"firestore"},"message":"Sep 24, 2025 5:25:01 PM com.google.cloud.datastore.emulator.firestore.websocket.WebSocketChannelHandler channelClosed\nINFO: Websocket client disconnected\n"}}
[debug] [2025-09-24T18:24:28.150Z] Sep 24, 2025 6:24:28 PM com.google.cloud.datastore.emulator.firestore.websocket.WebSocketChannelHandler channelClosed
INFO: Websocket client disconnected
 {"metadata":{"emulator":{"name":"firestore"},"message":"Sep 24, 2025 6:24:28 PM com.google.cloud.datastore.emulator.firestore.websocket.WebSocketChannelHandler channelClosed\nINFO: Websocket client disconnected\n"}}
[debug] [2025-09-24T18:24:28.162Z] Sep 24, 2025 6:24:28 PM com.google.cloud.datastore.emulator.firestore.websocket.WebSocketChannelHandler channelClosed
INFO: Websocket client disconnected
 {"metadata":{"emulator":{"name":"firestore"},"message":"Sep 24, 2025 6:24:28 PM com.google.cloud.datastore.emulator.firestore.websocket.WebSocketChannelHandler channelClosed\nINFO: Websocket client disconnected\n"}}
[debug] [2025-09-24T18:24:28.206Z] Sep 24, 2025 6:24:28 PM com.google.cloud.datastore.emulator.firestore.websocket.WebSocketChannelHandler channelClosed
INFO: Websocket client disconnected
 {"metadata":{"emulator":{"name":"firestore"},"message":"Sep 24, 2025 6:24:28 PM com.google.cloud.datastore.emulator.firestore.websocket.WebSocketChannelHandler channelClosed\nINFO: Websocket client disconnected\n"}}
[debug] [2025-09-24T20:10:24.980Z] ----------------------------------------------------------------------
[debug] [2025-09-24T20:10:24.988Z] Command:       /nix/store/ws50yvm6vzlzf7jzz6n7xh4szddrack1-nodejs-20.19.1/bin/node /nix/store/a3jfkfzmr1h8lmk31a8fbchkg5sp12q9-firebase-tools-14.16.0/lib/node_modules/firebase-tools/lib/bin/firebase.js emulators:start --project=demo-app --only=auth,firestore
[debug] [2025-09-24T20:10:24.989Z] CLI Version:   14.16.0
[debug] [2025-09-24T20:10:24.989Z] Platform:      linux
[debug] [2025-09-24T20:10:24.990Z] Node Version:  v20.19.1
[debug] [2025-09-24T20:10:24.990Z] Time:          Wed Sep 24 2025 20:10:24 GMT+0000 (Coordinated Universal Time)
[debug] [2025-09-24T20:10:24.990Z] ----------------------------------------------------------------------
[debug] 
[debug] [2025-09-24T20:10:26.412Z] openjdk version "21.0.7" 2025-04-15
OpenJDK Runtime Environment (build 21.0.7+6-nixos)
OpenJDK 64-Bit Server VM (build 21.0.7+6-nixos, mixed mode, sharing)

[debug] [2025-09-24T20:10:26.453Z] Parsed Java major version: 21
[info] i  emulators: Starting emulators: firestore {"metadata":{"emulator":{"name":"hub"},"message":"Starting emulators: firestore"}}
[info] i  emulators: Detected demo project ID "demo-app", emulated services will use a demo configuration and attempts to access non-emulated services for this project will fail. {"metadata":{"emulator":{"name":"hub"},"message":"Detected demo project ID \"demo-app\", emulated services will use a demo configuration and attempts to access non-emulated services for this project will fail."}}
[warn] ⚠  auth: Not starting the auth emulator, make sure you have run firebase init. {"metadata":{"emulator":{"name":"auth"},"message":"Not starting the auth emulator, make sure you have run firebase init."}}
[warn] ⚠  hub: Error when trying to check port 4400 on ::1: Error: listen EADDRNOTAVAIL: address not available ::1:4400 {"metadata":{"emulator":{"name":"hub"},"message":"Error when trying to check port 4400 on ::1: Error: listen EADDRNOTAVAIL: address not available ::1:4400"}}
[warn] ⚠  hub: Port 4400 is available on 127.0.0.1 but not ::1. This may cause issues with some clients. {"metadata":{"emulator":{"name":"hub"},"message":"Port 4400 is available on 127.0.0.1 but not ::1. This may cause issues with some clients."}}
[warn] ⚠  hub: If you encounter connectivity issues, consider switching to a different port or explicitly specifying "host": "<ip address>" instead of hostname in firebase.json {"metadata":{"emulator":{"name":"hub"},"message":"If you encounter connectivity issues, consider switching to a different port or explicitly specifying \"host\": \"<ip address>\" instead of hostname in firebase.json"}}
[warn] ⚠  ui: Error when trying to check port 4000 on ::1: Error: listen EADDRNOTAVAIL: address not available ::1:4000 {"metadata":{"emulator":{"name":"ui"},"message":"Error when trying to check port 4000 on ::1: Error: listen EADDRNOTAVAIL: address not available ::1:4000"}}
[warn] ⚠  ui: Port 4000 is available on 127.0.0.1 but not ::1. This may cause issues with some clients. {"metadata":{"emulator":{"name":"ui"},"message":"Port 4000 is available on 127.0.0.1 but not ::1. This may cause issues with some clients."}}
[warn] ⚠  ui: If you encounter connectivity issues, consider switching to a different port or explicitly specifying "host": "<ip address>" instead of hostname in firebase.json {"metadata":{"emulator":{"name":"ui"},"message":"If you encounter connectivity issues, consider switching to a different port or explicitly specifying \"host\": \"<ip address>\" instead of hostname in firebase.json"}}
[warn] ⚠  logging: Error when trying to check port 4500 on ::1: Error: listen EADDRNOTAVAIL: address not available ::1:4500 {"metadata":{"emulator":{"name":"logging"},"message":"Error when trying to check port 4500 on ::1: Error: listen EADDRNOTAVAIL: address not available ::1:4500"}}
[warn] ⚠  logging: Port 4500 is available on 127.0.0.1 but not ::1. This may cause issues with some clients. {"metadata":{"emulator":{"name":"logging"},"message":"Port 4500 is available on 127.0.0.1 but not ::1. This may cause issues with some clients."}}
[warn] ⚠  logging: If you encounter connectivity issues, consider switching to a different port or explicitly specifying "host": "<ip address>" instead of hostname in firebase.json {"metadata":{"emulator":{"name":"logging"},"message":"If you encounter connectivity issues, consider switching to a different port or explicitly specifying \"host\": \"<ip address>\" instead of hostname in firebase.json"}}
[warn] ⚠  firestore: Error when trying to check port 8080 on ::1: Error: listen EADDRNOTAVAIL: address not available ::1:8080 {"metadata":{"emulator":{"name":"firestore"},"message":"Error when trying to check port 8080 on ::1: Error: listen EADDRNOTAVAIL: address not available ::1:8080"}}
[warn] ⚠  firestore: Port 8080 is available on 127.0.0.1 but not ::1. This may cause issues with some clients. {"metadata":{"emulator":{"name":"firestore"},"message":"Port 8080 is available on 127.0.0.1 but not ::1. This may cause issues with some clients."}}
[warn] ⚠  firestore: If you encounter connectivity issues, consider switching to a different port or explicitly specifying "host": "<ip address>" instead of hostname in firebase.json {"metadata":{"emulator":{"name":"firestore"},"message":"If you encounter connectivity issues, consider switching to a different port or explicitly specifying \"host\": \"<ip address>\" instead of hostname in firebase.json"}}
[warn] ⚠  firestore.websocket: Error when trying to check port 9150 on ::1: Error: listen EADDRNOTAVAIL: address not available ::1:9150 {"metadata":{"emulator":{"name":"firestore"},"message":"Error when trying to check port 9150 on ::1: Error: listen EADDRNOTAVAIL: address not available ::1:9150"}}
[warn] ⚠  firestore: Port 9150 is available on 127.0.0.1 but not ::1. This may cause issues with some clients. {"metadata":{"emulator":{"name":"firestore"},"message":"Port 9150 is available on 127.0.0.1 but not ::1. This may cause issues with some clients."}}
[warn] ⚠  firestore: If you encounter connectivity issues, consider switching to a different port or explicitly specifying "host": "<ip address>" instead of hostname in firebase.json {"metadata":{"emulator":{"name":"firestore"},"message":"If you encounter connectivity issues, consider switching to a different port or explicitly specifying \"host\": \"<ip address>\" instead of hostname in firebase.json"}}
[debug] [2025-09-24T20:10:26.486Z] assigned listening specs for emulators {"user":{"hub":[{"address":"127.0.0.1","family":"IPv4","port":4400}],"ui":[{"address":"127.0.0.1","family":"IPv4","port":4000}],"logging":[{"address":"127.0.0.1","family":"IPv4","port":4500}],"firestore":[{"address":"127.0.0.1","family":"IPv4","port":8080}],"firestore.websocket":[{"address":"127.0.0.1","family":"IPv4","port":9150}]},"metadata":{"message":"assigned listening specs for emulators"}}
[debug] [2025-09-24T20:10:26.493Z] Emulator locator file path: /tmp/hub-demo-app.json
[debug] [2025-09-24T20:10:26.493Z] [hub] writing locator at /tmp/hub-demo-app.json
[debug] [2025-09-24T20:10:26.518Z] Ignoring unsupported arg: auto_download {"metadata":{"emulator":{"name":"firestore"},"message":"Ignoring unsupported arg: auto_download"}}
[debug] [2025-09-24T20:10:26.520Z] Ignoring unsupported arg: single_project_mode_error {"metadata":{"emulator":{"name":"firestore"},"message":"Ignoring unsupported arg: single_project_mode_error"}}
[debug] [2025-09-24T20:10:26.520Z] Starting Firestore Emulator with command {"binary":"java","args":["-Dgoogle.cloud_firestore.debug_log_level=FINE","-Duser.language=en","-jar","/nix/store/3j1y38zp0l5fzbc60qxsn8f62pcn7bpg-emulators/cloud-firestore-emulator-v1.19.8.jar","--host","127.0.0.1","--port",8080,"--websocket_port",9150,"--project_id","demo-app","--rules","/home/user/studio/firestore.rules","--single_project_mode",true],"optionalArgs":["port","webchannel_port","host","rules","websocket_port","functions_emulator","seed_from_export","project_id","single_project_mode"],"joinArgs":false,"shell":false,"port":8080} {"metadata":{"emulator":{"name":"firestore"},"message":"Starting Firestore Emulator with command {\"binary\":\"java\",\"args\":[\"-Dgoogle.cloud_firestore.debug_log_level=FINE\",\"-Duser.language=en\",\"-jar\",\"/nix/store/3j1y38zp0l5fzbc60qxsn8f62pcn7bpg-emulators/cloud-firestore-emulator-v1.19.8.jar\",\"--host\",\"127.0.0.1\",\"--port\",8080,\"--websocket_port\",9150,\"--project_id\",\"demo-app\",\"--rules\",\"/home/user/studio/firestore.rules\",\"--single_project_mode\",true],\"optionalArgs\":[\"port\",\"webchannel_port\",\"host\",\"rules\",\"websocket_port\",\"functions_emulator\",\"seed_from_export\",\"project_id\",\"single_project_mode\"],\"joinArgs\":false,\"shell\":false,\"port\":8080}"}}
[info] i  firestore: Firestore Emulator logging to firestore-debug.log {"metadata":{"emulator":{"name":"firestore"},"message":"Firestore Emulator logging to firestore-debug.log"}}
[debug] [2025-09-24T20:10:30.741Z] Sep 24, 2025 8:10:30 PM com.google.cloud.datastore.emulator.firestore.websocket.WebSocketServer start
INFO: Started WebSocket server on ws://127.0.0.1:9150
 {"metadata":{"emulator":{"name":"firestore"},"message":"Sep 24, 2025 8:10:30 PM com.google.cloud.datastore.emulator.firestore.websocket.WebSocketServer start\nINFO: Started WebSocket server on ws://127.0.0.1:9150\n"}}
[debug] [2025-09-24T20:10:30.887Z] API endpoint: http://127.0.0.1:8080
If you are using a library that supports the FIRESTORE_EMULATOR_HOST environment variable, run:

   export FIRESTORE_EMULATOR_HOST=127.0.0.1:8080

If you are running a Firestore in Datastore Mode project, run:

   export DATASTORE_EMULATOR_HOST=127.0.0.1:8080

Note: Support for Datastore Mode is in preview. If you encounter any bugs please file at https://github.com/firebase/firebase-tools/issues.
Dev App Server is now running.

 {"metadata":{"emulator":{"name":"firestore"},"message":"API endpoint: http://127.0.0.1:8080\nIf you are using a library that supports the FIRESTORE_EMULATOR_HOST environment variable, run:\n\n   export FIRESTORE_EMULATOR_HOST=127.0.0.1:8080\n\nIf you are running a Firestore in Datastore Mode project, run:\n\n   export DATASTORE_EMULATOR_HOST=127.0.0.1:8080\n\nNote: Support for Datastore Mode is in preview. If you encounter any bugs please file at https://github.com/firebase/firebase-tools/issues.\nDev App Server is now running.\n\n"}}
[info] ✔  firestore: Firestore Emulator UI websocket is running on 9150. {"metadata":{"emulator":{"name":"firestore"},"message":"Firestore Emulator UI websocket is running on 9150."}}
[debug] [2025-09-24T20:10:31.123Z] Could not find VSCode notification endpoint: FetchError: request to http://localhost:40001/vscode/notify failed, reason: connect ECONNREFUSED 127.0.0.1:40001. If you are not running the Firebase Data Connect VSCode extension, this is expected and not an issue.
[info] 
┌─────────────────────────────────────────────────────────────┐
│ ✔  All emulators ready! It is now safe to connect your app. │
│ i  View Emulator UI at http://127.0.0.1:4000/               │
└─────────────────────────────────────────────────────────────┘

┌───────────┬────────────────┬─────────────────────────────────┐
│ Emulator  │ Host:Port      │ View in Emulator UI             │
├───────────┼────────────────┼─────────────────────────────────┤
│ Firestore │ 127.0.0.1:8080 │ http://127.0.0.1:4000/firestore │
└───────────┴────────────────┴─────────────────────────────────┘
  Emulator Hub host: 127.0.0.1 port: 4400
  Other reserved ports: 4500, 9150

Issues? Report them at https://github.com/firebase/firebase-tools/issues and attach the *-debug.log files.
 
[debug] [2025-09-25T11:30:53.648Z] ----------------------------------------------------------------------
[debug] [2025-09-25T11:30:53.652Z] Command:       /nix/store/ws50yvm6vzlzf7jzz6n7xh4szddrack1-nodejs-20.19.1/bin/node /nix/store/a3jfkfzmr1h8lmk31a8fbchkg5sp12q9-firebase-tools-14.16.0/lib/node_modules/firebase-tools/lib/bin/firebase.js emulators:start --project=demo-app --only=auth,firestore
[debug] [2025-09-25T11:30:53.653Z] CLI Version:   14.16.0
[debug] [2025-09-25T11:30:53.653Z] Platform:      linux
[debug] [2025-09-25T11:30:53.653Z] Node Version:  v20.19.1
[debug] [2025-09-25T11:30:53.654Z] Time:          Thu Sep 25 2025 11:30:53 GMT+0000 (Coordinated Universal Time)
[debug] [2025-09-25T11:30:53.654Z] ----------------------------------------------------------------------
[debug] 
[debug] [2025-09-25T11:30:55.222Z] openjdk version "21.0.7" 2025-04-15

[debug] [2025-09-25T11:30:55.223Z] OpenJDK Runtime Environment (build 21.0.7+6-nixos)
OpenJDK 64-Bit Server VM (build 21.0.7+6-nixos, mixed mode, sharing)

[debug] [2025-09-25T11:30:55.284Z] Parsed Java major version: 21
[info] i  emulators: Starting emulators: firestore {"metadata":{"emulator":{"name":"hub"},"message":"Starting emulators: firestore"}}
[info] i  emulators: Detected demo project ID "demo-app", emulated services will use a demo configuration and attempts to access non-emulated services for this project will fail. {"metadata":{"emulator":{"name":"hub"},"message":"Detected demo project ID \"demo-app\", emulated services will use a demo configuration and attempts to access non-emulated services for this project will fail."}}
[warn] ⚠  auth: Not starting the auth emulator, make sure you have run firebase init. {"metadata":{"emulator":{"name":"auth"},"message":"Not starting the auth emulator, make sure you have run firebase init."}}
[warn] ⚠  hub: Error when trying to check port 4400 on ::1: Error: listen EADDRNOTAVAIL: address not available ::1:4400 {"metadata":{"emulator":{"name":"hub"},"message":"Error when trying to check port 4400 on ::1: Error: listen EADDRNOTAVAIL: address not available ::1:4400"}}
[warn] ⚠  hub: Port 4400 is available on 127.0.0.1 but not ::1. This may cause issues with some clients. {"metadata":{"emulator":{"name":"hub"},"message":"Port 4400 is available on 127.0.0.1 but not ::1. This may cause issues with some clients."}}
[warn] ⚠  hub: If you encounter connectivity issues, consider switching to a different port or explicitly specifying "host": "<ip address>" instead of hostname in firebase.json {"metadata":{"emulator":{"name":"hub"},"message":"If you encounter connectivity issues, consider switching to a different port or explicitly specifying \"host\": \"<ip address>\" instead of hostname in firebase.json"}}
[warn] ⚠  ui: Error when trying to check port 4000 on ::1: Error: listen EADDRNOTAVAIL: address not available ::1:4000 {"metadata":{"emulator":{"name":"ui"},"message":"Error when trying to check port 4000 on ::1: Error: listen EADDRNOTAVAIL: address not available ::1:4000"}}
[warn] ⚠  ui: Port 4000 is available on 127.0.0.1 but not ::1. This may cause issues with some clients. {"metadata":{"emulator":{"name":"ui"},"message":"Port 4000 is available on 127.0.0.1 but not ::1. This may cause issues with some clients."}}
[warn] ⚠  ui: If you encounter connectivity issues, consider switching to a different port or explicitly specifying "host": "<ip address>" instead of hostname in firebase.json {"metadata":{"emulator":{"name":"ui"},"message":"If you encounter connectivity issues, consider switching to a different port or explicitly specifying \"host\": \"<ip address>\" instead of hostname in firebase.json"}}
[warn] ⚠  logging: Error when trying to check port 4500 on ::1: Error: listen EADDRNOTAVAIL: address not available ::1:4500 {"metadata":{"emulator":{"name":"logging"},"message":"Error when trying to check port 4500 on ::1: Error: listen EADDRNOTAVAIL: address not available ::1:4500"}}
[warn] ⚠  logging: Port 4500 is available on 127.0.0.1 but not ::1. This may cause issues with some clients. {"metadata":{"emulator":{"name":"logging"},"message":"Port 4500 is available on 127.0.0.1 but not ::1. This may cause issues with some clients."}}
[warn] ⚠  logging: If you encounter connectivity issues, consider switching to a different port or explicitly specifying "host": "<ip address>" instead of hostname in firebase.json {"metadata":{"emulator":{"name":"logging"},"message":"If you encounter connectivity issues, consider switching to a different port or explicitly specifying \"host\": \"<ip address>\" instead of hostname in firebase.json"}}
[warn] ⚠  firestore: Error when trying to check port 8080 on ::1: Error: listen EADDRNOTAVAIL: address not available ::1:8080 {"metadata":{"emulator":{"name":"firestore"},"message":"Error when trying to check port 8080 on ::1: Error: listen EADDRNOTAVAIL: address not available ::1:8080"}}
[warn] ⚠  firestore: Port 8080 is available on 127.0.0.1 but not ::1. This may cause issues with some clients. {"metadata":{"emulator":{"name":"firestore"},"message":"Port 8080 is available on 127.0.0.1 but not ::1. This may cause issues with some clients."}}
[warn] ⚠  firestore: If you encounter connectivity issues, consider switching to a different port or explicitly specifying "host": "<ip address>" instead of hostname in firebase.json {"metadata":{"emulator":{"name":"firestore"},"message":"If you encounter connectivity issues, consider switching to a different port or explicitly specifying \"host\": \"<ip address>\" instead of hostname in firebase.json"}}
[warn] ⚠  firestore.websocket: Error when trying to check port 9150 on ::1: Error: listen EADDRNOTAVAIL: address not available ::1:9150 {"metadata":{"emulator":{"name":"firestore"},"message":"Error when trying to check port 9150 on ::1: Error: listen EADDRNOTAVAIL: address not available ::1:9150"}}
[warn] ⚠  firestore: Port 9150 is available on 127.0.0.1 but not ::1. This may cause issues with some clients. {"metadata":{"emulator":{"name":"firestore"},"message":"Port 9150 is available on 127.0.0.1 but not ::1. This may cause issues with some clients."}}
[warn] ⚠  firestore: If you encounter connectivity issues, consider switching to a different port or explicitly specifying "host": "<ip address>" instead of hostname in firebase.json {"metadata":{"emulator":{"name":"firestore"},"message":"If you encounter connectivity issues, consider switching to a different port or explicitly specifying \"host\": \"<ip address>\" instead of hostname in firebase.json"}}
[debug] [2025-09-25T11:30:55.344Z] assigned listening specs for emulators {"user":{"hub":[{"address":"127.0.0.1","family":"IPv4","port":4400}],"ui":[{"address":"127.0.0.1","family":"IPv4","port":4000}],"logging":[{"address":"127.0.0.1","family":"IPv4","port":4500}],"firestore":[{"address":"127.0.0.1","family":"IPv4","port":8080}],"firestore.websocket":[{"address":"127.0.0.1","family":"IPv4","port":9150}]},"metadata":{"message":"assigned listening specs for emulators"}}
[debug] [2025-09-25T11:30:55.351Z] Emulator locator file path: /tmp/hub-demo-app.json
[debug] [2025-09-25T11:30:55.352Z] [hub] writing locator at /tmp/hub-demo-app.json
[debug] [2025-09-25T11:30:55.382Z] Ignoring unsupported arg: auto_download {"metadata":{"emulator":{"name":"firestore"},"message":"Ignoring unsupported arg: auto_download"}}
[debug] [2025-09-25T11:30:55.382Z] Ignoring unsupported arg: single_project_mode_error {"metadata":{"emulator":{"name":"firestore"},"message":"Ignoring unsupported arg: single_project_mode_error"}}
[debug] [2025-09-25T11:30:55.383Z] Starting Firestore Emulator with command {"binary":"java","args":["-Dgoogle.cloud_firestore.debug_log_level=FINE","-Duser.language=en","-jar","/nix/store/3j1y38zp0l5fzbc60qxsn8f62pcn7bpg-emulators/cloud-firestore-emulator-v1.19.8.jar","--host","127.0.0.1","--port",8080,"--websocket_port",9150,"--project_id","demo-app","--rules","/home/user/studio/firestore.rules","--single_project_mode",true],"optionalArgs":["port","webchannel_port","host","rules","websocket_port","functions_emulator","seed_from_export","project_id","single_project_mode"],"joinArgs":false,"shell":false,"port":8080} {"metadata":{"emulator":{"name":"firestore"},"message":"Starting Firestore Emulator with command {\"binary\":\"java\",\"args\":[\"-Dgoogle.cloud_firestore.debug_log_level=FINE\",\"-Duser.language=en\",\"-jar\",\"/nix/store/3j1y38zp0l5fzbc60qxsn8f62pcn7bpg-emulators/cloud-firestore-emulator-v1.19.8.jar\",\"--host\",\"127.0.0.1\",\"--port\",8080,\"--websocket_port\",9150,\"--project_id\",\"demo-app\",\"--rules\",\"/home/user/studio/firestore.rules\",\"--single_project_mode\",true],\"optionalArgs\":[\"port\",\"webchannel_port\",\"host\",\"rules\",\"websocket_port\",\"functions_emulator\",\"seed_from_export\",\"project_id\",\"single_project_mode\"],\"joinArgs\":false,\"shell\":false,\"port\":8080}"}}
[info] i  firestore: Firestore Emulator logging to firestore-debug.log {"metadata":{"emulator":{"name":"firestore"},"message":"Firestore Emulator logging to firestore-debug.log"}}
[debug] [2025-09-25T11:31:00.468Z] Sep 25, 2025 11:31:00 AM com.google.cloud.datastore.emulator.firestore.websocket.WebSocketServer start
INFO: Started WebSocket server on ws://127.0.0.1:9150
 {"metadata":{"emulator":{"name":"firestore"},"message":"Sep 25, 2025 11:31:00 AM com.google.cloud.datastore.emulator.firestore.websocket.WebSocketServer start\nINFO: Started WebSocket server on ws://127.0.0.1:9150\n"}}
[debug] [2025-09-25T11:31:00.534Z] API endpoint: http://127.0.0.1:8080
If you are using a library that supports the FIRESTORE_EMULATOR_HOST environment variable, run:

   export FIRESTORE_EMULATOR_HOST=127.0.0.1:8080

If you are running a Firestore in Datastore Mode project, run:

   export DATASTORE_EMULATOR_HOST=127.0.0.1:8080

Note: Support for Datastore Mode is in preview. If you encounter any bugs please file at https://github.com/firebase/firebase-tools/issues.
Dev App Server is now running.

 {"metadata":{"emulator":{"name":"firestore"},"message":"API endpoint: http://127.0.0.1:8080\nIf you are using a library that supports the FIRESTORE_EMULATOR_HOST environment variable, run:\n\n   export FIRESTORE_EMULATOR_HOST=127.0.0.1:8080\n\nIf you are running a Firestore in Datastore Mode project, run:\n\n   export DATASTORE_EMULATOR_HOST=127.0.0.1:8080\n\nNote: Support for Datastore Mode is in preview. If you encounter any bugs please file at https://github.com/firebase/firebase-tools/issues.\nDev App Server is now running.\n\n"}}
[info] ✔  firestore: Firestore Emulator UI websocket is running on 9150. {"metadata":{"emulator":{"name":"firestore"},"message":"Firestore Emulator UI websocket is running on 9150."}}
[debug] [2025-09-25T11:31:00.774Z] Could not find VSCode notification endpoint: FetchError: request to http://localhost:40001/vscode/notify failed, reason: connect ECONNREFUSED 127.0.0.1:40001. If you are not running the Firebase Data Connect VSCode extension, this is expected and not an issue.
[info] 
┌─────────────────────────────────────────────────────────────┐
│ ✔  All emulators ready! It is now safe to connect your app. │
│ i  View Emulator UI at http://127.0.0.1:4000/               │
└─────────────────────────────────────────────────────────────┘

┌───────────┬────────────────┬─────────────────────────────────┐
│ Emulator  │ Host:Port      │ View in Emulator UI             │
├───────────┼────────────────┼─────────────────────────────────┤
│ Firestore │ 127.0.0.1:8080 │ http://127.0.0.1:4000/firestore │
└───────────┴────────────────┴─────────────────────────────────┘
  Emulator Hub host: 127.0.0.1 port: 4400
  Other reserved ports: 4500, 9150

Issues? Report them at https://github.com/firebase/firebase-tools/issues and attach the *-debug.log files.
 
[debug] [2025-09-25T16:28:57.148Z] ----------------------------------------------------------------------
[debug] [2025-09-25T16:28:57.163Z] Command:       /nix/store/ws50yvm6vzlzf7jzz6n7xh4szddrack1-nodejs-20.19.1/bin/node /nix/store/a3jfkfzmr1h8lmk31a8fbchkg5sp12q9-firebase-tools-14.16.0/lib/node_modules/firebase-tools/lib/bin/firebase.js emulators:start --project=demo-app --only=auth,firestore
[debug] [2025-09-25T16:28:57.166Z] CLI Version:   14.16.0
[debug] [2025-09-25T16:28:57.166Z] Platform:      linux
[debug] [2025-09-25T16:28:57.166Z] Node Version:  v20.19.1
[debug] [2025-09-25T16:28:57.167Z] Time:          Thu Sep 25 2025 16:28:57 GMT+0000 (Coordinated Universal Time)
[debug] [2025-09-25T16:28:57.169Z] ----------------------------------------------------------------------
[debug] 
[debug] [2025-09-25T16:28:57.177Z] >>> [apiv2][query] GET https://firebase-public.firebaseio.com/cli.json [none]
[debug] [2025-09-25T16:28:58.930Z] <<< [apiv2][status] GET https://firebase-public.firebaseio.com/cli.json 200
[debug] [2025-09-25T16:28:58.933Z] <<< [apiv2][body] GET https://firebase-public.firebaseio.com/cli.json {"cloudBuildErrorAfter":1594252800000,"cloudBuildWarnAfter":1590019200000,"defaultNode10After":1594252800000,"minVersion":"3.0.5","node8DeploysDisabledAfter":1613390400000,"node8RuntimeDisabledAfter":1615809600000,"node8WarnAfter":1600128000000}
[debug] [2025-09-25T16:28:59.433Z] openjdk version "21.0.7" 2025-04-15

[debug] [2025-09-25T16:28:59.435Z] OpenJDK Runtime Environment (build 21.0.7+6-nixos)
OpenJDK 64-Bit Server VM (build 21.0.7+6-nixos, mixed mode, sharing)

[debug] [2025-09-25T16:28:59.470Z] Parsed Java major version: 21
[info] i  emulators: Starting emulators: firestore {"metadata":{"emulator":{"name":"hub"},"message":"Starting emulators: firestore"}}
[info] i  emulators: Detected demo project ID "demo-app", emulated services will use a demo configuration and attempts to access non-emulated services for this project will fail. {"metadata":{"emulator":{"name":"hub"},"message":"Detected demo project ID \"demo-app\", emulated services will use a demo configuration and attempts to access non-emulated services for this project will fail."}}
[warn] ⚠  auth: Not starting the auth emulator, make sure you have run firebase init. {"metadata":{"emulator":{"name":"auth"},"message":"Not starting the auth emulator, make sure you have run firebase init."}}
[warn] ⚠  hub: Error when trying to check port 4400 on ::1: Error: listen EADDRNOTAVAIL: address not available ::1:4400 {"metadata":{"emulator":{"name":"hub"},"message":"Error when trying to check port 4400 on ::1: Error: listen EADDRNOTAVAIL: address not available ::1:4400"}}
[warn] ⚠  hub: Port 4400 is available on 127.0.0.1 but not ::1. This may cause issues with some clients. {"metadata":{"emulator":{"name":"hub"},"message":"Port 4400 is available on 127.0.0.1 but not ::1. This may cause issues with some clients."}}
[warn] ⚠  hub: If you encounter connectivity issues, consider switching to a different port or explicitly specifying "host": "<ip address>" instead of hostname in firebase.json {"metadata":{"emulator":{"name":"hub"},"message":"If you encounter connectivity issues, consider switching to a different port or explicitly specifying \"host\": \"<ip address>\" instead of hostname in firebase.json"}}
[warn] ⚠  ui: Error when trying to check port 4000 on ::1: Error: listen EADDRNOTAVAIL: address not available ::1:4000 {"metadata":{"emulator":{"name":"ui"},"message":"Error when trying to check port 4000 on ::1: Error: listen EADDRNOTAVAIL: address not available ::1:4000"}}
[warn] ⚠  ui: Port 4000 is available on 127.0.0.1 but not ::1. This may cause issues with some clients. {"metadata":{"emulator":{"name":"ui"},"message":"Port 4000 is available on 127.0.0.1 but not ::1. This may cause issues with some clients."}}
[warn] ⚠  ui: If you encounter connectivity issues, consider switching to a different port or explicitly specifying "host": "<ip address>" instead of hostname in firebase.json {"metadata":{"emulator":{"name":"ui"},"message":"If you encounter connectivity issues, consider switching to a different port or explicitly specifying \"host\": \"<ip address>\" instead of hostname in firebase.json"}}
[warn] ⚠  logging: Error when trying to check port 4500 on ::1: Error: listen EADDRNOTAVAIL: address not available ::1:4500 {"metadata":{"emulator":{"name":"logging"},"message":"Error when trying to check port 4500 on ::1: Error: listen EADDRNOTAVAIL: address not available ::1:4500"}}
[warn] ⚠  logging: Port 4500 is available on 127.0.0.1 but not ::1. This may cause issues with some clients. {"metadata":{"emulator":{"name":"logging"},"message":"Port 4500 is available on 127.0.0.1 but not ::1. This may cause issues with some clients."}}
[warn] ⚠  logging: If you encounter connectivity issues, consider switching to a different port or explicitly specifying "host": "<ip address>" instead of hostname in firebase.json {"metadata":{"emulator":{"name":"logging"},"message":"If you encounter connectivity issues, consider switching to a different port or explicitly specifying \"host\": \"<ip address>\" instead of hostname in firebase.json"}}
[warn] ⚠  firestore: Error when trying to check port 8080 on ::1: Error: listen EADDRNOTAVAIL: address not available ::1:8080 {"metadata":{"emulator":{"name":"firestore"},"message":"Error when trying to check port 8080 on ::1: Error: listen EADDRNOTAVAIL: address not available ::1:8080"}}
[warn] ⚠  firestore: Port 8080 is available on 127.0.0.1 but not ::1. This may cause issues with some clients. {"metadata":{"emulator":{"name":"firestore"},"message":"Port 8080 is available on 127.0.0.1 but not ::1. This may cause issues with some clients."}}
[warn] ⚠  firestore: If you encounter connectivity issues, consider switching to a different port or explicitly specifying "host": "<ip address>" instead of hostname in firebase.json {"metadata":{"emulator":{"name":"firestore"},"message":"If you encounter connectivity issues, consider switching to a different port or explicitly specifying \"host\": \"<ip address>\" instead of hostname in firebase.json"}}
[warn] ⚠  firestore.websocket: Error when trying to check port 9150 on ::1: Error: listen EADDRNOTAVAIL: address not available ::1:9150 {"metadata":{"emulator":{"name":"firestore"},"message":"Error when trying to check port 9150 on ::1: Error: listen EADDRNOTAVAIL: address not available ::1:9150"}}
[warn] ⚠  firestore: Port 9150 is available on 127.0.0.1 but not ::1. This may cause issues with some clients. {"metadata":{"emulator":{"name":"firestore"},"message":"Port 9150 is available on 127.0.0.1 but not ::1. This may cause issues with some clients."}}
[warn] ⚠  firestore: If you encounter connectivity issues, consider switching to a different port or explicitly specifying "host": "<ip address>" instead of hostname in firebase.json {"metadata":{"emulator":{"name":"firestore"},"message":"If you encounter connectivity issues, consider switching to a different port or explicitly specifying \"host\": \"<ip address>\" instead of hostname in firebase.json"}}
[debug] [2025-09-25T16:28:59.487Z] assigned listening specs for emulators {"user":{"hub":[{"address":"127.0.0.1","family":"IPv4","port":4400}],"ui":[{"address":"127.0.0.1","family":"IPv4","port":4000}],"logging":[{"address":"127.0.0.1","family":"IPv4","port":4500}],"firestore":[{"address":"127.0.0.1","family":"IPv4","port":8080}],"firestore.websocket":[{"address":"127.0.0.1","family":"IPv4","port":9150}]},"metadata":{"message":"assigned listening specs for emulators"}}
[debug] [2025-09-25T16:28:59.492Z] Emulator locator file path: /tmp/hub-demo-app.json
[debug] [2025-09-25T16:28:59.492Z] [hub] writing locator at /tmp/hub-demo-app.json
[debug] [2025-09-25T16:28:59.511Z] Ignoring unsupported arg: auto_download {"metadata":{"emulator":{"name":"firestore"},"message":"Ignoring unsupported arg: auto_download"}}
[debug] [2025-09-25T16:28:59.512Z] Ignoring unsupported arg: single_project_mode_error {"metadata":{"emulator":{"name":"firestore"},"message":"Ignoring unsupported arg: single_project_mode_error"}}
[debug] [2025-09-25T16:28:59.515Z] Starting Firestore Emulator with command {"binary":"java","args":["-Dgoogle.cloud_firestore.debug_log_level=FINE","-Duser.language=en","-jar","/nix/store/3j1y38zp0l5fzbc60qxsn8f62pcn7bpg-emulators/cloud-firestore-emulator-v1.19.8.jar","--host","127.0.0.1","--port",8080,"--websocket_port",9150,"--project_id","demo-app","--rules","/home/user/studio/firestore.rules","--single_project_mode",true],"optionalArgs":["port","webchannel_port","host","rules","websocket_port","functions_emulator","seed_from_export","project_id","single_project_mode"],"joinArgs":false,"shell":false,"port":8080} {"metadata":{"emulator":{"name":"firestore"},"message":"Starting Firestore Emulator with command {\"binary\":\"java\",\"args\":[\"-Dgoogle.cloud_firestore.debug_log_level=FINE\",\"-Duser.language=en\",\"-jar\",\"/nix/store/3j1y38zp0l5fzbc60qxsn8f62pcn7bpg-emulators/cloud-firestore-emulator-v1.19.8.jar\",\"--host\",\"127.0.0.1\",\"--port\",8080,\"--websocket_port\",9150,\"--project_id\",\"demo-app\",\"--rules\",\"/home/user/studio/firestore.rules\",\"--single_project_mode\",true],\"optionalArgs\":[\"port\",\"webchannel_port\",\"host\",\"rules\",\"websocket_port\",\"functions_emulator\",\"seed_from_export\",\"project_id\",\"single_project_mode\"],\"joinArgs\":false,\"shell\":false,\"port\":8080}"}}
[info] i  firestore: Firestore Emulator logging to firestore-debug.log {"metadata":{"emulator":{"name":"firestore"},"message":"Firestore Emulator logging to firestore-debug.log"}}
[debug] [2025-09-25T16:29:04.631Z] Sep 25, 2025 4:29:04 PM com.google.cloud.datastore.emulator.firestore.websocket.WebSocketServer start
INFO: Started WebSocket server on ws://127.0.0.1:9150
 {"metadata":{"emulator":{"name":"firestore"},"message":"Sep 25, 2025 4:29:04 PM com.google.cloud.datastore.emulator.firestore.websocket.WebSocketServer start\nINFO: Started WebSocket server on ws://127.0.0.1:9150\n"}}
[debug] [2025-09-25T16:29:04.700Z] API endpoint: http://127.0.0.1:8080
If you are using a library that supports the FIRESTORE_EMULATOR_HOST environment variable, run:

   export FIRESTORE_EMULATOR_HOST=127.0.0.1:8080

If you are running a Firestore in Datastore Mode project, run:

   export DATASTORE_EMULATOR_HOST=127.0.0.1:8080

 {"metadata":{"emulator":{"name":"firestore"},"message":"API endpoint: http://127.0.0.1:8080\nIf you are using a library that supports the FIRESTORE_EMULATOR_HOST environment variable, run:\n\n   export FIRESTORE_EMULATOR_HOST=127.0.0.1:8080\n\nIf you are running a Firestore in Datastore Mode project, run:\n\n   export DATASTORE_EMULATOR_HOST=127.0.0.1:8080\n\n"}}
[debug] [2025-09-25T16:29:04.701Z] Note: Support for Datastore Mode is in preview. If you encounter any bugs please file at https://github.com/firebase/firebase-tools/issues.
Dev App Server is now running.

 {"metadata":{"emulator":{"name":"firestore"},"message":"Note: Support for Datastore Mode is in preview. If you encounter any bugs please file at https://github.com/firebase/firebase-tools/issues.\nDev App Server is now running.\n\n"}}
[info] ✔  firestore: Firestore Emulator UI websocket is running on 9150. {"metadata":{"emulator":{"name":"firestore"},"message":"Firestore Emulator UI websocket is running on 9150."}}
[debug] [2025-09-25T16:29:04.880Z] Could not find VSCode notification endpoint: FetchError: request to http://localhost:40001/vscode/notify failed, reason: connect ECONNREFUSED 127.0.0.1:40001. If you are not running the Firebase Data Connect VSCode extension, this is expected and not an issue.
[info] 
┌─────────────────────────────────────────────────────────────┐
│ ✔  All emulators ready! It is now safe to connect your app. │
│ i  View Emulator UI at http://127.0.0.1:4000/               │
└─────────────────────────────────────────────────────────────┘

┌───────────┬────────────────┬─────────────────────────────────┐
│ Emulator  │ Host:Port      │ View in Emulator UI             │
├───────────┼────────────────┼─────────────────────────────────┤
│ Firestore │ 127.0.0.1:8080 │ http://127.0.0.1:4000/firestore │
└───────────┴────────────────┴─────────────────────────────────┘
  Emulator Hub host: 127.0.0.1 port: 4400
  Other reserved ports: 4500, 9150

Issues? Report them at https://github.com/firebase/firebase-tools/issues and attach the *-debug.log files.
 
[debug] [2025-09-25T17:31:51.830Z] Sep 25, 2025 5:31:51 PM com.google.cloud.datastore.emulator.firestore.websocket.WebSocketChannelHandler initChannel
INFO: Connected to new websocket client
 {"metadata":{"emulator":{"name":"firestore"},"message":"Sep 25, 2025 5:31:51 PM com.google.cloud.datastore.emulator.firestore.websocket.WebSocketChannelHandler initChannel\nINFO: Connected to new websocket client\n"}}
[debug] [2025-09-25T17:31:51.860Z] Sep 25, 2025 5:31:51 PM io.gapi.emulators.netty.HttpVersionRoutingHandler channelRead
INFO: Detected non-HTTP/2 connection.
 {"metadata":{"emulator":{"name":"firestore"},"message":"Sep 25, 2025 5:31:51 PM io.gapi.emulators.netty.HttpVersionRoutingHandler channelRead\nINFO: Detected non-HTTP/2 connection.\n"}}
[debug] [2025-09-25T17:31:53.003Z] Sep 25, 2025 5:31:52 PM io.grpc.netty.NettyServerTransport notifyTerminated
INFO: Transport failed
io.netty.handler.codec.http2.Http2Exception: Unexpected HTTP/1.x request: GET / 
	at io.netty.handler.codec.http2.Http2Exception.connectionError(Http2Exception.java:107)
	at io.netty.handler.codec.http2.Http2ConnectionHandler$PrefaceDecoder.readClientPrefaceString(Http2ConnectionHandler.java:315)
	at io.netty.handler.codec.http2.Http2ConnectionHandler$PrefaceDecoder.decode(Http2ConnectionHandler.java:245)
	at io.netty.handler.codec.http2.Http2ConnectionHandler.decode(Http2ConnectionHandler.java:451)
	at io.netty.handler.codec.ByteToMessageDecoder.decodeRemovalReentryProtection(ByteToMessageDecoder.java:530)
	at io.netty.handler.codec.ByteToMessageDecoder.callDecode(ByteToMessageDecoder.java:469)
	at io.netty.handler.codec.ByteToMessageDecoder.channelRead(ByteToMessageDecoder.java:290)
	at io.netty.channel.AbstractChannelHandlerContext.invokeChannelRead(AbstractChannelHandlerContext.java:444)
	at io.netty.channel.AbstractChannelHandlerContext.invokeChannelRead(AbstractChannelHandlerContext.java:420)
	at io.netty.channel.AbstractChannelHandlerContext.fireChannelRead(AbstractChannelHandlerContext.java:412)
	at io.netty.channel.DefaultChannelPipeline$HeadContext.channelRead(DefaultChannelPipeline.java:1407)
	at io.netty.channel.AbstractChannelHandlerContext.invokeChannelRead(AbstractChannelHandlerContext.java:440)
	at io.netty.channel.AbstractChannelHandlerContext.invokeChannelRead(AbstractChannelHandlerContext.java:420)
	at io.netty.channel.DefaultChannelPipeline.fireChannelRead(DefaultChannelPipeline.java:918)
	at io.netty.channel.nio.AbstractNioByteChannel$NioByteUnsafe.read(AbstractNioByteChannel.java:166)
	at io.netty.channel.nio.NioEventLoop.processSelectedKey(NioEventLoop.java:788)
	at io.netty.channel.nio.NioEventLoop.processSelectedKeysOptimized(NioEventLoop.java:724)
	at io.netty.channel.nio.NioEventLoop.processSelectedKeys(NioEventLoop.java:650)
	at io.netty.channel.nio.NioEventLoop.run(NioEventLoop.java:562)
	at io.netty.util.concurrent.SingleThreadEventExecutor$4.run(SingleThreadEventExecutor.java:994)
	at io.netty.util.internal.ThreadExecutorMap$2.run(ThreadExecutorMap.java:74)
	at io.netty.util.concurrent.FastThreadLocalRunnable.run(FastThreadLocalRunnable.java:30)
	at java.base/java.lang.Thread.run(Thread.java:1583)

 {"metadata":{"emulator":{"name":"firestore"},"message":"Sep 25, 2025 5:31:52 PM io.grpc.netty.NettyServerTransport notifyTerminated\nINFO: Transport failed\nio.netty.handler.codec.http2.Http2Exception: Unexpected HTTP/1.x request: GET / \n\tat io.netty.handler.codec.http2.Http2Exception.connectionError(Http2Exception.java:107)\n\tat io.netty.handler.codec.http2.Http2ConnectionHandler$PrefaceDecoder.readClientPrefaceString(Http2ConnectionHandler.java:315)\n\tat io.netty.handler.codec.http2.Http2ConnectionHandler$PrefaceDecoder.decode(Http2ConnectionHandler.java:245)\n\tat io.netty.handler.codec.http2.Http2ConnectionHandler.decode(Http2ConnectionHandler.java:451)\n\tat io.netty.handler.codec.ByteToMessageDecoder.decodeRemovalReentryProtection(ByteToMessageDecoder.java:530)\n\tat io.netty.handler.codec.ByteToMessageDecoder.callDecode(ByteToMessageDecoder.java:469)\n\tat io.netty.handler.codec.ByteToMessageDecoder.channelRead(ByteToMessageDecoder.java:290)\n\tat io.netty.channel.AbstractChannelHandlerContext.invokeChannelRead(AbstractChannelHandlerContext.java:444)\n\tat io.netty.channel.AbstractChannelHandlerContext.invokeChannelRead(AbstractChannelHandlerContext.java:420)\n\tat io.netty.channel.AbstractChannelHandlerContext.fireChannelRead(AbstractChannelHandlerContext.java:412)\n\tat io.netty.channel.DefaultChannelPipeline$HeadContext.channelRead(DefaultChannelPipeline.java:1407)\n\tat io.netty.channel.AbstractChannelHandlerContext.invokeChannelRead(AbstractChannelHandlerContext.java:440)\n\tat io.netty.channel.AbstractChannelHandlerContext.invokeChannelRead(AbstractChannelHandlerContext.java:420)\n\tat io.netty.channel.DefaultChannelPipeline.fireChannelRead(DefaultChannelPipeline.java:918)\n\tat io.netty.channel.nio.AbstractNioByteChannel$NioByteUnsafe.read(AbstractNioByteChannel.java:166)\n\tat io.netty.channel.nio.NioEventLoop.processSelectedKey(NioEventLoop.java:788)\n\tat io.netty.channel.nio.NioEventLoop.processSelectedKeysOptimized(NioEventLoop.java:724)\n\tat io.netty.channel.nio.NioEventLoop.processSelectedKeys(NioEventLoop.java:650)\n\tat io.netty.channel.nio.NioEventLoop.run(NioEventLoop.java:562)\n\tat io.netty.util.concurrent.SingleThreadEventExecutor$4.run(SingleThreadEventExecutor.java:994)\n\tat io.netty.util.internal.ThreadExecutorMap$2.run(ThreadExecutorMap.java:74)\n\tat io.netty.util.concurrent.FastThreadLocalRunnable.run(FastThreadLocalRunnable.java:30)\n\tat java.base/java.lang.Thread.run(Thread.java:1583)\n\n"}}
[debug] [2025-09-25T17:31:53.112Z] Sep 25, 2025 5:31:53 PM io.grpc.netty.NettyServerTransport notifyTerminated
INFO: Transport failed
io.netty.handler.codec.http2.Http2Exception: HTTP/2 client preface string missing or corrupt. Hex dump for received bytes: 16030105a8010005a40303d831ac6d68fab6e15cbdc6d15a
	at io.netty.handler.codec.http2.Http2Exception.connectionError(Http2Exception.java:107)
	at io.netty.handler.codec.http2.Http2ConnectionHandler$PrefaceDecoder.readClientPrefaceString(Http2ConnectionHandler.java:319)
	at io.netty.handler.codec.http2.Http2ConnectionHandler$PrefaceDecoder.decode(Http2ConnectionHandler.java:245)
	at io.netty.handler.codec.http2.Http2ConnectionHandler.decode(Http2ConnectionHandler.java:451)
	at io.netty.handler.codec.ByteToMessageDecoder.decodeRemovalReentryProtection(ByteToMessageDecoder.java:530)
	at io.netty.handler.codec.ByteToMessageDecoder.callDecode(ByteToMessageDecoder.java:469)
	at io.netty.handler.codec.ByteToMessageDecoder.channelRead(ByteToMessageDecoder.java:290)
	at io.netty.channel.AbstractChannelHandlerContext.invokeChannelRead(AbstractChannelHandlerContext.java:444)
	at io.netty.channel.AbstractChannelHandlerContext.invokeChannelRead(AbstractChannelHandlerContext.java:420)
	at io.netty.channel.AbstractChannelHandlerContext.fireChannelRead(AbstractChannelHandlerContext.java:412)
	at io.netty.channel.DefaultChannelPipeline$HeadContext.channelRead(DefaultChannelPipeline.java:1407)
	at io.netty.channel.AbstractChannelHandlerContext.invokeChannelRead(AbstractChannelHandlerContext.java:440)
	at io.netty.channel.AbstractChannelHandlerContext.invokeChannelRead(AbstractChannelHandlerContext.java:420)
	at io.netty.channel.DefaultChannelPipeline.fireChannelRead(DefaultChannelPipeline.java:918)
	at io.netty.channel.nio.AbstractNioByteChannel$NioByteUnsafe.read(AbstractNioByteChannel.java:166)
	at io.netty.channel.nio.NioEventLoop.processSelectedKey(NioEventLoop.java:788)
	at io.netty.channel.nio.NioEventLoop.processSelectedKeysOptimized(NioEventLoop.java:724)
	at io.netty.channel.nio.NioEventLoop.processSelectedKeys(NioEventLoop.java:650)
	at io.netty.channel.nio.NioEventLoop.run(NioEventLoop.java:562)
	at io.netty.util.concurrent.SingleThreadEventExecutor$4.run(SingleThreadEventExecutor.java:994)
	at io.netty.util.internal.ThreadExecutorMap$2.run(ThreadExecutorMap.java:74)
	at io.netty.util.concurrent.FastThreadLocalRunnable.run(FastThreadLocalRunnable.java:30)
	at java.base/java.lang.Thread.run(Thread.java:1583)

 {"metadata":{"emulator":{"name":"firestore"},"message":"Sep 25, 2025 5:31:53 PM io.grpc.netty.NettyServerTransport notifyTerminated\nINFO: Transport failed\nio.netty.handler.codec.http2.Http2Exception: HTTP/2 client preface string missing or corrupt. Hex dump for received bytes: 16030105a8010005a40303d831ac6d68fab6e15cbdc6d15a\n\tat io.netty.handler.codec.http2.Http2Exception.connectionError(Http2Exception.java:107)\n\tat io.netty.handler.codec.http2.Http2ConnectionHandler$PrefaceDecoder.readClientPrefaceString(Http2ConnectionHandler.java:319)\n\tat io.netty.handler.codec.http2.Http2ConnectionHandler$PrefaceDecoder.decode(Http2ConnectionHandler.java:245)\n\tat io.netty.handler.codec.http2.Http2ConnectionHandler.decode(Http2ConnectionHandler.java:451)\n\tat io.netty.handler.codec.ByteToMessageDecoder.decodeRemovalReentryProtection(ByteToMessageDecoder.java:530)\n\tat io.netty.handler.codec.ByteToMessageDecoder.callDecode(ByteToMessageDecoder.java:469)\n\tat io.netty.handler.codec.ByteToMessageDecoder.channelRead(ByteToMessageDecoder.java:290)\n\tat io.netty.channel.AbstractChannelHandlerContext.invokeChannelRead(AbstractChannelHandlerContext.java:444)\n\tat io.netty.channel.AbstractChannelHandlerContext.invokeChannelRead(AbstractChannelHandlerContext.java:420)\n\tat io.netty.channel.AbstractChannelHandlerContext.fireChannelRead(AbstractChannelHandlerContext.java:412)\n\tat io.netty.channel.DefaultChannelPipeline$HeadContext.channelRead(DefaultChannelPipeline.java:1407)\n\tat io.netty.channel.AbstractChannelHandlerContext.invokeChannelRead(AbstractChannelHandlerContext.java:440)\n\tat io.netty.channel.AbstractChannelHandlerContext.invokeChannelRead(AbstractChannelHandlerContext.java:420)\n\tat io.netty.channel.DefaultChannelPipeline.fireChannelRead(DefaultChannelPipeline.java:918)\n\tat io.netty.channel.nio.AbstractNioByteChannel$NioByteUnsafe.read(AbstractNioByteChannel.java:166)\n\tat io.netty.channel.nio.NioEventLoop.processSelectedKey(NioEventLoop.java:788)\n\tat io.netty.channel.nio.NioEventLoop.processSelectedKeysOptimized(NioEventLoop.java:724)\n\tat io.netty.channel.nio.NioEventLoop.processSelectedKeys(NioEventLoop.java:650)\n\tat io.netty.channel.nio.NioEventLoop.run(NioEventLoop.java:562)\n\tat io.netty.util.concurrent.SingleThreadEventExecutor$4.run(SingleThreadEventExecutor.java:994)\n\tat io.netty.util.internal.ThreadExecutorMap$2.run(ThreadExecutorMap.java:74)\n\tat io.netty.util.concurrent.FastThreadLocalRunnable.run(FastThreadLocalRunnable.java:30)\n\tat java.base/java.lang.Thread.run(Thread.java:1583)\n\n"}}
[debug] [2025-09-25T17:31:58.462Z] Sep 25, 2025 5:31:58 PM com.google.cloud.datastore.emulator.firestore.websocket.WebSocketChannelHandler initChannel
INFO: Connected to new websocket client
 {"metadata":{"emulator":{"name":"firestore"},"message":"Sep 25, 2025 5:31:58 PM com.google.cloud.datastore.emulator.firestore.websocket.WebSocketChannelHandler initChannel\nINFO: Connected to new websocket client\n"}}
[debug] [2025-09-25T19:12:51.455Z] ----------------------------------------------------------------------
[debug] [2025-09-25T19:12:51.461Z] Command:       /nix/store/ws50yvm6vzlzf7jzz6n7xh4szddrack1-nodejs-20.19.1/bin/node /nix/store/a3jfkfzmr1h8lmk31a8fbchkg5sp12q9-firebase-tools-14.16.0/lib/node_modules/firebase-tools/lib/bin/firebase.js emulators:start --project=demo-app --only=auth,firestore
[debug] [2025-09-25T19:12:51.462Z] CLI Version:   14.16.0
[debug] [2025-09-25T19:12:51.462Z] Platform:      linux
[debug] [2025-09-25T19:12:51.462Z] Node Version:  v20.19.1
[debug] [2025-09-25T19:12:51.462Z] Time:          Thu Sep 25 2025 19:12:51 GMT+0000 (Coordinated Universal Time)
[debug] [2025-09-25T19:12:51.463Z] ----------------------------------------------------------------------
[debug] 
[debug] [2025-09-25T19:12:52.908Z] openjdk version "21.0.7" 2025-04-15

[debug] [2025-09-25T19:12:52.909Z] OpenJDK Runtime Environment (build 21.0.7+6-nixos)
OpenJDK 64-Bit Server VM (build 21.0.7+6-nixos, mixed mode, sharing)

[debug] [2025-09-25T19:12:52.956Z] Parsed Java major version: 21
[info] i  emulators: Starting emulators: firestore {"metadata":{"emulator":{"name":"hub"},"message":"Starting emulators: firestore"}}
[info] i  emulators: Detected demo project ID "demo-app", emulated services will use a demo configuration and attempts to access non-emulated services for this project will fail. {"metadata":{"emulator":{"name":"hub"},"message":"Detected demo project ID \"demo-app\", emulated services will use a demo configuration and attempts to access non-emulated services for this project will fail."}}
[warn] ⚠  auth: Not starting the auth emulator, make sure you have run firebase init. {"metadata":{"emulator":{"name":"auth"},"message":"Not starting the auth emulator, make sure you have run firebase init."}}
[warn] ⚠  hub: Error when trying to check port 4400 on ::1: Error: listen EADDRNOTAVAIL: address not available ::1:4400 {"metadata":{"emulator":{"name":"hub"},"message":"Error when trying to check port 4400 on ::1: Error: listen EADDRNOTAVAIL: address not available ::1:4400"}}
[warn] ⚠  hub: Port 4400 is available on 127.0.0.1 but not ::1. This may cause issues with some clients. {"metadata":{"emulator":{"name":"hub"},"message":"Port 4400 is available on 127.0.0.1 but not ::1. This may cause issues with some clients."}}
[warn] ⚠  hub: If you encounter connectivity issues, consider switching to a different port or explicitly specifying "host": "<ip address>" instead of hostname in firebase.json {"metadata":{"emulator":{"name":"hub"},"message":"If you encounter connectivity issues, consider switching to a different port or explicitly specifying \"host\": \"<ip address>\" instead of hostname in firebase.json"}}
[warn] ⚠  ui: Error when trying to check port 4000 on ::1: Error: listen EADDRNOTAVAIL: address not available ::1:4000 {"metadata":{"emulator":{"name":"ui"},"message":"Error when trying to check port 4000 on ::1: Error: listen EADDRNOTAVAIL: address not available ::1:4000"}}
[warn] ⚠  ui: Port 4000 is available on 127.0.0.1 but not ::1. This may cause issues with some clients. {"metadata":{"emulator":{"name":"ui"},"message":"Port 4000 is available on 127.0.0.1 but not ::1. This may cause issues with some clients."}}
[warn] ⚠  ui: If you encounter connectivity issues, consider switching to a different port or explicitly specifying "host": "<ip address>" instead of hostname in firebase.json {"metadata":{"emulator":{"name":"ui"},"message":"If you encounter connectivity issues, consider switching to a different port or explicitly specifying \"host\": \"<ip address>\" instead of hostname in firebase.json"}}
[warn] ⚠  logging: Error when trying to check port 4500 on ::1: Error: listen EADDRNOTAVAIL: address not available ::1:4500 {"metadata":{"emulator":{"name":"logging"},"message":"Error when trying to check port 4500 on ::1: Error: listen EADDRNOTAVAIL: address not available ::1:4500"}}
[warn] ⚠  logging: Port 4500 is available on 127.0.0.1 but not ::1. This may cause issues with some clients. {"metadata":{"emulator":{"name":"logging"},"message":"Port 4500 is available on 127.0.0.1 but not ::1. This may cause issues with some clients."}}
[warn] ⚠  logging: If you encounter connectivity issues, consider switching to a different port or explicitly specifying "host": "<ip address>" instead of hostname in firebase.json {"metadata":{"emulator":{"name":"logging"},"message":"If you encounter connectivity issues, consider switching to a different port or explicitly specifying \"host\": \"<ip address>\" instead of hostname in firebase.json"}}
[warn] ⚠  firestore: Error when trying to check port 8080 on ::1: Error: listen EADDRNOTAVAIL: address not available ::1:8080 {"metadata":{"emulator":{"name":"firestore"},"message":"Error when trying to check port 8080 on ::1: Error: listen EADDRNOTAVAIL: address not available ::1:8080"}}
[warn] ⚠  firestore: Port 8080 is available on 127.0.0.1 but not ::1. This may cause issues with some clients. {"metadata":{"emulator":{"name":"firestore"},"message":"Port 8080 is available on 127.0.0.1 but not ::1. This may cause issues with some clients."}}
[warn] ⚠  firestore: If you encounter connectivity issues, consider switching to a different port or explicitly specifying "host": "<ip address>" instead of hostname in firebase.json {"metadata":{"emulator":{"name":"firestore"},"message":"If you encounter connectivity issues, consider switching to a different port or explicitly specifying \"host\": \"<ip address>\" instead of hostname in firebase.json"}}
[warn] ⚠  firestore.websocket: Error when trying to check port 9150 on ::1: Error: listen EADDRNOTAVAIL: address not available ::1:9150 {"metadata":{"emulator":{"name":"firestore"},"message":"Error when trying to check port 9150 on ::1: Error: listen EADDRNOTAVAIL: address not available ::1:9150"}}
[warn] ⚠  firestore: Port 9150 is available on 127.0.0.1 but not ::1. This may cause issues with some clients. {"metadata":{"emulator":{"name":"firestore"},"message":"Port 9150 is available on 127.0.0.1 but not ::1. This may cause issues with some clients."}}
[warn] ⚠  firestore: If you encounter connectivity issues, consider switching to a different port or explicitly specifying "host": "<ip address>" instead of hostname in firebase.json {"metadata":{"emulator":{"name":"firestore"},"message":"If you encounter connectivity issues, consider switching to a different port or explicitly specifying \"host\": \"<ip address>\" instead of hostname in firebase.json"}}
[debug] [2025-09-25T19:12:52.982Z] assigned listening specs for emulators {"user":{"hub":[{"address":"127.0.0.1","family":"IPv4","port":4400}],"ui":[{"address":"127.0.0.1","family":"IPv4","port":4000}],"logging":[{"address":"127.0.0.1","family":"IPv4","port":4500}],"firestore":[{"address":"127.0.0.1","family":"IPv4","port":8080}],"firestore.websocket":[{"address":"127.0.0.1","family":"IPv4","port":9150}]},"metadata":{"message":"assigned listening specs for emulators"}}
[debug] [2025-09-25T19:12:52.990Z] Emulator locator file path: /tmp/hub-demo-app.json
[debug] [2025-09-25T19:12:52.990Z] [hub] writing locator at /tmp/hub-demo-app.json
[debug] [2025-09-25T19:12:53.011Z] Ignoring unsupported arg: auto_download {"metadata":{"emulator":{"name":"firestore"},"message":"Ignoring unsupported arg: auto_download"}}
[debug] [2025-09-25T19:12:53.011Z] Ignoring unsupported arg: single_project_mode_error {"metadata":{"emulator":{"name":"firestore"},"message":"Ignoring unsupported arg: single_project_mode_error"}}
[debug] [2025-09-25T19:12:53.012Z] Starting Firestore Emulator with command {"binary":"java","args":["-Dgoogle.cloud_firestore.debug_log_level=FINE","-Duser.language=en","-jar","/nix/store/3j1y38zp0l5fzbc60qxsn8f62pcn7bpg-emulators/cloud-firestore-emulator-v1.19.8.jar","--host","127.0.0.1","--port",8080,"--websocket_port",9150,"--project_id","demo-app","--rules","/home/user/studio/firestore.rules","--single_project_mode",true],"optionalArgs":["port","webchannel_port","host","rules","websocket_port","functions_emulator","seed_from_export","project_id","single_project_mode"],"joinArgs":false,"shell":false,"port":8080} {"metadata":{"emulator":{"name":"firestore"},"message":"Starting Firestore Emulator with command {\"binary\":\"java\",\"args\":[\"-Dgoogle.cloud_firestore.debug_log_level=FINE\",\"-Duser.language=en\",\"-jar\",\"/nix/store/3j1y38zp0l5fzbc60qxsn8f62pcn7bpg-emulators/cloud-firestore-emulator-v1.19.8.jar\",\"--host\",\"127.0.0.1\",\"--port\",8080,\"--websocket_port\",9150,\"--project_id\",\"demo-app\",\"--rules\",\"/home/user/studio/firestore.rules\",\"--single_project_mode\",true],\"optionalArgs\":[\"port\",\"webchannel_port\",\"host\",\"rules\",\"websocket_port\",\"functions_emulator\",\"seed_from_export\",\"project_id\",\"single_project_mode\"],\"joinArgs\":false,\"shell\":false,\"port\":8080}"}}
[info] i  firestore: Firestore Emulator logging to firestore-debug.log {"metadata":{"emulator":{"name":"firestore"},"message":"Firestore Emulator logging to firestore-debug.log"}}
[debug] [2025-09-25T19:12:56.832Z] Sep 25, 2025 7:12:56 PM com.google.cloud.datastore.emulator.firestore.websocket.WebSocketServer start
INFO: Started WebSocket server on ws://127.0.0.1:9150
 {"metadata":{"emulator":{"name":"firestore"},"message":"Sep 25, 2025 7:12:56 PM com.google.cloud.datastore.emulator.firestore.websocket.WebSocketServer start\nINFO: Started WebSocket server on ws://127.0.0.1:9150\n"}}
[debug] [2025-09-25T19:12:56.935Z] API endpoint: http://127.0.0.1:8080
If you are using a library that supports the FIRESTORE_EMULATOR_HOST environment variable, run:

   export FIRESTORE_EMULATOR_HOST=127.0.0.1:8080

If you are running a Firestore in Datastore Mode project, run:

   export DATASTORE_EMULATOR_HOST=127.0.0.1:8080

Note: Support for Datastore Mode is in preview. If you encounter any bugs please file at https://github.com/firebase/firebase-tools/issues.
Dev App Server is now running.

 {"metadata":{"emulator":{"name":"firestore"},"message":"API endpoint: http://127.0.0.1:8080\nIf you are using a library that supports the FIRESTORE_EMULATOR_HOST environment variable, run:\n\n   export FIRESTORE_EMULATOR_HOST=127.0.0.1:8080\n\nIf you are running a Firestore in Datastore Mode project, run:\n\n   export DATASTORE_EMULATOR_HOST=127.0.0.1:8080\n\nNote: Support for Datastore Mode is in preview. If you encounter any bugs please file at https://github.com/firebase/firebase-tools/issues.\nDev App Server is now running.\n\n"}}
[info] ✔  firestore: Firestore Emulator UI websocket is running on 9150. {"metadata":{"emulator":{"name":"firestore"},"message":"Firestore Emulator UI websocket is running on 9150."}}
[debug] [2025-09-25T19:12:57.199Z] Could not find VSCode notification endpoint: FetchError: request to http://localhost:40001/vscode/notify failed, reason: connect ECONNREFUSED 127.0.0.1:40001. If you are not running the Firebase Data Connect VSCode extension, this is expected and not an issue.
[info] 
┌─────────────────────────────────────────────────────────────┐
│ ✔  All emulators ready! It is now safe to connect your app. │
│ i  View Emulator UI at http://127.0.0.1:4000/               │
└─────────────────────────────────────────────────────────────┘

┌───────────┬────────────────┬─────────────────────────────────┐
│ Emulator  │ Host:Port      │ View in Emulator UI             │
├───────────┼────────────────┼─────────────────────────────────┤
│ Firestore │ 127.0.0.1:8080 │ http://127.0.0.1:4000/firestore │
└───────────┴────────────────┴─────────────────────────────────┘
  Emulator Hub host: 127.0.0.1 port: 4400
  Other reserved ports: 4500, 9150

Issues? Report them at https://github.com/firebase/firebase-tools/issues and attach the *-debug.log files.
 
[debug] [2025-09-25T19:51:09.481Z] Sep 25, 2025 7:51:09 PM com.google.cloud.datastore.emulator.firestore.websocket.WebSocketChannelHandler initChannel
INFO: Connected to new websocket client
 {"metadata":{"emulator":{"name":"firestore"},"message":"Sep 25, 2025 7:51:09 PM com.google.cloud.datastore.emulator.firestore.websocket.WebSocketChannelHandler initChannel\nINFO: Connected to new websocket client\n"}}
[debug] [2025-09-25T19:51:09.505Z] Sep 25, 2025 7:51:09 PM io.gapi.emulators.netty.HttpVersionRoutingHandler channelRead
INFO: Detected non-HTTP/2 connection.
 {"metadata":{"emulator":{"name":"firestore"},"message":"Sep 25, 2025 7:51:09 PM io.gapi.emulators.netty.HttpVersionRoutingHandler channelRead\nINFO: Detected non-HTTP/2 connection.\n"}}
[debug] [2025-09-25T19:51:09.663Z] Sep 25, 2025 7:51:09 PM io.grpc.netty.NettyServerTransport notifyTerminated
INFO: Transport failed
io.netty.handler.codec.http2.Http2Exception: Unexpected HTTP/1.x request: GET / 
	at io.netty.handler.codec.http2.Http2Exception.connectionError(Http2Exception.java:107)
	at io.netty.handler.codec.http2.Http2ConnectionHandler$PrefaceDecoder.readClientPrefaceString(Http2ConnectionHandler.java:315)
	at io.netty.handler.codec.http2.Http2ConnectionHandler$PrefaceDecoder.decode(Http2ConnectionHandler.java:245)
	at io.netty.handler.codec.http2.Http2ConnectionHandler.decode(Http2ConnectionHandler.java:451)
	at io.netty.handler.codec.ByteToMessageDecoder.decodeRemovalReentryProtection(ByteToMessageDecoder.java:530)
	at io.netty.handler.codec.ByteToMessageDecoder.callDecode(ByteToMessageDecoder.java:469)
	at io.netty.handler.codec.ByteToMessageDecoder.channelRead(ByteToMessageDecoder.java:290)
	at io.netty.channel.AbstractChannelHandlerContext.invokeChannelRead(AbstractChannelHandlerContext.java:444)
	at io.netty.channel.AbstractChannelHandlerContext.invokeChannelRead(AbstractChannelHandlerContext.java:420)
	at io.netty.channel.AbstractChannelHandlerContext.fireChannelRead(AbstractChannelHandlerContext.java:412)
	at io.netty.channel.DefaultChannelPipeline$HeadContext.channelRead(DefaultChannelPipeline.java:1407)
	at io.netty.channel.AbstractChannelHandlerContext.invokeChannelRead(AbstractChannelHandlerContext.java:440)
	at io.netty.channel.AbstractChannelHandlerContext.invokeChannelRead(AbstractChannelHandlerContext.java:420)
	at io.netty.channel.DefaultChannelPipeline.fireChannelRead(DefaultChannelPipeline.java:918)
	at io.netty.channel.nio.AbstractNioByteChannel$NioByteUnsafe.read(AbstractNioByteChannel.java:166)
	at io.netty.channel.nio.NioEventLoop.processSelectedKey(NioEventLoop.java:788)
	at io.netty.channel.nio.NioEventLoop.processSelectedKeysOptimized(NioEventLoop.java:724)
	at io.netty.channel.nio.NioEventLoop.processSelectedKeys(NioEventLoop.java:650)
	at io.netty.channel.nio.NioEventLoop.run(NioEventLoop.java:562)
	at io.netty.util.concurrent.SingleThreadEventExecutor$4.run(SingleThreadEventExecutor.java:994)
	at io.netty.util.internal.ThreadExecutorMap$2.run(ThreadExecutorMap.java:74)
	at io.netty.util.concurrent.FastThreadLocalRunnable.run(FastThreadLocalRunnable.java:30)
	at java.base/java.lang.Thread.run(Thread.java:1583)

 {"metadata":{"emulator":{"name":"firestore"},"message":"Sep 25, 2025 7:51:09 PM io.grpc.netty.NettyServerTransport notifyTerminated\nINFO: Transport failed\nio.netty.handler.codec.http2.Http2Exception: Unexpected HTTP/1.x request: GET / \n\tat io.netty.handler.codec.http2.Http2Exception.connectionError(Http2Exception.java:107)\n\tat io.netty.handler.codec.http2.Http2ConnectionHandler$PrefaceDecoder.readClientPrefaceString(Http2ConnectionHandler.java:315)\n\tat io.netty.handler.codec.http2.Http2ConnectionHandler$PrefaceDecoder.decode(Http2ConnectionHandler.java:245)\n\tat io.netty.handler.codec.http2.Http2ConnectionHandler.decode(Http2ConnectionHandler.java:451)\n\tat io.netty.handler.codec.ByteToMessageDecoder.decodeRemovalReentryProtection(ByteToMessageDecoder.java:530)\n\tat io.netty.handler.codec.ByteToMessageDecoder.callDecode(ByteToMessageDecoder.java:469)\n\tat io.netty.handler.codec.ByteToMessageDecoder.channelRead(ByteToMessageDecoder.java:290)\n\tat io.netty.channel.AbstractChannelHandlerContext.invokeChannelRead(AbstractChannelHandlerContext.java:444)\n\tat io.netty.channel.AbstractChannelHandlerContext.invokeChannelRead(AbstractChannelHandlerContext.java:420)\n\tat io.netty.channel.AbstractChannelHandlerContext.fireChannelRead(AbstractChannelHandlerContext.java:412)\n\tat io.netty.channel.DefaultChannelPipeline$HeadContext.channelRead(DefaultChannelPipeline.java:1407)\n\tat io.netty.channel.AbstractChannelHandlerContext.invokeChannelRead(AbstractChannelHandlerContext.java:440)\n\tat io.netty.channel.AbstractChannelHandlerContext.invokeChannelRead(AbstractChannelHandlerContext.java:420)\n\tat io.netty.channel.DefaultChannelPipeline.fireChannelRead(DefaultChannelPipeline.java:918)\n\tat io.netty.channel.nio.AbstractNioByteChannel$NioByteUnsafe.read(AbstractNioByteChannel.java:166)\n\tat io.netty.channel.nio.NioEventLoop.processSelectedKey(NioEventLoop.java:788)\n\tat io.netty.channel.nio.NioEventLoop.processSelectedKeysOptimized(NioEventLoop.java:724)\n\tat io.netty.channel.nio.NioEventLoop.processSelectedKeys(NioEventLoop.java:650)\n\tat io.netty.channel.nio.NioEventLoop.run(NioEventLoop.java:562)\n\tat io.netty.util.concurrent.SingleThreadEventExecutor$4.run(SingleThreadEventExecutor.java:994)\n\tat io.netty.util.internal.ThreadExecutorMap$2.run(ThreadExecutorMap.java:74)\n\tat io.netty.util.concurrent.FastThreadLocalRunnable.run(FastThreadLocalRunnable.java:30)\n\tat java.base/java.lang.Thread.run(Thread.java:1583)\n\n"}}
[debug] [2025-09-25T19:51:09.738Z] Sep 25, 2025 7:51:09 PM io.grpc.netty.NettyServerTransport notifyTerminated
INFO: Transport failed
io.netty.handler.codec.http2.Http2Exception: HTTP/2 client preface string missing or corrupt. Hex dump for received bytes: 16030105a8010005a40303f3a5c2b04ad40bb24b285432b7
	at io.netty.handler.codec.http2.Http2Exception.connectionError(Http2Exception.java:107)
	at io.netty.handler.codec.http2.Http2ConnectionHandler$PrefaceDecoder.readClientPrefaceString(Http2ConnectionHandler.java:319)
	at io.netty.handler.codec.http2.Http2ConnectionHandler$PrefaceDecoder.decode(Http2ConnectionHandler.java:245)
	at io.netty.handler.codec.http2.Http2ConnectionHandler.decode(Http2ConnectionHandler.java:451)
	at io.netty.handler.codec.ByteToMessageDecoder.decodeRemovalReentryProtection(ByteToMessageDecoder.java:530)
	at io.netty.handler.codec.ByteToMessageDecoder.callDecode(ByteToMessageDecoder.java:469)
	at io.netty.handler.codec.ByteToMessageDecoder.channelRead(ByteToMessageDecoder.java:290)
	at io.netty.channel.AbstractChannelHandlerContext.invokeChannelRead(AbstractChannelHandlerContext.java:444)
	at io.netty.channel.AbstractChannelHandlerContext.invokeChannelRead(AbstractChannelHandlerContext.java:420)
	at io.netty.channel.AbstractChannelHandlerContext.fireChannelRead(AbstractChannelHandlerContext.java:412)
	at io.netty.channel.DefaultChannelPipeline$HeadContext.channelRead(DefaultChannelPipeline.java:1407)
	at io.netty.channel.AbstractChannelHandlerContext.invokeChannelRead(AbstractChannelHandlerContext.java:440)
	at io.netty.channel.AbstractChannelHandlerContext.invokeChannelRead(AbstractChannelHandlerContext.java:420)
	at io.netty.channel.DefaultChannelPipeline.fireChannelRead(DefaultChannelPipeline.java:918)
	at io.netty.channel.nio.AbstractNioByteChannel$NioByteUnsafe.read(AbstractNioByteChannel.java:166)
	at io.netty.channel.nio.NioEventLoop.processSelectedKey(NioEventLoop.java:788)
	at io.netty.channel.nio.NioEventLoop.processSelectedKeysOptimized(NioEventLoop.java:724)
	at io.netty.channel.nio.NioEventLoop.processSelectedKeys(NioEventLoop.java:650)
	at io.netty.channel.nio.NioEventLoop.run(NioEventLoop.java:562)
	at io.netty.util.concurrent.SingleThreadEventExecutor$4.run(SingleThreadEventExecutor.java:994)
	at io.netty.util.internal.ThreadExecutorMap$2.run(ThreadExecutorMap.java:74)
	at io.netty.util.concurrent.FastThreadLocalRunnable.run(FastThreadLocalRunnable.java:30)
	at java.base/java.lang.Thread.run(Thread.java:1583)

 {"metadata":{"emulator":{"name":"firestore"},"message":"Sep 25, 2025 7:51:09 PM io.grpc.netty.NettyServerTransport notifyTerminated\nINFO: Transport failed\nio.netty.handler.codec.http2.Http2Exception: HTTP/2 client preface string missing or corrupt. Hex dump for received bytes: 16030105a8010005a40303f3a5c2b04ad40bb24b285432b7\n\tat io.netty.handler.codec.http2.Http2Exception.connectionError(Http2Exception.java:107)\n\tat io.netty.handler.codec.http2.Http2ConnectionHandler$PrefaceDecoder.readClientPrefaceString(Http2ConnectionHandler.java:319)\n\tat io.netty.handler.codec.http2.Http2ConnectionHandler$PrefaceDecoder.decode(Http2ConnectionHandler.java:245)\n\tat io.netty.handler.codec.http2.Http2ConnectionHandler.decode(Http2ConnectionHandler.java:451)\n\tat io.netty.handler.codec.ByteToMessageDecoder.decodeRemovalReentryProtection(ByteToMessageDecoder.java:530)\n\tat io.netty.handler.codec.ByteToMessageDecoder.callDecode(ByteToMessageDecoder.java:469)\n\tat io.netty.handler.codec.ByteToMessageDecoder.channelRead(ByteToMessageDecoder.java:290)\n\tat io.netty.channel.AbstractChannelHandlerContext.invokeChannelRead(AbstractChannelHandlerContext.java:444)\n\tat io.netty.channel.AbstractChannelHandlerContext.invokeChannelRead(AbstractChannelHandlerContext.java:420)\n\tat io.netty.channel.AbstractChannelHandlerContext.fireChannelRead(AbstractChannelHandlerContext.java:412)\n\tat io.netty.channel.DefaultChannelPipeline$HeadContext.channelRead(DefaultChannelPipeline.java:1407)\n\tat io.netty.channel.AbstractChannelHandlerContext.invokeChannelRead(AbstractChannelHandlerContext.java:440)\n\tat io.netty.channel.AbstractChannelHandlerContext.invokeChannelRead(AbstractChannelHandlerContext.java:420)\n\tat io.netty.channel.DefaultChannelPipeline.fireChannelRead(DefaultChannelPipeline.java:918)\n\tat io.netty.channel.nio.AbstractNioByteChannel$NioByteUnsafe.read(AbstractNioByteChannel.java:166)\n\tat io.netty.channel.nio.NioEventLoop.processSelectedKey(NioEventLoop.java:788)\n\tat io.netty.channel.nio.NioEventLoop.processSelectedKeysOptimized(NioEventLoop.java:724)\n\tat io.netty.channel.nio.NioEventLoop.processSelectedKeys(NioEventLoop.java:650)\n\tat io.netty.channel.nio.NioEventLoop.run(NioEventLoop.java:562)\n\tat io.netty.util.concurrent.SingleThreadEventExecutor$4.run(SingleThreadEventExecutor.java:994)\n\tat io.netty.util.internal.ThreadExecutorMap$2.run(ThreadExecutorMap.java:74)\n\tat io.netty.util.concurrent.FastThreadLocalRunnable.run(FastThreadLocalRunnable.java:30)\n\tat java.base/java.lang.Thread.run(Thread.java:1583)\n\n"}}
[debug] [2025-09-25T19:51:11.819Z] Sep 25, 2025 7:51:11 PM com.google.cloud.datastore.emulator.firestore.websocket.WebSocketChannelHandler initChannel
INFO: Connected to new websocket client
 {"metadata":{"emulator":{"name":"firestore"},"message":"Sep 25, 2025 7:51:11 PM com.google.cloud.datastore.emulator.firestore.websocket.WebSocketChannelHandler initChannel\nINFO: Connected to new websocket client\n"}}
[debug] [2025-09-25T20:07:41.379Z] Sep 25, 2025 8:07:41 PM com.google.cloud.datastore.emulator.firestore.websocket.WebSocketChannelHandler channelClosed
INFO: Websocket client disconnected
 {"metadata":{"emulator":{"name":"firestore"},"message":"Sep 25, 2025 8:07:41 PM com.google.cloud.datastore.emulator.firestore.websocket.WebSocketChannelHandler channelClosed\nINFO: Websocket client disconnected\n"}}
[debug] [2025-09-25T20:31:24.673Z] ----------------------------------------------------------------------
[debug] [2025-09-25T20:31:24.677Z] Command:       /nix/store/ws50yvm6vzlzf7jzz6n7xh4szddrack1-nodejs-20.19.1/bin/node /nix/store/a3jfkfzmr1h8lmk31a8fbchkg5sp12q9-firebase-tools-14.16.0/lib/node_modules/firebase-tools/lib/bin/firebase.js emulators:start --project=demo-app --only=auth,firestore
[debug] [2025-09-25T20:31:24.678Z] CLI Version:   14.16.0
[debug] [2025-09-25T20:31:24.678Z] Platform:      linux
[debug] [2025-09-25T20:31:24.679Z] Node Version:  v20.19.1
[debug] [2025-09-25T20:31:24.679Z] Time:          Thu Sep 25 2025 20:31:24 GMT+0000 (Coordinated Universal Time)
[debug] [2025-09-25T20:31:24.679Z] ----------------------------------------------------------------------
[debug] 
[debug] [2025-09-25T20:31:26.015Z] openjdk version "21.0.7" 2025-04-15
OpenJDK Runtime Environment (build 21.0.7+6-nixos)
OpenJDK 64-Bit Server VM (build 21.0.7+6-nixos, mixed mode, sharing)

[debug] [2025-09-25T20:31:26.061Z] Parsed Java major version: 21
[info] i  emulators: Starting emulators: firestore {"metadata":{"emulator":{"name":"hub"},"message":"Starting emulators: firestore"}}
[info] i  emulators: Detected demo project ID "demo-app", emulated services will use a demo configuration and attempts to access non-emulated services for this project will fail. {"metadata":{"emulator":{"name":"hub"},"message":"Detected demo project ID \"demo-app\", emulated services will use a demo configuration and attempts to access non-emulated services for this project will fail."}}
[warn] ⚠  auth: Not starting the auth emulator, make sure you have run firebase init. {"metadata":{"emulator":{"name":"auth"},"message":"Not starting the auth emulator, make sure you have run firebase init."}}
[warn] ⚠  hub: Error when trying to check port 4400 on ::1: Error: listen EADDRNOTAVAIL: address not available ::1:4400 {"metadata":{"emulator":{"name":"hub"},"message":"Error when trying to check port 4400 on ::1: Error: listen EADDRNOTAVAIL: address not available ::1:4400"}}
[warn] ⚠  hub: Port 4400 is available on 127.0.0.1 but not ::1. This may cause issues with some clients. {"metadata":{"emulator":{"name":"hub"},"message":"Port 4400 is available on 127.0.0.1 but not ::1. This may cause issues with some clients."}}
[warn] ⚠  hub: If you encounter connectivity issues, consider switching to a different port or explicitly specifying "host": "<ip address>" instead of hostname in firebase.json {"metadata":{"emulator":{"name":"hub"},"message":"If you encounter connectivity issues, consider switching to a different port or explicitly specifying \"host\": \"<ip address>\" instead of hostname in firebase.json"}}
[warn] ⚠  ui: Error when trying to check port 4000 on ::1: Error: listen EADDRNOTAVAIL: address not available ::1:4000 {"metadata":{"emulator":{"name":"ui"},"message":"Error when trying to check port 4000 on ::1: Error: listen EADDRNOTAVAIL: address not available ::1:4000"}}
[warn] ⚠  ui: Port 4000 is available on 127.0.0.1 but not ::1. This may cause issues with some clients. {"metadata":{"emulator":{"name":"ui"},"message":"Port 4000 is available on 127.0.0.1 but not ::1. This may cause issues with some clients."}}
[warn] ⚠  ui: If you encounter connectivity issues, consider switching to a different port or explicitly specifying "host": "<ip address>" instead of hostname in firebase.json {"metadata":{"emulator":{"name":"ui"},"message":"If you encounter connectivity issues, consider switching to a different port or explicitly specifying \"host\": \"<ip address>\" instead of hostname in firebase.json"}}
[warn] ⚠  logging: Error when trying to check port 4500 on ::1: Error: listen EADDRNOTAVAIL: address not available ::1:4500 {"metadata":{"emulator":{"name":"logging"},"message":"Error when trying to check port 4500 on ::1: Error: listen EADDRNOTAVAIL: address not available ::1:4500"}}
[warn] ⚠  logging: Port 4500 is available on 127.0.0.1 but not ::1. This may cause issues with some clients. {"metadata":{"emulator":{"name":"logging"},"message":"Port 4500 is available on 127.0.0.1 but not ::1. This may cause issues with some clients."}}
[warn] ⚠  logging: If you encounter connectivity issues, consider switching to a different port or explicitly specifying "host": "<ip address>" instead of hostname in firebase.json {"metadata":{"emulator":{"name":"logging"},"message":"If you encounter connectivity issues, consider switching to a different port or explicitly specifying \"host\": \"<ip address>\" instead of hostname in firebase.json"}}
[warn] ⚠  firestore: Error when trying to check port 8080 on ::1: Error: listen EADDRNOTAVAIL: address not available ::1:8080 {"metadata":{"emulator":{"name":"firestore"},"message":"Error when trying to check port 8080 on ::1: Error: listen EADDRNOTAVAIL: address not available ::1:8080"}}
[warn] ⚠  firestore: Port 8080 is available on 127.0.0.1 but not ::1. This may cause issues with some clients. {"metadata":{"emulator":{"name":"firestore"},"message":"Port 8080 is available on 127.0.0.1 but not ::1. This may cause issues with some clients."}}
[warn] ⚠  firestore: If you encounter connectivity issues, consider switching to a different port or explicitly specifying "host": "<ip address>" instead of hostname in firebase.json {"metadata":{"emulator":{"name":"firestore"},"message":"If you encounter connectivity issues, consider switching to a different port or explicitly specifying \"host\": \"<ip address>\" instead of hostname in firebase.json"}}
[warn] ⚠  firestore.websocket: Error when trying to check port 9150 on ::1: Error: listen EADDRNOTAVAIL: address not available ::1:9150 {"metadata":{"emulator":{"name":"firestore"},"message":"Error when trying to check port 9150 on ::1: Error: listen EADDRNOTAVAIL: address not available ::1:9150"}}
[warn] ⚠  firestore: Port 9150 is available on 127.0.0.1 but not ::1. This may cause issues with some clients. {"metadata":{"emulator":{"name":"firestore"},"message":"Port 9150 is available on 127.0.0.1 but not ::1. This may cause issues with some clients."}}
[warn] ⚠  firestore: If you encounter connectivity issues, consider switching to a different port or explicitly specifying "host": "<ip address>" instead of hostname in firebase.json {"metadata":{"emulator":{"name":"firestore"},"message":"If you encounter connectivity issues, consider switching to a different port or explicitly specifying \"host\": \"<ip address>\" instead of hostname in firebase.json"}}
[debug] [2025-09-25T20:31:26.093Z] assigned listening specs for emulators {"user":{"hub":[{"address":"127.0.0.1","family":"IPv4","port":4400}],"ui":[{"address":"127.0.0.1","family":"IPv4","port":4000}],"logging":[{"address":"127.0.0.1","family":"IPv4","port":4500}],"firestore":[{"address":"127.0.0.1","family":"IPv4","port":8080}],"firestore.websocket":[{"address":"127.0.0.1","family":"IPv4","port":9150}]},"metadata":{"message":"assigned listening specs for emulators"}}
[debug] [2025-09-25T20:31:26.098Z] Emulator locator file path: /tmp/hub-demo-app.json
[debug] [2025-09-25T20:31:26.099Z] [hub] writing locator at /tmp/hub-demo-app.json
[debug] [2025-09-25T20:31:26.117Z] Ignoring unsupported arg: auto_download {"metadata":{"emulator":{"name":"firestore"},"message":"Ignoring unsupported arg: auto_download"}}
[debug] [2025-09-25T20:31:26.118Z] Ignoring unsupported arg: single_project_mode_error {"metadata":{"emulator":{"name":"firestore"},"message":"Ignoring unsupported arg: single_project_mode_error"}}
[debug] [2025-09-25T20:31:26.118Z] Starting Firestore Emulator with command {"binary":"java","args":["-Dgoogle.cloud_firestore.debug_log_level=FINE","-Duser.language=en","-jar","/nix/store/3j1y38zp0l5fzbc60qxsn8f62pcn7bpg-emulators/cloud-firestore-emulator-v1.19.8.jar","--host","127.0.0.1","--port",8080,"--websocket_port",9150,"--project_id","demo-app","--rules","/home/user/studio/firestore.rules","--single_project_mode",true],"optionalArgs":["port","webchannel_port","host","rules","websocket_port","functions_emulator","seed_from_export","project_id","single_project_mode"],"joinArgs":false,"shell":false,"port":8080} {"metadata":{"emulator":{"name":"firestore"},"message":"Starting Firestore Emulator with command {\"binary\":\"java\",\"args\":[\"-Dgoogle.cloud_firestore.debug_log_level=FINE\",\"-Duser.language=en\",\"-jar\",\"/nix/store/3j1y38zp0l5fzbc60qxsn8f62pcn7bpg-emulators/cloud-firestore-emulator-v1.19.8.jar\",\"--host\",\"127.0.0.1\",\"--port\",8080,\"--websocket_port\",9150,\"--project_id\",\"demo-app\",\"--rules\",\"/home/user/studio/firestore.rules\",\"--single_project_mode\",true],\"optionalArgs\":[\"port\",\"webchannel_port\",\"host\",\"rules\",\"websocket_port\",\"functions_emulator\",\"seed_from_export\",\"project_id\",\"single_project_mode\"],\"joinArgs\":false,\"shell\":false,\"port\":8080}"}}
[info] i  firestore: Firestore Emulator logging to firestore-debug.log {"metadata":{"emulator":{"name":"firestore"},"message":"Firestore Emulator logging to firestore-debug.log"}}
[debug] [2025-09-25T20:31:29.666Z] Sep 25, 2025 8:31:29 PM com.google.cloud.datastore.emulator.firestore.websocket.WebSocketServer start
INFO: Started WebSocket server on ws://127.0.0.1:9150
 {"metadata":{"emulator":{"name":"firestore"},"message":"Sep 25, 2025 8:31:29 PM com.google.cloud.datastore.emulator.firestore.websocket.WebSocketServer start\nINFO: Started WebSocket server on ws://127.0.0.1:9150\n"}}
[debug] [2025-09-25T20:31:29.731Z] API endpoint: http:// {"metadata":{"emulator":{"name":"firestore"},"message":"API endpoint: http://"}}
[debug] [2025-09-25T20:31:29.733Z] 127.0.0.1:8080
If you are using a library that supports the FIRESTORE_EMULATOR_HOST environment variable, run:

   export FIRESTORE_EMULATOR_HOST=127.0.0.1:8080

If you are running a Firestore in Datastore Mode project, run:

   export DATASTORE_EMULATOR_HOST=127.0.0.1:8080

Note: Support for Datastore Mode is in preview. If you encounter any bugs please file at https://github.com/firebase/firebase-tools/issues.
Dev App Server is now running.

 {"metadata":{"emulator":{"name":"firestore"},"message":"127.0.0.1:8080\nIf you are using a library that supports the FIRESTORE_EMULATOR_HOST environment variable, run:\n\n   export FIRESTORE_EMULATOR_HOST=127.0.0.1:8080\n\nIf you are running a Firestore in Datastore Mode project, run:\n\n   export DATASTORE_EMULATOR_HOST=127.0.0.1:8080\n\nNote: Support for Datastore Mode is in preview. If you encounter any bugs please file at https://github.com/firebase/firebase-tools/issues.\nDev App Server is now running.\n\n"}}
[info] ✔  firestore: Firestore Emulator UI websocket is running on 9150. {"metadata":{"emulator":{"name":"firestore"},"message":"Firestore Emulator UI websocket is running on 9150."}}
[debug] [2025-09-25T20:31:29.891Z] Could not find VSCode notification endpoint: FetchError: request to http://localhost:40001/vscode/notify failed, reason: connect ECONNREFUSED 127.0.0.1:40001. If you are not running the Firebase Data Connect VSCode extension, this is expected and not an issue.
[info] 
┌─────────────────────────────────────────────────────────────┐
│ ✔  All emulators ready! It is now safe to connect your app. │
│ i  View Emulator UI at http://127.0.0.1:4000/               │
└─────────────────────────────────────────────────────────────┘

┌───────────┬────────────────┬─────────────────────────────────┐
│ Emulator  │ Host:Port      │ View in Emulator UI             │
├───────────┼────────────────┼─────────────────────────────────┤
│ Firestore │ 127.0.0.1:8080 │ http://127.0.0.1:4000/firestore │
└───────────┴────────────────┴─────────────────────────────────┘
  Emulator Hub host: 127.0.0.1 port: 4400
  Other reserved ports: 4500, 9150

Issues? Report them at https://github.com/firebase/firebase-tools/issues and attach the *-debug.log files.
 
[debug] [2025-09-25T20:42:25.001Z] Sep 25, 2025 8:42:24 PM com.google.cloud.datastore.emulator.firestore.websocket.WebSocketChannelHandler initChannel
INFO: Connected to new websocket client
 {"metadata":{"emulator":{"name":"firestore"},"message":"Sep 25, 2025 8:42:24 PM com.google.cloud.datastore.emulator.firestore.websocket.WebSocketChannelHandler initChannel\nINFO: Connected to new websocket client\n"}}
[debug] [2025-09-25T20:42:25.097Z] Sep 25, 2025 8:42:25 PM io.grpc.netty.NettyServerTransport notifyTerminated
INFO: Transport failed
io.netty.handler.codec.http2.Http2Exception: Unexpected HTTP/1.x request: GET / 
	at io.netty.handler.codec.http2.Http2Exception.connectionError(Http2Exception.java:107)
	at io.netty.handler.codec.http2.Http2ConnectionHandler$PrefaceDecoder.readClientPrefaceString(Http2ConnectionHandler.java:315)
	at io.netty.handler.codec.http2.Http2ConnectionHandler$PrefaceDecoder.decode(Http2ConnectionHandler.java:245)
	at io.netty.handler.codec.http2.Http2ConnectionHandler.decode(Http2ConnectionHandler.java:451)
	at io.netty.handler.codec.ByteToMessageDecoder.decodeRemovalReentryProtection(ByteToMessageDecoder.java:530)
	at io.netty.handler.codec.ByteToMessageDecoder.callDecode(ByteToMessageDecoder.java:469)
	at io.netty.handler.codec.ByteToMessageDecoder.channelRead(ByteToMessageDecoder.java:290)
	at io.netty.channel.AbstractChannelHandlerContext.invokeChannelRead(AbstractChannelHandlerContext.java:444)
	at io.netty.channel.AbstractChannelHandlerContext.invokeChannelRead(AbstractChannelHandlerContext.java:420)
	at io.netty.channel.AbstractChannelHandlerContext.fireChannelRead(AbstractChannelHandlerContext.java:412)
	at io.netty.channel.DefaultChannelPipeline$HeadContext.channelRead(DefaultChannelPipeline.java:1407)
	at io.netty.channel.AbstractChannelHandlerContext.invokeChannelRead(AbstractChannelHandlerContext.java:440)
	at io.netty.channel.AbstractChannelHandlerContext.invokeChannelRead(AbstractChannelHandlerContext.java:420)
	at io.netty.channel.DefaultChannelPipeline.fireChannelRead(DefaultChannelPipeline.java:918)
	at io.netty.channel.nio.AbstractNioByteChannel$NioByteUnsafe.read(AbstractNioByteChannel.java:166)
	at io.netty.channel.nio.NioEventLoop.processSelectedKey(NioEventLoop.java:788)
	at io.netty.channel.nio.NioEventLoop.processSelectedKeysOptimized(NioEventLoop.java:724)
	at io.netty.channel.nio.NioEventLoop.processSelectedKeys(NioEventLoop.java:650)
	at io.netty.channel.nio.NioEventLoop.run(NioEventLoop.java:562)
	at io.netty.util.concurrent.SingleThreadEventExecutor$4.run(SingleThreadEventExecutor.java:994)
	at io.netty.util.internal.ThreadExecutorMap$2.run(ThreadExecutorMap.java:74)
	at io.netty.util.concurrent.FastThreadLocalRunnable.run(FastThreadLocalRunnable.java:30)
	at java.base/java.lang.Thread.run(Thread.java:1583)

 {"metadata":{"emulator":{"name":"firestore"},"message":"Sep 25, 2025 8:42:25 PM io.grpc.netty.NettyServerTransport notifyTerminated\nINFO: Transport failed\nio.netty.handler.codec.http2.Http2Exception: Unexpected HTTP/1.x request: GET / \n\tat io.netty.handler.codec.http2.Http2Exception.connectionError(Http2Exception.java:107)\n\tat io.netty.handler.codec.http2.Http2ConnectionHandler$PrefaceDecoder.readClientPrefaceString(Http2ConnectionHandler.java:315)\n\tat io.netty.handler.codec.http2.Http2ConnectionHandler$PrefaceDecoder.decode(Http2ConnectionHandler.java:245)\n\tat io.netty.handler.codec.http2.Http2ConnectionHandler.decode(Http2ConnectionHandler.java:451)\n\tat io.netty.handler.codec.ByteToMessageDecoder.decodeRemovalReentryProtection(ByteToMessageDecoder.java:530)\n\tat io.netty.handler.codec.ByteToMessageDecoder.callDecode(ByteToMessageDecoder.java:469)\n\tat io.netty.handler.codec.ByteToMessageDecoder.channelRead(ByteToMessageDecoder.java:290)\n\tat io.netty.channel.AbstractChannelHandlerContext.invokeChannelRead(AbstractChannelHandlerContext.java:444)\n\tat io.netty.channel.AbstractChannelHandlerContext.invokeChannelRead(AbstractChannelHandlerContext.java:420)\n\tat io.netty.channel.AbstractChannelHandlerContext.fireChannelRead(AbstractChannelHandlerContext.java:412)\n\tat io.netty.channel.DefaultChannelPipeline$HeadContext.channelRead(DefaultChannelPipeline.java:1407)\n\tat io.netty.channel.AbstractChannelHandlerContext.invokeChannelRead(AbstractChannelHandlerContext.java:440)\n\tat io.netty.channel.AbstractChannelHandlerContext.invokeChannelRead(AbstractChannelHandlerContext.java:420)\n\tat io.netty.channel.DefaultChannelPipeline.fireChannelRead(DefaultChannelPipeline.java:918)\n\tat io.netty.channel.nio.AbstractNioByteChannel$NioByteUnsafe.read(AbstractNioByteChannel.java:166)\n\tat io.netty.channel.nio.NioEventLoop.processSelectedKey(NioEventLoop.java:788)\n\tat io.netty.channel.nio.NioEventLoop.processSelectedKeysOptimized(NioEventLoop.java:724)\n\tat io.netty.channel.nio.NioEventLoop.processSelectedKeys(NioEventLoop.java:650)\n\tat io.netty.channel.nio.NioEventLoop.run(NioEventLoop.java:562)\n\tat io.netty.util.concurrent.SingleThreadEventExecutor$4.run(SingleThreadEventExecutor.java:994)\n\tat io.netty.util.internal.ThreadExecutorMap$2.run(ThreadExecutorMap.java:74)\n\tat io.netty.util.concurrent.FastThreadLocalRunnable.run(FastThreadLocalRunnable.java:30)\n\tat java.base/java.lang.Thread.run(Thread.java:1583)\n\n"}}
[debug] [2025-09-25T20:42:25.201Z] Sep 25, 2025 8:42:25 PM io.grpc.netty.NettyServerTransport notifyTerminated
INFO: Transport failed
io.netty.handler.codec.http2.Http2Exception: HTTP/2 client preface string missing or corrupt. Hex dump for received bytes: 16030105a8010005a40303e6a89935b763f22018c452815a
	at io.netty.handler.codec.http2.Http2Exception.connectionError(Http2Exception.java:107)
	at io.netty.handler.codec.http2.Http2ConnectionHandler$PrefaceDecoder.readClientPrefaceString(Http2ConnectionHandler.java:319)
	at io.netty.handler.codec.http2.Http2ConnectionHandler$PrefaceDecoder.decode(Http2ConnectionHandler.java:245)
	at io.netty.handler.codec.http2.Http2ConnectionHandler.decode(Http2ConnectionHandler.java:451)
	at io.netty.handler.codec.ByteToMessageDecoder.decodeRemovalReentryProtection(ByteToMessageDecoder.java:530)
	at io.netty.handler.codec.ByteToMessageDecoder.callDecode(ByteToMessageDecoder.java:469)
	at io.netty.handler.codec.ByteToMessageDecoder.channelRead(ByteToMessageDecoder.java:290)
	at io.netty.channel.AbstractChannelHandlerContext.invokeChannelRead(AbstractChannelHandlerContext.java:444)
	at io.netty.channel.AbstractChannelHandlerContext.invokeChannelRead(AbstractChannelHandlerContext.java:420)
	at io.netty.channel.AbstractChannelHandlerContext.fireChannelRead(AbstractChannelHandlerContext.java:412)
	at io.netty.channel.DefaultChannelPipeline$HeadContext.channelRead(DefaultChannelPipeline.java:1407)
	at io.netty.channel.AbstractChannelHandlerContext.invokeChannelRead(AbstractChannelHandlerContext.java:440)
	at io.netty.channel.AbstractChannelHandlerContext.invokeChannelRead(AbstractChannelHandlerContext.java:420)
	at io.netty.channel.DefaultChannelPipeline.fireChannelRead(DefaultChannelPipeline.java:918)
	at io.netty.channel.nio.AbstractNioByteChannel$NioByteUnsafe.read(AbstractNioByteChannel.java:166)
	at io.netty.channel.nio.NioEventLoop.processSelectedKey(NioEventLoop.java:788)
	at io.netty.channel.nio.NioEventLoop.processSelectedKeysOptimized(NioEventLoop.java:724)
	at io.netty.channel.nio.NioEventLoop.processSelectedKeys(NioEventLoop.java:650)
	at io.netty.channel.nio.NioEventLoop.run(NioEventLoop.java:562)
	at io.netty.util.concurrent.SingleThreadEventExecutor$4.run(SingleThreadEventExecutor.java:994)
	at io.netty.util.internal.ThreadExecutorMap$2.run(ThreadExecutorMap.java:74)
	at io.netty.util.concurrent.FastThreadLocalRunnable.run(FastThreadLocalRunnable.java:30)
	at java.base/java.lang.Thread.run(Thread.java:1583)

 {"metadata":{"emulator":{"name":"firestore"},"message":"Sep 25, 2025 8:42:25 PM io.grpc.netty.NettyServerTransport notifyTerminated\nINFO: Transport failed\nio.netty.handler.codec.http2.Http2Exception: HTTP/2 client preface string missing or corrupt. Hex dump for received bytes: 16030105a8010005a40303e6a89935b763f22018c452815a\n\tat io.netty.handler.codec.http2.Http2Exception.connectionError(Http2Exception.java:107)\n\tat io.netty.handler.codec.http2.Http2ConnectionHandler$PrefaceDecoder.readClientPrefaceString(Http2ConnectionHandler.java:319)\n\tat io.netty.handler.codec.http2.Http2ConnectionHandler$PrefaceDecoder.decode(Http2ConnectionHandler.java:245)\n\tat io.netty.handler.codec.http2.Http2ConnectionHandler.decode(Http2ConnectionHandler.java:451)\n\tat io.netty.handler.codec.ByteToMessageDecoder.decodeRemovalReentryProtection(ByteToMessageDecoder.java:530)\n\tat io.netty.handler.codec.ByteToMessageDecoder.callDecode(ByteToMessageDecoder.java:469)\n\tat io.netty.handler.codec.ByteToMessageDecoder.channelRead(ByteToMessageDecoder.java:290)\n\tat io.netty.channel.AbstractChannelHandlerContext.invokeChannelRead(AbstractChannelHandlerContext.java:444)\n\tat io.netty.channel.AbstractChannelHandlerContext.invokeChannelRead(AbstractChannelHandlerContext.java:420)\n\tat io.netty.channel.AbstractChannelHandlerContext.fireChannelRead(AbstractChannelHandlerContext.java:412)\n\tat io.netty.channel.DefaultChannelPipeline$HeadContext.channelRead(DefaultChannelPipeline.java:1407)\n\tat io.netty.channel.AbstractChannelHandlerContext.invokeChannelRead(AbstractChannelHandlerContext.java:440)\n\tat io.netty.channel.AbstractChannelHandlerContext.invokeChannelRead(AbstractChannelHandlerContext.java:420)\n\tat io.netty.channel.DefaultChannelPipeline.fireChannelRead(DefaultChannelPipeline.java:918)\n\tat io.netty.channel.nio.AbstractNioByteChannel$NioByteUnsafe.read(AbstractNioByteChannel.java:166)\n\tat io.netty.channel.nio.NioEventLoop.processSelectedKey(NioEventLoop.java:788)\n\tat io.netty.channel.nio.NioEventLoop.processSelectedKeysOptimized(NioEventLoop.java:724)\n\tat io.netty.channel.nio.NioEventLoop.processSelectedKeys(NioEventLoop.java:650)\n\tat io.netty.channel.nio.NioEventLoop.run(NioEventLoop.java:562)\n\tat io.netty.util.concurrent.SingleThreadEventExecutor$4.run(SingleThreadEventExecutor.java:994)\n\tat io.netty.util.internal.ThreadExecutorMap$2.run(ThreadExecutorMap.java:74)\n\tat io.netty.util.concurrent.FastThreadLocalRunnable.run(FastThreadLocalRunnable.java:30)\n\tat java.base/java.lang.Thread.run(Thread.java:1583)\n\n"}}
[debug] [2025-09-25T20:42:25.350Z] Sep 25, 2025 8:42:25 PM io.gapi.emulators.netty.HttpVersionRoutingHandler channelRead
INFO: Detected non-HTTP/2 connection.
 {"metadata":{"emulator":{"name":"firestore"},"message":"Sep 25, 2025 8:42:25 PM io.gapi.emulators.netty.HttpVersionRoutingHandler channelRead\nINFO: Detected non-HTTP/2 connection.\n"}}
[debug] [2025-09-25T20:42:32.268Z] Sep 25, 2025 8:42:32 PM com.google.cloud.datastore.emulator.firestore.websocket.WebSocketChannelHandler initChannel
INFO: Connected to new websocket client
 {"metadata":{"emulator":{"name":"firestore"},"message":"Sep 25, 2025 8:42:32 PM com.google.cloud.datastore.emulator.firestore.websocket.WebSocketChannelHandler initChannel\nINFO: Connected to new websocket client\n"}}
[debug] [2025-09-25T21:11:14.569Z] Sep 25, 2025 9:11:14 PM com.google.cloud.datastore.emulator.firestore.websocket.WebSocketChannelHandler channelClosed
INFO: Websocket client disconnected
 {"metadata":{"emulator":{"name":"firestore"},"message":"Sep 25, 2025 9:11:14 PM com.google.cloud.datastore.emulator.firestore.websocket.WebSocketChannelHandler channelClosed\nINFO: Websocket client disconnected\n"}}
[debug] [2025-09-25T21:11:54.472Z] Sep 25, 2025 9:11:54 PM com.google.cloud.datastore.emulator.firestore.websocket.WebSocketChannelHandler initChannel
INFO: Connected to new websocket client
 {"metadata":{"emulator":{"name":"firestore"},"message":"Sep 25, 2025 9:11:54 PM com.google.cloud.datastore.emulator.firestore.websocket.WebSocketChannelHandler initChannel\nINFO: Connected to new websocket client\n"}}
[debug] [2025-09-25T21:32:25.352Z] Sep 25, 2025 9:32:25 PM com.google.cloud.datastore.emulator.firestore.websocket.WebSocketChannelHandler channelClosed
INFO: Websocket client disconnected
 {"metadata":{"emulator":{"name":"firestore"},"message":"Sep 25, 2025 9:32:25 PM com.google.cloud.datastore.emulator.firestore.websocket.WebSocketChannelHandler channelClosed\nINFO: Websocket client disconnected\n"}}
[debug] [2025-09-25T23:29:22.130Z] Sep 25, 2025 11:29:22 PM com.google.cloud.datastore.emulator.firestore.websocket.WebSocketChannelHandler channelClosed
INFO: Websocket client disconnected
 {"metadata":{"emulator":{"name":"firestore"},"message":"Sep 25, 2025 11:29:22 PM com.google.cloud.datastore.emulator.firestore.websocket.WebSocketChannelHandler channelClosed\nINFO: Websocket client disconnected\n"}}
[debug] [2025-09-28T12:07:11.786Z] ----------------------------------------------------------------------
[debug] [2025-09-28T12:07:11.792Z] Command:       /nix/store/ws50yvm6vzlzf7jzz6n7xh4szddrack1-nodejs-20.19.1/bin/node /nix/store/a3jfkfzmr1h8lmk31a8fbchkg5sp12q9-firebase-tools-14.16.0/lib/node_modules/firebase-tools/lib/bin/firebase.js emulators:start --project=demo-app --only=auth,firestore
[debug] [2025-09-28T12:07:11.793Z] CLI Version:   14.16.0
[debug] [2025-09-28T12:07:11.794Z] Platform:      linux
[debug] [2025-09-28T12:07:11.794Z] Node Version:  v20.19.1
[debug] [2025-09-28T12:07:11.794Z] Time:          Sun Sep 28 2025 12:07:11 GMT+0000 (Coordinated Universal Time)
[debug] [2025-09-28T12:07:11.795Z] ----------------------------------------------------------------------
[debug] 
[debug] [2025-09-28T12:07:11.799Z] >>> [apiv2][query] GET https://firebase-public.firebaseio.com/cli.json [none]
[debug] [2025-09-28T12:07:13.258Z] <<< [apiv2][status] GET https://firebase-public.firebaseio.com/cli.json 200
[debug] [2025-09-28T12:07:13.259Z] <<< [apiv2][body] GET https://firebase-public.firebaseio.com/cli.json {"cloudBuildErrorAfter":1594252800000,"cloudBuildWarnAfter":1590019200000,"defaultNode10After":1594252800000,"minVersion":"3.0.5","node8DeploysDisabledAfter":1613390400000,"node8RuntimeDisabledAfter":1615809600000,"node8WarnAfter":1600128000000}
[debug] [2025-09-28T12:07:13.626Z] openjdk version "21.0.7" 2025-04-15

[debug] [2025-09-28T12:07:13.628Z] OpenJDK Runtime Environment (build 21.0.7+6-nixos)
OpenJDK 64-Bit Server VM (build 21.0.7+6-nixos, mixed mode, sharing)

[debug] [2025-09-28T12:07:13.672Z] Parsed Java major version: 21
[info] i  emulators: Starting emulators: firestore {"metadata":{"emulator":{"name":"hub"},"message":"Starting emulators: firestore"}}
[info] i  emulators: Detected demo project ID "demo-app", emulated services will use a demo configuration and attempts to access non-emulated services for this project will fail. {"metadata":{"emulator":{"name":"hub"},"message":"Detected demo project ID \"demo-app\", emulated services will use a demo configuration and attempts to access non-emulated services for this project will fail."}}
[warn] ⚠  auth: Not starting the auth emulator, make sure you have run firebase init. {"metadata":{"emulator":{"name":"auth"},"message":"Not starting the auth emulator, make sure you have run firebase init."}}
[warn] ⚠  hub: Error when trying to check port 4400 on ::1: Error: listen EADDRNOTAVAIL: address not available ::1:4400 {"metadata":{"emulator":{"name":"hub"},"message":"Error when trying to check port 4400 on ::1: Error: listen EADDRNOTAVAIL: address not available ::1:4400"}}
[warn] ⚠  hub: Port 4400 is available on 127.0.0.1 but not ::1. This may cause issues with some clients. {"metadata":{"emulator":{"name":"hub"},"message":"Port 4400 is available on 127.0.0.1 but not ::1. This may cause issues with some clients."}}
[warn] ⚠  hub: If you encounter connectivity issues, consider switching to a different port or explicitly specifying "host": "<ip address>" instead of hostname in firebase.json {"metadata":{"emulator":{"name":"hub"},"message":"If you encounter connectivity issues, consider switching to a different port or explicitly specifying \"host\": \"<ip address>\" instead of hostname in firebase.json"}}
[warn] ⚠  ui: Error when trying to check port 4000 on ::1: Error: listen EADDRNOTAVAIL: address not available ::1:4000 {"metadata":{"emulator":{"name":"ui"},"message":"Error when trying to check port 4000 on ::1: Error: listen EADDRNOTAVAIL: address not available ::1:4000"}}
[warn] ⚠  ui: Port 4000 is available on 127.0.0.1 but not ::1. This may cause issues with some clients. {"metadata":{"emulator":{"name":"ui"},"message":"Port 4000 is available on 127.0.0.1 but not ::1. This may cause issues with some clients."}}
[warn] ⚠  ui: If you encounter connectivity issues, consider switching to a different port or explicitly specifying "host": "<ip address>" instead of hostname in firebase.json {"metadata":{"emulator":{"name":"ui"},"message":"If you encounter connectivity issues, consider switching to a different port or explicitly specifying \"host\": \"<ip address>\" instead of hostname in firebase.json"}}
[warn] ⚠  logging: Error when trying to check port 4500 on ::1: Error: listen EADDRNOTAVAIL: address not available ::1:4500 {"metadata":{"emulator":{"name":"logging"},"message":"Error when trying to check port 4500 on ::1: Error: listen EADDRNOTAVAIL: address not available ::1:4500"}}
[warn] ⚠  logging: Port 4500 is available on 127.0.0.1 but not ::1. This may cause issues with some clients. {"metadata":{"emulator":{"name":"logging"},"message":"Port 4500 is available on 127.0.0.1 but not ::1. This may cause issues with some clients."}}
[warn] ⚠  logging: If you encounter connectivity issues, consider switching to a different port or explicitly specifying "host": "<ip address>" instead of hostname in firebase.json {"metadata":{"emulator":{"name":"logging"},"message":"If you encounter connectivity issues, consider switching to a different port or explicitly specifying \"host\": \"<ip address>\" instead of hostname in firebase.json"}}
[warn] ⚠  firestore: Error when trying to check port 8080 on ::1: Error: listen EADDRNOTAVAIL: address not available ::1:8080 {"metadata":{"emulator":{"name":"firestore"},"message":"Error when trying to check port 8080 on ::1: Error: listen EADDRNOTAVAIL: address not available ::1:8080"}}
[warn] ⚠  firestore: Port 8080 is available on 127.0.0.1 but not ::1. This may cause issues with some clients. {"metadata":{"emulator":{"name":"firestore"},"message":"Port 8080 is available on 127.0.0.1 but not ::1. This may cause issues with some clients."}}
[warn] ⚠  firestore: If you encounter connectivity issues, consider switching to a different port or explicitly specifying "host": "<ip address>" instead of hostname in firebase.json {"metadata":{"emulator":{"name":"firestore"},"message":"If you encounter connectivity issues, consider switching to a different port or explicitly specifying \"host\": \"<ip address>\" instead of hostname in firebase.json"}}
[warn] ⚠  firestore.websocket: Error when trying to check port 9150 on ::1: Error: listen EADDRNOTAVAIL: address not available ::1:9150 {"metadata":{"emulator":{"name":"firestore"},"message":"Error when trying to check port 9150 on ::1: Error: listen EADDRNOTAVAIL: address not available ::1:9150"}}
[warn] ⚠  firestore: Port 9150 is available on 127.0.0.1 but not ::1. This may cause issues with some clients. {"metadata":{"emulator":{"name":"firestore"},"message":"Port 9150 is available on 127.0.0.1 but not ::1. This may cause issues with some clients."}}
[warn] ⚠  firestore: If you encounter connectivity issues, consider switching to a different port or explicitly specifying "host": "<ip address>" instead of hostname in firebase.json {"metadata":{"emulator":{"name":"firestore"},"message":"If you encounter connectivity issues, consider switching to a different port or explicitly specifying \"host\": \"<ip address>\" instead of hostname in firebase.json"}}
[debug] [2025-09-28T12:07:13.690Z] assigned listening specs for emulators {"user":{"hub":[{"address":"127.0.0.1","family":"IPv4","port":4400}],"ui":[{"address":"127.0.0.1","family":"IPv4","port":4000}],"logging":[{"address":"127.0.0.1","family":"IPv4","port":4500}],"firestore":[{"address":"127.0.0.1","family":"IPv4","port":8080}],"firestore.websocket":[{"address":"127.0.0.1","family":"IPv4","port":9150}]},"metadata":{"message":"assigned listening specs for emulators"}}
[debug] [2025-09-28T12:07:13.697Z] Emulator locator file path: /tmp/hub-demo-app.json
[debug] [2025-09-28T12:07:13.698Z] [hub] writing locator at /tmp/hub-demo-app.json
[debug] [2025-09-28T12:07:13.719Z] Ignoring unsupported arg: auto_download {"metadata":{"emulator":{"name":"firestore"},"message":"Ignoring unsupported arg: auto_download"}}
[debug] [2025-09-28T12:07:13.719Z] Ignoring unsupported arg: single_project_mode_error {"metadata":{"emulator":{"name":"firestore"},"message":"Ignoring unsupported arg: single_project_mode_error"}}
[debug] [2025-09-28T12:07:13.720Z] Starting Firestore Emulator with command {"binary":"java","args":["-Dgoogle.cloud_firestore.debug_log_level=FINE","-Duser.language=en","-jar","/nix/store/3j1y38zp0l5fzbc60qxsn8f62pcn7bpg-emulators/cloud-firestore-emulator-v1.19.8.jar","--host","127.0.0.1","--port",8080,"--websocket_port",9150,"--project_id","demo-app","--rules","/home/user/studio/firestore.rules","--single_project_mode",true],"optionalArgs":["port","webchannel_port","host","rules","websocket_port","functions_emulator","seed_from_export","project_id","single_project_mode"],"joinArgs":false,"shell":false,"port":8080} {"metadata":{"emulator":{"name":"firestore"},"message":"Starting Firestore Emulator with command {\"binary\":\"java\",\"args\":[\"-Dgoogle.cloud_firestore.debug_log_level=FINE\",\"-Duser.language=en\",\"-jar\",\"/nix/store/3j1y38zp0l5fzbc60qxsn8f62pcn7bpg-emulators/cloud-firestore-emulator-v1.19.8.jar\",\"--host\",\"127.0.0.1\",\"--port\",8080,\"--websocket_port\",9150,\"--project_id\",\"demo-app\",\"--rules\",\"/home/user/studio/firestore.rules\",\"--single_project_mode\",true],\"optionalArgs\":[\"port\",\"webchannel_port\",\"host\",\"rules\",\"websocket_port\",\"functions_emulator\",\"seed_from_export\",\"project_id\",\"single_project_mode\"],\"joinArgs\":false,\"shell\":false,\"port\":8080}"}}
[info] i  firestore: Firestore Emulator logging to firestore-debug.log {"metadata":{"emulator":{"name":"firestore"},"message":"Firestore Emulator logging to firestore-debug.log"}}
[debug] [2025-09-28T12:07:17.465Z] Sep 28, 2025 12:07:17 PM com.google.cloud.datastore.emulator.firestore.websocket.WebSocketServer start
INFO: Started WebSocket server on ws://127.0.0.1:9150
 {"metadata":{"emulator":{"name":"firestore"},"message":"Sep 28, 2025 12:07:17 PM com.google.cloud.datastore.emulator.firestore.websocket.WebSocketServer start\nINFO: Started WebSocket server on ws://127.0.0.1:9150\n"}}
[debug] [2025-09-28T12:07:17.607Z] API endpoint: http://127.0.0.1:8080
If you are using a library that supports the FIRESTORE_EMULATOR_HOST environment variable, run:

   export FIRESTORE_EMULATOR_HOST=127.0.0.1:8080

If you are running a Firestore in Datastore Mode project, run:

   export DATASTORE_EMULATOR_HOST=127.0.0.1:8080

Note: Support for Datastore Mode is in preview. If you encounter any bugs please file at https://github.com/firebase/firebase-tools/issues.
Dev App Server is now running.

 {"metadata":{"emulator":{"name":"firestore"},"message":"API endpoint: http://127.0.0.1:8080\nIf you are using a library that supports the FIRESTORE_EMULATOR_HOST environment variable, run:\n\n   export FIRESTORE_EMULATOR_HOST=127.0.0.1:8080\n\nIf you are running a Firestore in Datastore Mode project, run:\n\n   export DATASTORE_EMULATOR_HOST=127.0.0.1:8080\n\nNote: Support for Datastore Mode is in preview. If you encounter any bugs please file at https://github.com/firebase/firebase-tools/issues.\nDev App Server is now running.\n\n"}}
[info] ✔  firestore: Firestore Emulator UI websocket is running on 9150. {"metadata":{"emulator":{"name":"firestore"},"message":"Firestore Emulator UI websocket is running on 9150."}}
[debug] [2025-09-28T12:07:17.708Z] Could not find VSCode notification endpoint: FetchError: request to http://localhost:40001/vscode/notify failed, reason: connect ECONNREFUSED 127.0.0.1:40001. If you are not running the Firebase Data Connect VSCode extension, this is expected and not an issue.
[info] 
┌─────────────────────────────────────────────────────────────┐
│ ✔  All emulators ready! It is now safe to connect your app. │
│ i  View Emulator UI at http://127.0.0.1:4000/               │
└─────────────────────────────────────────────────────────────┘

┌───────────┬────────────────┬─────────────────────────────────┐
│ Emulator  │ Host:Port      │ View in Emulator UI             │
├───────────┼────────────────┼─────────────────────────────────┤
│ Firestore │ 127.0.0.1:8080 │ http://127.0.0.1:4000/firestore │
└───────────┴────────────────┴─────────────────────────────────┘
  Emulator Hub host: 127.0.0.1 port: 4400
  Other reserved ports: 4500, 9150

Issues? Report them at https://github.com/firebase/firebase-tools/issues and attach the *-debug.log files.
 
[debug] [2025-09-28T13:13:59.827Z] Sep 28, 2025 1:13:59 PM com.google.cloud.datastore.emulator.firestore.websocket.WebSocketChannelHandler initChannel
INFO: Connected to new websocket client
Sep 28, 2025 1:13:59 PM io.gapi.emulators.netty.HttpVersionRoutingHandler channelRead
INFO: Detected non-HTTP/2 connection.
 {"metadata":{"emulator":{"name":"firestore"},"message":"Sep 28, 2025 1:13:59 PM com.google.cloud.datastore.emulator.firestore.websocket.WebSocketChannelHandler initChannel\nINFO: Connected to new websocket client\nSep 28, 2025 1:13:59 PM io.gapi.emulators.netty.HttpVersionRoutingHandler channelRead\nINFO: Detected non-HTTP/2 connection.\n"}}
[debug] [2025-09-28T13:14:01.221Z] Sep 28, 2025 1:14:01 PM io.grpc.netty.NettyServerTransport notifyTerminated
INFO: Transport failed
io.netty.handler.codec.http2.Http2Exception: Unexpected HTTP/1.x request: GET / 
	at io.netty.handler.codec.http2.Http2Exception.connectionError(Http2Exception.java:107)
	at io.netty.handler.codec.http2.Http2ConnectionHandler$PrefaceDecoder.readClientPrefaceString(Http2ConnectionHandler.java:315)
	at io.netty.handler.codec.http2.Http2ConnectionHandler$PrefaceDecoder.decode(Http2ConnectionHandler.java:245)
	at io.netty.handler.codec.http2.Http2ConnectionHandler.decode(Http2ConnectionHandler.java:451)
	at io.netty.handler.codec.ByteToMessageDecoder.decodeRemovalReentryProtection(ByteToMessageDecoder.java:530)
	at io.netty.handler.codec.ByteToMessageDecoder.callDecode(ByteToMessageDecoder.java:469)
	at io.netty.handler.codec.ByteToMessageDecoder.channelRead(ByteToMessageDecoder.java:290)
	at io.netty.channel.AbstractChannelHandlerContext.invokeChannelRead(AbstractChannelHandlerContext.java:444)
	at io.netty.channel.AbstractChannelHandlerContext.invokeChannelRead(AbstractChannelHandlerContext.java:420)
	at io.netty.channel.AbstractChannelHandlerContext.fireChannelRead(AbstractChannelHandlerContext.java:412)
	at io.netty.channel.DefaultChannelPipeline$HeadContext.channelRead(DefaultChannelPipeline.java:1407)
	at io.netty.channel.AbstractChannelHandlerContext.invokeChannelRead(AbstractChannelHandlerContext.java:440)
	at io.netty.channel.AbstractChannelHandlerContext.invokeChannelRead(AbstractChannelHandlerContext.java:420)
	at io.netty.channel.DefaultChannelPipeline.fireChannelRead(DefaultChannelPipeline.java:918)
	at io.netty.channel.nio.AbstractNioByteChannel$NioByteUnsafe.read(AbstractNioByteChannel.java:166)
	at io.netty.channel.nio.NioEventLoop.processSelectedKey(NioEventLoop.java:788)
	at io.netty.channel.nio.NioEventLoop.processSelectedKeysOptimized(NioEventLoop.java:724)
	at io.netty.channel.nio.NioEventLoop.processSelectedKeys(NioEventLoop.java:650)
	at io.netty.channel.nio.NioEventLoop.run(NioEventLoop.java:562)
	at io.netty.util.concurrent.SingleThreadEventExecutor$4.run(SingleThreadEventExecutor.java:994)
	at io.netty.util.internal.ThreadExecutorMap$2.run(ThreadExecutorMap.java:74)
	at io.netty.util.concurrent.FastThreadLocalRunnable.run(FastThreadLocalRunnable.java:30)
	at java.base/java.lang.Thread.run(Thread.java:1583)

 {"metadata":{"emulator":{"name":"firestore"},"message":"Sep 28, 2025 1:14:01 PM io.grpc.netty.NettyServerTransport notifyTerminated\nINFO: Transport failed\nio.netty.handler.codec.http2.Http2Exception: Unexpected HTTP/1.x request: GET / \n\tat io.netty.handler.codec.http2.Http2Exception.connectionError(Http2Exception.java:107)\n\tat io.netty.handler.codec.http2.Http2ConnectionHandler$PrefaceDecoder.readClientPrefaceString(Http2ConnectionHandler.java:315)\n\tat io.netty.handler.codec.http2.Http2ConnectionHandler$PrefaceDecoder.decode(Http2ConnectionHandler.java:245)\n\tat io.netty.handler.codec.http2.Http2ConnectionHandler.decode(Http2ConnectionHandler.java:451)\n\tat io.netty.handler.codec.ByteToMessageDecoder.decodeRemovalReentryProtection(ByteToMessageDecoder.java:530)\n\tat io.netty.handler.codec.ByteToMessageDecoder.callDecode(ByteToMessageDecoder.java:469)\n\tat io.netty.handler.codec.ByteToMessageDecoder.channelRead(ByteToMessageDecoder.java:290)\n\tat io.netty.channel.AbstractChannelHandlerContext.invokeChannelRead(AbstractChannelHandlerContext.java:444)\n\tat io.netty.channel.AbstractChannelHandlerContext.invokeChannelRead(AbstractChannelHandlerContext.java:420)\n\tat io.netty.channel.AbstractChannelHandlerContext.fireChannelRead(AbstractChannelHandlerContext.java:412)\n\tat io.netty.channel.DefaultChannelPipeline$HeadContext.channelRead(DefaultChannelPipeline.java:1407)\n\tat io.netty.channel.AbstractChannelHandlerContext.invokeChannelRead(AbstractChannelHandlerContext.java:440)\n\tat io.netty.channel.AbstractChannelHandlerContext.invokeChannelRead(AbstractChannelHandlerContext.java:420)\n\tat io.netty.channel.DefaultChannelPipeline.fireChannelRead(DefaultChannelPipeline.java:918)\n\tat io.netty.channel.nio.AbstractNioByteChannel$NioByteUnsafe.read(AbstractNioByteChannel.java:166)\n\tat io.netty.channel.nio.NioEventLoop.processSelectedKey(NioEventLoop.java:788)\n\tat io.netty.channel.nio.NioEventLoop.processSelectedKeysOptimized(NioEventLoop.java:724)\n\tat io.netty.channel.nio.NioEventLoop.processSelectedKeys(NioEventLoop.java:650)\n\tat io.netty.channel.nio.NioEventLoop.run(NioEventLoop.java:562)\n\tat io.netty.util.concurrent.SingleThreadEventExecutor$4.run(SingleThreadEventExecutor.java:994)\n\tat io.netty.util.internal.ThreadExecutorMap$2.run(ThreadExecutorMap.java:74)\n\tat io.netty.util.concurrent.FastThreadLocalRunnable.run(FastThreadLocalRunnable.java:30)\n\tat java.base/java.lang.Thread.run(Thread.java:1583)\n\n"}}
[debug] [2025-09-28T13:14:01.360Z] Sep 28, 2025 1:14:01 PM io.grpc.netty.NettyServerTransport notifyTerminated
INFO: Transport failed
io.netty.handler.codec.http2.Http2Exception: HTTP/2 client preface string missing or corrupt. Hex dump for received bytes: 16030105a8010005a40303e28f082b3e3984ad6b4537b6ca
	at io.netty.handler.codec.http2.Http2Exception.connectionError(Http2Exception.java:107)
	at io.netty.handler.codec.http2.Http2ConnectionHandler$PrefaceDecoder.readClientPrefaceString(Http2ConnectionHandler.java:319)
	at io.netty.handler.codec.http2.Http2ConnectionHandler$PrefaceDecoder.decode(Http2ConnectionHandler.java:245)
	at io.netty.handler.codec.http2.Http2ConnectionHandler.decode(Http2ConnectionHandler.java:451)
	at io.netty.handler.codec.ByteToMessageDecoder.decodeRemovalReentryProtection(ByteToMessageDecoder.java:530)
	at io.netty.handler.codec.ByteToMessageDecoder.callDecode(ByteToMessageDecoder.java:469)
	at io.netty.handler.codec.ByteToMessageDecoder.channelRead(ByteToMessageDecoder.java:290)
	at io.netty.channel.AbstractChannelHandlerContext.invokeChannelRead(AbstractChannelHandlerContext.java:444)
	at io.netty.channel.AbstractChannelHandlerContext.invokeChannelRead(AbstractChannelHandlerContext.java:420)
	at io.netty.channel.AbstractChannelHandlerContext.fireChannelRead(AbstractChannelHandlerContext.java:412)
	at io.netty.channel.DefaultChannelPipeline$HeadContext.channelRead(DefaultChannelPipeline.java:1407)
	at io.netty.channel.AbstractChannelHandlerContext.invokeChannelRead(AbstractChannelHandlerContext.java:440)
	at io.netty.channel.AbstractChannelHandlerContext.invokeChannelRead(AbstractChannelHandlerContext.java:420)
	at io.netty.channel.DefaultChannelPipeline.fireChannelRead(DefaultChannelPipeline.java:918)
	at io.netty.channel.nio.AbstractNioByteChannel$NioByteUnsafe.read(AbstractNioByteChannel.java:166)
	at io.netty.channel.nio.NioEventLoop.processSelectedKey(NioEventLoop.java:788)
	at io.netty.channel.nio.NioEventLoop.processSelectedKeysOptimized(NioEventLoop.java:724)
	at io.netty.channel.nio.NioEventLoop.processSelectedKeys(NioEventLoop.java:650)
	at io.netty.channel.nio.NioEventLoop.run(NioEventLoop.java:562)
	at io.netty.util.concurrent.SingleThreadEventExecutor$4.run(SingleThreadEventExecutor.java:994)
	at io.netty.util.internal.ThreadExecutorMap$2.run(ThreadExecutorMap.java:74)
	at io.netty.util.concurrent.FastThreadLocalRunnable.run(FastThreadLocalRunnable.java:30)
	at java.base/java.lang.Thread.run(Thread.java:1583)

 {"metadata":{"emulator":{"name":"firestore"},"message":"Sep 28, 2025 1:14:01 PM io.grpc.netty.NettyServerTransport notifyTerminated\nINFO: Transport failed\nio.netty.handler.codec.http2.Http2Exception: HTTP/2 client preface string missing or corrupt. Hex dump for received bytes: 16030105a8010005a40303e28f082b3e3984ad6b4537b6ca\n\tat io.netty.handler.codec.http2.Http2Exception.connectionError(Http2Exception.java:107)\n\tat io.netty.handler.codec.http2.Http2ConnectionHandler$PrefaceDecoder.readClientPrefaceString(Http2ConnectionHandler.java:319)\n\tat io.netty.handler.codec.http2.Http2ConnectionHandler$PrefaceDecoder.decode(Http2ConnectionHandler.java:245)\n\tat io.netty.handler.codec.http2.Http2ConnectionHandler.decode(Http2ConnectionHandler.java:451)\n\tat io.netty.handler.codec.ByteToMessageDecoder.decodeRemovalReentryProtection(ByteToMessageDecoder.java:530)\n\tat io.netty.handler.codec.ByteToMessageDecoder.callDecode(ByteToMessageDecoder.java:469)\n\tat io.netty.handler.codec.ByteToMessageDecoder.channelRead(ByteToMessageDecoder.java:290)\n\tat io.netty.channel.AbstractChannelHandlerContext.invokeChannelRead(AbstractChannelHandlerContext.java:444)\n\tat io.netty.channel.AbstractChannelHandlerContext.invokeChannelRead(AbstractChannelHandlerContext.java:420)\n\tat io.netty.channel.AbstractChannelHandlerContext.fireChannelRead(AbstractChannelHandlerContext.java:412)\n\tat io.netty.channel.DefaultChannelPipeline$HeadContext.channelRead(DefaultChannelPipeline.java:1407)\n\tat io.netty.channel.AbstractChannelHandlerContext.invokeChannelRead(AbstractChannelHandlerContext.java:440)\n\tat io.netty.channel.AbstractChannelHandlerContext.invokeChannelRead(AbstractChannelHandlerContext.java:420)\n\tat io.netty.channel.DefaultChannelPipeline.fireChannelRead(DefaultChannelPipeline.java:918)\n\tat io.netty.channel.nio.AbstractNioByteChannel$NioByteUnsafe.read(AbstractNioByteChannel.java:166)\n\tat io.netty.channel.nio.NioEventLoop.processSelectedKey(NioEventLoop.java:788)\n\tat io.netty.channel.nio.NioEventLoop.processSelectedKeysOptimized(NioEventLoop.java:724)\n\tat io.netty.channel.nio.NioEventLoop.processSelectedKeys(NioEventLoop.java:650)\n\tat io.netty.channel.nio.NioEventLoop.run(NioEventLoop.java:562)\n\tat io.netty.util.concurrent.SingleThreadEventExecutor$4.run(SingleThreadEventExecutor.java:994)\n\tat io.netty.util.internal.ThreadExecutorMap$2.run(ThreadExecutorMap.java:74)\n\tat io.netty.util.concurrent.FastThreadLocalRunnable.run(FastThreadLocalRunnable.java:30)\n\tat java.base/java.lang.Thread.run(Thread.java:1583)\n\n"}}
[debug] [2025-09-28T13:14:05.620Z] Sep 28, 2025 1:14:05 PM com.google.cloud.datastore.emulator.firestore.websocket.WebSocketChannelHandler initChannel
INFO: Connected to new websocket client
 {"metadata":{"emulator":{"name":"firestore"},"message":"Sep 28, 2025 1:14:05 PM com.google.cloud.datastore.emulator.firestore.websocket.WebSocketChannelHandler initChannel\nINFO: Connected to new websocket client\n"}}
[debug] [2025-10-01T13:38:39.343Z] ----------------------------------------------------------------------
[debug] [2025-10-01T13:38:39.347Z] Command:       /nix/store/ws50yvm6vzlzf7jzz6n7xh4szddrack1-nodejs-20.19.1/bin/node /nix/store/a3jfkfzmr1h8lmk31a8fbchkg5sp12q9-firebase-tools-14.16.0/lib/node_modules/firebase-tools/lib/bin/firebase.js emulators:start --project=demo-app --only=auth,firestore
[debug] [2025-10-01T13:38:39.348Z] CLI Version:   14.16.0
[debug] [2025-10-01T13:38:39.349Z] Platform:      linux
[debug] [2025-10-01T13:38:39.349Z] Node Version:  v20.19.1
[debug] [2025-10-01T13:38:39.349Z] Time:          Wed Oct 01 2025 13:38:39 GMT+0000 (Coordinated Universal Time)
[debug] [2025-10-01T13:38:39.349Z] ----------------------------------------------------------------------
[debug] 
[debug] [2025-10-01T13:38:39.355Z] >>> [apiv2][query] GET https://firebase-public.firebaseio.com/cli.json [none]
[debug] [2025-10-01T13:38:40.610Z] <<< [apiv2][status] GET https://firebase-public.firebaseio.com/cli.json 200
[debug] [2025-10-01T13:38:40.611Z] <<< [apiv2][body] GET https://firebase-public.firebaseio.com/cli.json {"cloudBuildErrorAfter":1594252800000,"cloudBuildWarnAfter":1590019200000,"defaultNode10After":1594252800000,"minVersion":"3.0.5","node8DeploysDisabledAfter":1613390400000,"node8RuntimeDisabledAfter":1615809600000,"node8WarnAfter":1600128000000}
[debug] [2025-10-01T13:38:41.078Z] openjdk version "21.0.7" 2025-04-15

[debug] [2025-10-01T13:38:41.079Z] OpenJDK Runtime Environment (build 21.0.7+6-nixos)
OpenJDK 64-Bit Server VM (build 21.0.7+6-nixos, mixed mode, sharing)

[debug] [2025-10-01T13:38:41.116Z] Parsed Java major version: 21
[info] i  emulators: Starting emulators: firestore {"metadata":{"emulator":{"name":"hub"},"message":"Starting emulators: firestore"}}
[info] i  emulators: Detected demo project ID "demo-app", emulated services will use a demo configuration and attempts to access non-emulated services for this project will fail. {"metadata":{"emulator":{"name":"hub"},"message":"Detected demo project ID \"demo-app\", emulated services will use a demo configuration and attempts to access non-emulated services for this project will fail."}}
[warn] ⚠  auth: Not starting the auth emulator, make sure you have run firebase init. {"metadata":{"emulator":{"name":"auth"},"message":"Not starting the auth emulator, make sure you have run firebase init."}}
[warn] ⚠  hub: Error when trying to check port 4400 on ::1: Error: listen EADDRNOTAVAIL: address not available ::1:4400 {"metadata":{"emulator":{"name":"hub"},"message":"Error when trying to check port 4400 on ::1: Error: listen EADDRNOTAVAIL: address not available ::1:4400"}}
[warn] ⚠  hub: Port 4400 is available on 127.0.0.1 but not ::1. This may cause issues with some clients. {"metadata":{"emulator":{"name":"hub"},"message":"Port 4400 is available on 127.0.0.1 but not ::1. This may cause issues with some clients."}}
[warn] ⚠  hub: If you encounter connectivity issues, consider switching to a different port or explicitly specifying "host": "<ip address>" instead of hostname in firebase.json {"metadata":{"emulator":{"name":"hub"},"message":"If you encounter connectivity issues, consider switching to a different port or explicitly specifying \"host\": \"<ip address>\" instead of hostname in firebase.json"}}
[warn] ⚠  ui: Error when trying to check port 4000 on ::1: Error: listen EADDRNOTAVAIL: address not available ::1:4000 {"metadata":{"emulator":{"name":"ui"},"message":"Error when trying to check port 4000 on ::1: Error: listen EADDRNOTAVAIL: address not available ::1:4000"}}
[warn] ⚠  ui: Port 4000 is available on 127.0.0.1 but not ::1. This may cause issues with some clients. {"metadata":{"emulator":{"name":"ui"},"message":"Port 4000 is available on 127.0.0.1 but not ::1. This may cause issues with some clients."}}
[warn] ⚠  ui: If you encounter connectivity issues, consider switching to a different port or explicitly specifying "host": "<ip address>" instead of hostname in firebase.json {"metadata":{"emulator":{"name":"ui"},"message":"If you encounter connectivity issues, consider switching to a different port or explicitly specifying \"host\": \"<ip address>\" instead of hostname in firebase.json"}}
[warn] ⚠  logging: Error when trying to check port 4500 on ::1: Error: listen EADDRNOTAVAIL: address not available ::1:4500 {"metadata":{"emulator":{"name":"logging"},"message":"Error when trying to check port 4500 on ::1: Error: listen EADDRNOTAVAIL: address not available ::1:4500"}}
[warn] ⚠  logging: Port 4500 is available on 127.0.0.1 but not ::1. This may cause issues with some clients. {"metadata":{"emulator":{"name":"logging"},"message":"Port 4500 is available on 127.0.0.1 but not ::1. This may cause issues with some clients."}}
[warn] ⚠  logging: If you encounter connectivity issues, consider switching to a different port or explicitly specifying "host": "<ip address>" instead of hostname in firebase.json {"metadata":{"emulator":{"name":"logging"},"message":"If you encounter connectivity issues, consider switching to a different port or explicitly specifying \"host\": \"<ip address>\" instead of hostname in firebase.json"}}
[warn] ⚠  firestore: Error when trying to check port 8080 on ::1: Error: listen EADDRNOTAVAIL: address not available ::1:8080 {"metadata":{"emulator":{"name":"firestore"},"message":"Error when trying to check port 8080 on ::1: Error: listen EADDRNOTAVAIL: address not available ::1:8080"}}
[warn] ⚠  firestore: Port 8080 is available on 127.0.0.1 but not ::1. This may cause issues with some clients. {"metadata":{"emulator":{"name":"firestore"},"message":"Port 8080 is available on 127.0.0.1 but not ::1. This may cause issues with some clients."}}
[warn] ⚠  firestore: If you encounter connectivity issues, consider switching to a different port or explicitly specifying "host": "<ip address>" instead of hostname in firebase.json {"metadata":{"emulator":{"name":"firestore"},"message":"If you encounter connectivity issues, consider switching to a different port or explicitly specifying \"host\": \"<ip address>\" instead of hostname in firebase.json"}}
[warn] ⚠  firestore.websocket: Error when trying to check port 9150 on ::1: Error: listen EADDRNOTAVAIL: address not available ::1:9150 {"metadata":{"emulator":{"name":"firestore"},"message":"Error when trying to check port 9150 on ::1: Error: listen EADDRNOTAVAIL: address not available ::1:9150"}}
[warn] ⚠  firestore: Port 9150 is available on 127.0.0.1 but not ::1. This may cause issues with some clients. {"metadata":{"emulator":{"name":"firestore"},"message":"Port 9150 is available on 127.0.0.1 but not ::1. This may cause issues with some clients."}}
[warn] ⚠  firestore: If you encounter connectivity issues, consider switching to a different port or explicitly specifying "host": "<ip address>" instead of hostname in firebase.json {"metadata":{"emulator":{"name":"firestore"},"message":"If you encounter connectivity issues, consider switching to a different port or explicitly specifying \"host\": \"<ip address>\" instead of hostname in firebase.json"}}
[debug] [2025-10-01T13:38:41.135Z] assigned listening specs for emulators {"user":{"hub":[{"address":"127.0.0.1","family":"IPv4","port":4400}],"ui":[{"address":"127.0.0.1","family":"IPv4","port":4000}],"logging":[{"address":"127.0.0.1","family":"IPv4","port":4500}],"firestore":[{"address":"127.0.0.1","family":"IPv4","port":8080}],"firestore.websocket":[{"address":"127.0.0.1","family":"IPv4","port":9150}]},"metadata":{"message":"assigned listening specs for emulators"}}
[debug] [2025-10-01T13:38:41.141Z] Emulator locator file path: /tmp/hub-demo-app.json
[debug] [2025-10-01T13:38:41.142Z] [hub] writing locator at /tmp/hub-demo-app.json
[debug] [2025-10-01T13:38:41.161Z] Ignoring unsupported arg: auto_download {"metadata":{"emulator":{"name":"firestore"},"message":"Ignoring unsupported arg: auto_download"}}
[debug] [2025-10-01T13:38:41.162Z] Ignoring unsupported arg: single_project_mode_error {"metadata":{"emulator":{"name":"firestore"},"message":"Ignoring unsupported arg: single_project_mode_error"}}
[debug] [2025-10-01T13:38:41.162Z] Starting Firestore Emulator with command {"binary":"java","args":["-Dgoogle.cloud_firestore.debug_log_level=FINE","-Duser.language=en","-jar","/nix/store/3j1y38zp0l5fzbc60qxsn8f62pcn7bpg-emulators/cloud-firestore-emulator-v1.19.8.jar","--host","127.0.0.1","--port",8080,"--websocket_port",9150,"--project_id","demo-app","--rules","/home/user/studio/firestore.rules","--single_project_mode",true],"optionalArgs":["port","webchannel_port","host","rules","websocket_port","functions_emulator","seed_from_export","project_id","single_project_mode"],"joinArgs":false,"shell":false,"port":8080} {"metadata":{"emulator":{"name":"firestore"},"message":"Starting Firestore Emulator with command {\"binary\":\"java\",\"args\":[\"-Dgoogle.cloud_firestore.debug_log_level=FINE\",\"-Duser.language=en\",\"-jar\",\"/nix/store/3j1y38zp0l5fzbc60qxsn8f62pcn7bpg-emulators/cloud-firestore-emulator-v1.19.8.jar\",\"--host\",\"127.0.0.1\",\"--port\",8080,\"--websocket_port\",9150,\"--project_id\",\"demo-app\",\"--rules\",\"/home/user/studio/firestore.rules\",\"--single_project_mode\",true],\"optionalArgs\":[\"port\",\"webchannel_port\",\"host\",\"rules\",\"websocket_port\",\"functions_emulator\",\"seed_from_export\",\"project_id\",\"single_project_mode\"],\"joinArgs\":false,\"shell\":false,\"port\":8080}"}}
[info] i  firestore: Firestore Emulator logging to firestore-debug.log {"metadata":{"emulator":{"name":"firestore"},"message":"Firestore Emulator logging to firestore-debug.log"}}
[debug] [2025-10-01T13:38:44.664Z] Oct 01, 2025 1:38:44 PM com.google.cloud.datastore.emulator.firestore.websocket.WebSocketServer start
INFO: Started WebSocket server on ws://127.0.0.1:9150
 {"metadata":{"emulator":{"name":"firestore"},"message":"Oct 01, 2025 1:38:44 PM com.google.cloud.datastore.emulator.firestore.websocket.WebSocketServer start\nINFO: Started WebSocket server on ws://127.0.0.1:9150\n"}}
[debug] [2025-10-01T13:38:44.736Z] API endpoint: http:// {"metadata":{"emulator":{"name":"firestore"},"message":"API endpoint: http://"}}
[debug] [2025-10-01T13:38:44.738Z] 127.0.0.1:8080
If you are using a library that supports the FIRESTORE_EMULATOR_HOST environment variable, run:

   export FIRESTORE_EMULATOR_HOST=127.0.0.1:8080

If you are running a Firestore in Datastore Mode project, run:

   export DATASTORE_EMULATOR_HOST=127.0.0.1:8080

Note: Support for Datastore Mode is in preview. If you encounter any bugs please file at https://github.com/firebase/firebase-tools/issues.
Dev App Server is now running.

 {"metadata":{"emulator":{"name":"firestore"},"message":"127.0.0.1:8080\nIf you are using a library that supports the FIRESTORE_EMULATOR_HOST environment variable, run:\n\n   export FIRESTORE_EMULATOR_HOST=127.0.0.1:8080\n\nIf you are running a Firestore in Datastore Mode project, run:\n\n   export DATASTORE_EMULATOR_HOST=127.0.0.1:8080\n\nNote: Support for Datastore Mode is in preview. If you encounter any bugs please file at https://github.com/firebase/firebase-tools/issues.\nDev App Server is now running.\n\n"}}
[info] ✔  firestore: Firestore Emulator UI websocket is running on 9150. {"metadata":{"emulator":{"name":"firestore"},"message":"Firestore Emulator UI websocket is running on 9150."}}
[debug] [2025-10-01T13:38:44.883Z] Could not find VSCode notification endpoint: FetchError: request to http://localhost:40001/vscode/notify failed, reason: connect ECONNREFUSED 127.0.0.1:40001. If you are not running the Firebase Data Connect VSCode extension, this is expected and not an issue.
[info] 
┌─────────────────────────────────────────────────────────────┐
│ ✔  All emulators ready! It is now safe to connect your app. │
│ i  View Emulator UI at http://127.0.0.1:4000/               │
└─────────────────────────────────────────────────────────────┘

┌───────────┬────────────────┬─────────────────────────────────┐
│ Emulator  │ Host:Port      │ View in Emulator UI             │
├───────────┼────────────────┼─────────────────────────────────┤
│ Firestore │ 127.0.0.1:8080 │ http://127.0.0.1:4000/firestore │
└───────────┴────────────────┴─────────────────────────────────┘
  Emulator Hub host: 127.0.0.1 port: 4400
  Other reserved ports: 4500, 9150

Issues? Report them at https://github.com/firebase/firebase-tools/issues and attach the *-debug.log files.
 
[debug] [2025-10-01T13:39:23.680Z] Oct 01, 2025 1:39:23 PM io.gapi.emulators.netty.HttpVersionRoutingHandler channelRead
INFO: Detected non-HTTP/2 connection.
 {"metadata":{"emulator":{"name":"firestore"},"message":"Oct 01, 2025 1:39:23 PM io.gapi.emulators.netty.HttpVersionRoutingHandler channelRead\nINFO: Detected non-HTTP/2 connection.\n"}}
[debug] [2025-10-01T13:39:26.612Z] Oct 01, 2025 1:39:26 PM com.google.cloud.datastore.emulator.firestore.websocket.WebSocketChannelHandler initChannel
INFO: Connected to new websocket client
 {"metadata":{"emulator":{"name":"firestore"},"message":"Oct 01, 2025 1:39:26 PM com.google.cloud.datastore.emulator.firestore.websocket.WebSocketChannelHandler initChannel\nINFO: Connected to new websocket client\n"}}
[debug] [2025-10-01T13:39:27.328Z] Oct 01, 2025 1:39:27 PM io.grpc.netty.NettyServerTransport notifyTerminated
INFO: Transport failed
io.netty.handler.codec.http2.Http2Exception: Unexpected HTTP/1.x request: GET / 
	at io.netty.handler.codec.http2.Http2Exception.connectionError(Http2Exception.java:107)
	at io.netty.handler.codec.http2.Http2ConnectionHandler$PrefaceDecoder.readClientPrefaceString(Http2ConnectionHandler.java:315)
	at io.netty.handler.codec.http2.Http2ConnectionHandler$PrefaceDecoder.decode(Http2ConnectionHandler.java:245)
	at io.netty.handler.codec.http2.Http2ConnectionHandler.decode(Http2ConnectionHandler.java:451)
	at io.netty.handler.codec.ByteToMessageDecoder.decodeRemovalReentryProtection(ByteToMessageDecoder.java:530)
	at io.netty.handler.codec.ByteToMessageDecoder.callDecode(ByteToMessageDecoder.java:469)
	at io.netty.handler.codec.ByteToMessageDecoder.channelRead(ByteToMessageDecoder.java:290)
	at io.netty.channel.AbstractChannelHandlerContext.invokeChannelRead(AbstractChannelHandlerContext.java:444)
	at io.netty.channel.AbstractChannelHandlerContext.invokeChannelRead(AbstractChannelHandlerContext.java:420)
	at io.netty.channel.AbstractChannelHandlerContext.fireChannelRead(AbstractChannelHandlerContext.java:412)
	at io.netty.channel.DefaultChannelPipeline$HeadContext.channelRead(DefaultChannelPipeline.java:1407)
	at io.netty.channel.AbstractChannelHandlerContext.invokeChannelRead(AbstractChannelHandlerContext.java:440)
	at io.netty.channel.AbstractChannelHandlerContext.invokeChannelRead(AbstractChannelHandlerContext.java:420)
	at io.netty.channel.DefaultChannelPipeline.fireChannelRead(DefaultChannelPipeline.java:918)
	at io.netty.channel.nio.AbstractNioByteChannel$NioByteUnsafe.read(AbstractNioByteChannel.java:166)
	at io.netty.channel.nio.NioEventLoop.processSelectedKey(NioEventLoop.java:788)
	at io.netty.channel.nio.NioEventLoop.processSelectedKeysOptimized(NioEventLoop.java:724)
	at io.netty.channel.nio.NioEventLoop.processSelectedKeys(NioEventLoop.java:650)
	at io.netty.channel.nio.NioEventLoop.run(NioEventLoop.java:562)
	at io.netty.util.concurrent.SingleThreadEventExecutor$4.run(SingleThreadEventExecutor.java:994)
	at io.netty.util.internal.ThreadExecutorMap$2.run(ThreadExecutorMap.java:74)
	at io.netty.util.concurrent.FastThreadLocalRunnable.run(FastThreadLocalRunnable.java:30)
	at java.base/java.lang.Thread.run(Thread.java:1583)

 {"metadata":{"emulator":{"name":"firestore"},"message":"Oct 01, 2025 1:39:27 PM io.grpc.netty.NettyServerTransport notifyTerminated\nINFO: Transport failed\nio.netty.handler.codec.http2.Http2Exception: Unexpected HTTP/1.x request: GET / \n\tat io.netty.handler.codec.http2.Http2Exception.connectionError(Http2Exception.java:107)\n\tat io.netty.handler.codec.http2.Http2ConnectionHandler$PrefaceDecoder.readClientPrefaceString(Http2ConnectionHandler.java:315)\n\tat io.netty.handler.codec.http2.Http2ConnectionHandler$PrefaceDecoder.decode(Http2ConnectionHandler.java:245)\n\tat io.netty.handler.codec.http2.Http2ConnectionHandler.decode(Http2ConnectionHandler.java:451)\n\tat io.netty.handler.codec.ByteToMessageDecoder.decodeRemovalReentryProtection(ByteToMessageDecoder.java:530)\n\tat io.netty.handler.codec.ByteToMessageDecoder.callDecode(ByteToMessageDecoder.java:469)\n\tat io.netty.handler.codec.ByteToMessageDecoder.channelRead(ByteToMessageDecoder.java:290)\n\tat io.netty.channel.AbstractChannelHandlerContext.invokeChannelRead(AbstractChannelHandlerContext.java:444)\n\tat io.netty.channel.AbstractChannelHandlerContext.invokeChannelRead(AbstractChannelHandlerContext.java:420)\n\tat io.netty.channel.AbstractChannelHandlerContext.fireChannelRead(AbstractChannelHandlerContext.java:412)\n\tat io.netty.channel.DefaultChannelPipeline$HeadContext.channelRead(DefaultChannelPipeline.java:1407)\n\tat io.netty.channel.AbstractChannelHandlerContext.invokeChannelRead(AbstractChannelHandlerContext.java:440)\n\tat io.netty.channel.AbstractChannelHandlerContext.invokeChannelRead(AbstractChannelHandlerContext.java:420)\n\tat io.netty.channel.DefaultChannelPipeline.fireChannelRead(DefaultChannelPipeline.java:918)\n\tat io.netty.channel.nio.AbstractNioByteChannel$NioByteUnsafe.read(AbstractNioByteChannel.java:166)\n\tat io.netty.channel.nio.NioEventLoop.processSelectedKey(NioEventLoop.java:788)\n\tat io.netty.channel.nio.NioEventLoop.processSelectedKeysOptimized(NioEventLoop.java:724)\n\tat io.netty.channel.nio.NioEventLoop.processSelectedKeys(NioEventLoop.java:650)\n\tat io.netty.channel.nio.NioEventLoop.run(NioEventLoop.java:562)\n\tat io.netty.util.concurrent.SingleThreadEventExecutor$4.run(SingleThreadEventExecutor.java:994)\n\tat io.netty.util.internal.ThreadExecutorMap$2.run(ThreadExecutorMap.java:74)\n\tat io.netty.util.concurrent.FastThreadLocalRunnable.run(FastThreadLocalRunnable.java:30)\n\tat java.base/java.lang.Thread.run(Thread.java:1583)\n\n"}}
[debug] [2025-10-01T13:39:27.465Z] Oct 01, 2025 1:39:27 PM io.grpc.netty.NettyServerTransport notifyTerminated
INFO: Transport failed
io.netty.handler.codec.http2.Http2Exception: HTTP/2 client preface string missing or corrupt. Hex dump for received bytes: 16030105a8010005a40303ea4acbbad109b060ccdc150e90
	at io.netty.handler.codec.http2.Http2Exception.connectionError(Http2Exception.java:107)
	at io.netty.handler.codec.http2.Http2ConnectionHandler$PrefaceDecoder.readClientPrefaceString(Http2ConnectionHandler.java:319)
	at io.netty.handler.codec.http2.Http2ConnectionHandler$PrefaceDecoder.decode(Http2ConnectionHandler.java:245)
	at io.netty.handler.codec.http2.Http2ConnectionHandler.decode(Http2ConnectionHandler.java:451)
	at io.netty.handler.codec.ByteToMessageDecoder.decodeRemovalReentryProtection(ByteToMessageDecoder.java:530)
	at io.netty.handler.codec.ByteToMessageDecoder.callDecode(ByteToMessageDecoder.java:469)
	at io.netty.handler.codec.ByteToMessageDecoder.channelRead(ByteToMessageDecoder.java:290)
	at io.netty.channel.AbstractChannelHandlerContext.invokeChannelRead(AbstractChannelHandlerContext.java:444)
	at io.netty.channel.AbstractChannelHandlerContext.invokeChannelRead(AbstractChannelHandlerContext.java:420)
	at io.netty.channel.AbstractChannelHandlerContext.fireChannelRead(AbstractChannelHandlerContext.java:412)
	at io.netty.channel.DefaultChannelPipeline$HeadContext.channelRead(DefaultChannelPipeline.java:1407)
	at io.netty.channel.AbstractChannelHandlerContext.invokeChannelRead(AbstractChannelHandlerContext.java:440)
	at io.netty.channel.AbstractChannelHandlerContext.invokeChannelRead(AbstractChannelHandlerContext.java:420)
	at io.netty.channel.DefaultChannelPipeline.fireChannelRead(DefaultChannelPipeline.java:918)
	at io.netty.channel.nio.AbstractNioByteChannel$NioByteUnsafe.read(AbstractNioByteChannel.java:166)
	at io.netty.channel.nio.NioEventLoop.processSelectedKey(NioEventLoop.java:788)
	at io.netty.channel.nio.NioEventLoop.processSelectedKeysOptimized(NioEventLoop.java:724)
	at io.netty.channel.nio.NioEventLoop.processSelectedKeys(NioEventLoop.java:650)
	at io.netty.channel.nio.NioEventLoop.run(NioEventLoop.java:562)
	at io.netty.util.concurrent.SingleThreadEventExecutor$4.run(SingleThreadEventExecutor.java:994)
	at io.netty.util.internal.ThreadExecutorMap$2.run(ThreadExecutorMap.java:74)
	at io.netty.util.concurrent.FastThreadLocalRunnable.run(FastThreadLocalRunnable.java:30)
	at java.base/java.lang.Thread.run(Thread.java:1583)

 {"metadata":{"emulator":{"name":"firestore"},"message":"Oct 01, 2025 1:39:27 PM io.grpc.netty.NettyServerTransport notifyTerminated\nINFO: Transport failed\nio.netty.handler.codec.http2.Http2Exception: HTTP/2 client preface string missing or corrupt. Hex dump for received bytes: 16030105a8010005a40303ea4acbbad109b060ccdc150e90\n\tat io.netty.handler.codec.http2.Http2Exception.connectionError(Http2Exception.java:107)\n\tat io.netty.handler.codec.http2.Http2ConnectionHandler$PrefaceDecoder.readClientPrefaceString(Http2ConnectionHandler.java:319)\n\tat io.netty.handler.codec.http2.Http2ConnectionHandler$PrefaceDecoder.decode(Http2ConnectionHandler.java:245)\n\tat io.netty.handler.codec.http2.Http2ConnectionHandler.decode(Http2ConnectionHandler.java:451)\n\tat io.netty.handler.codec.ByteToMessageDecoder.decodeRemovalReentryProtection(ByteToMessageDecoder.java:530)\n\tat io.netty.handler.codec.ByteToMessageDecoder.callDecode(ByteToMessageDecoder.java:469)\n\tat io.netty.handler.codec.ByteToMessageDecoder.channelRead(ByteToMessageDecoder.java:290)\n\tat io.netty.channel.AbstractChannelHandlerContext.invokeChannelRead(AbstractChannelHandlerContext.java:444)\n\tat io.netty.channel.AbstractChannelHandlerContext.invokeChannelRead(AbstractChannelHandlerContext.java:420)\n\tat io.netty.channel.AbstractChannelHandlerContext.fireChannelRead(AbstractChannelHandlerContext.java:412)\n\tat io.netty.channel.DefaultChannelPipeline$HeadContext.channelRead(DefaultChannelPipeline.java:1407)\n\tat io.netty.channel.AbstractChannelHandlerContext.invokeChannelRead(AbstractChannelHandlerContext.java:440)\n\tat io.netty.channel.AbstractChannelHandlerContext.invokeChannelRead(AbstractChannelHandlerContext.java:420)\n\tat io.netty.channel.DefaultChannelPipeline.fireChannelRead(DefaultChannelPipeline.java:918)\n\tat io.netty.channel.nio.AbstractNioByteChannel$NioByteUnsafe.read(AbstractNioByteChannel.java:166)\n\tat io.netty.channel.nio.NioEventLoop.processSelectedKey(NioEventLoop.java:788)\n\tat io.netty.channel.nio.NioEventLoop.processSelectedKeysOptimized(NioEventLoop.java:724)\n\tat io.netty.channel.nio.NioEventLoop.processSelectedKeys(NioEventLoop.java:650)\n\tat io.netty.channel.nio.NioEventLoop.run(NioEventLoop.java:562)\n\tat io.netty.util.concurrent.SingleThreadEventExecutor$4.run(SingleThreadEventExecutor.java:994)\n\tat io.netty.util.internal.ThreadExecutorMap$2.run(ThreadExecutorMap.java:74)\n\tat io.netty.util.concurrent.FastThreadLocalRunnable.run(FastThreadLocalRunnable.java:30)\n\tat java.base/java.lang.Thread.run(Thread.java:1583)\n\n"}}
[debug] [2025-10-01T13:39:36.406Z] Oct 01, 2025 1:39:36 PM com.google.cloud.datastore.emulator.firestore.websocket.WebSocketChannelHandler initChannel
INFO: Connected to new websocket client
 {"metadata":{"emulator":{"name":"firestore"},"message":"Oct 01, 2025 1:39:36 PM com.google.cloud.datastore.emulator.firestore.websocket.WebSocketChannelHandler initChannel\nINFO: Connected to new websocket client\n"}}
